-- phpMyAdmin SQL Dump
-- version 5.2.3
-- https://www.phpmyadmin.net/
--
-- Servidor: db
-- Tiempo de generación: 06-12-2025 a las 18:17:37
-- Versión del servidor: 5.7.44
-- Versión de PHP: 8.3.26

SET SQL_MODE = "NO_AUTO_VALUE_ON_ZERO";
START TRANSACTION;
SET time_zone = "+00:00";


/*!40101 SET @OLD_CHARACTER_SET_CLIENT=@@CHARACTER_SET_CLIENT */;
/*!40101 SET @OLD_CHARACTER_SET_RESULTS=@@CHARACTER_SET_RESULTS */;
/*!40101 SET @OLD_COLLATION_CONNECTION=@@COLLATION_CONNECTION */;
/*!40101 SET NAMES utf8mb4 */;

--
-- Base de datos: `constructora_prod`
--

-- --------------------------------------------------------

--
-- Estructura de tabla para la tabla `advertisement`
--

CREATE TABLE `advertisement` (
  `advertisement_id` int(11) NOT NULL,
  `title` varchar(255) DEFAULT NULL,
  `description` text,
  `status` tinyint(1) DEFAULT NULL,
  `start_date` date DEFAULT NULL,
  `end_date` date DEFAULT NULL
) ENGINE=InnoDB DEFAULT CHARSET=utf8mb4;

-- --------------------------------------------------------

--
-- Estructura de tabla para la tabla `company`
--

CREATE TABLE `company` (
  `company_id` int(11) NOT NULL,
  `name` varchar(255) DEFAULT NULL,
  `phone` varchar(50) DEFAULT NULL,
  `address` text,
  `contact_name` varchar(255) DEFAULT NULL,
  `contact_email` varchar(255) DEFAULT NULL,
  `created_at` datetime DEFAULT NULL,
  `updated_at` datetime DEFAULT NULL
) ENGINE=InnoDB DEFAULT CHARSET=utf8mb4;

--
-- Volcado de datos para la tabla `company`
--

INSERT INTO `company` (`company_id`, `name`, `phone`, `address`, `contact_name`, `contact_email`, `created_at`, `updated_at`) VALUES
(5, 'E. R. SNELL CONTRACTOR, INC. ', '', '', 'Mandy Higginbotham', '', '2024-07-08 14:18:43', NULL),
(6, 'GRADWELL', '', '', 'Cliff Gradwell', '', '2024-07-08 15:17:45', '2024-07-08 16:18:04'),
(7, 'C. W. MATTHEWS CONTRACTING CO., INC.', '', '', 'Penny Wilson', '', '2024-07-08 16:02:45', '2024-07-09 20:22:57'),
(8, 'WEBBER-UNITED, LLC.', '', '', 'Alan Jara', '', '2024-07-08 16:16:41', '2024-07-10 18:18:58'),
(9, 'REEVES CONSTRUCTION COMPANY', '', '', 'Michael Schiver', '', '2024-07-09 14:08:15', '2024-07-09 20:08:50'),
(10, 'STEWART BROTHERS, INC.', '', '', 'Susa Shelton', '', '2024-07-09 15:45:49', NULL),
(11, 'REEDWICK, LLC', '', '', 'Dan Kelly', '', '2024-07-09 16:04:09', NULL),
(12, 'PITTMAN CONSTRUCTION CO INC', '', '', 'Robert Moon', '', '2024-07-09 16:05:43', '2024-07-09 18:50:05'),
(13, 'APAC-ATLANTIC, INC. ', '', '', NULL, '', '2024-07-09 18:45:49', '2024-11-11 19:57:17'),
(14, 'AMERICAN LIGHTING & SIGNALIZATION, LLC.', '', '', NULL, NULL, '2024-07-09 18:49:38', '2025-09-12 00:18:45'),
(15, 'ARCHER WESTERN CONSTRUCTION', '', '', 'Maria Paz Blanco', '', '2024-07-09 19:07:16', NULL),
(16, 'ASTRA GROUP, LLC', '', '', 'Kyle Wright', '', '2024-07-09 19:11:31', NULL),
(17, 'BALDWIN PAVING COMPANY, INC', '', '', NULL, '', '2024-07-09 19:14:13', '2024-12-12 17:58:11'),
(18, 'BALFOUR BEATTY INFRASTRUCTURE, INC.', '', '', 'Nancy Huggins', '', '2024-07-09 19:17:11', NULL),
(19, 'BARTOW PAVING COMPANY, INC.', '', '', 'Landis Carnes', '', '2024-07-09 19:19:21', NULL),
(20, 'BEAM\'S CONTRACTING, INC.', '', '', 'Corey Forrest', '', '2024-07-09 19:22:04', NULL),
(21, 'BM&K CONSTRUCTION & ENGINEERING, INC.', '', '', 'TOM DUNAHOO', '', '2024-07-09 19:24:56', NULL),
(22, 'BRASFIELD & GORRIE, L.L.C.', '', '', 'Brian Szoch', '', '2024-07-09 19:28:41', '2024-07-09 19:29:44'),
(23, 'BROOKS-BERRY-HAYNIE & ASSOCIATES, INC.', '', '', 'Nathan Allen', '', '2024-07-09 19:35:25', NULL),
(24, 'C & H PAVING, INC', '', '', 'Corey Forrest', '', '2024-07-09 20:02:13', NULL),
(25, 'C&S CONTRACTING CO., LLC', '', '', 'Shriji Suhagia', '', '2024-07-09 20:06:00', NULL),
(26, 'CMES, INC.', '', '', 'Vigul Patel', '', '2024-07-09 20:08:32', NULL),
(28, 'COLWELL CONSTRUCTION COMPANY, INC.', '', '', 'Luke Colwell', '', '2024-07-09 20:12:41', NULL),
(29, 'COMANCHE CONSTRUCTION OF GEORGIA, LLC', '', '', NULL, '', '2024-07-09 20:14:44', '2024-11-11 19:57:35'),
(30, 'THE CORBETT GROUP, LLC', '', '', 'N/A', '', '2024-07-09 20:17:40', '2024-07-09 20:19:57'),
(31, 'DUNN WORKS', '', '', 'N/A', '', '2024-07-09 20:20:39', NULL),
(32, 'EARTH-SCRAPES, INC.', '', '', 'N/A', '', '2024-07-09 20:22:06', NULL),
(33, 'EAST COAST ASPHALT LLC', '', '', 'N/A', '', '2024-07-09 20:24:29', NULL),
(34, 'EVERETT DYKES GRASSING CO, INC.', '', '', 'N/A', '', '2024-07-09 20:25:20', NULL),
(35, 'COLDITZ TRUCKING, INC', '', '', 'Will Donaldson', '', '2024-07-09 20:43:09', '2024-07-10 14:48:59'),
(36, 'WRIGHT BROTHERS CONSTRUCTION COMPANY, INC.', '', '', NULL, '', '2024-10-03 16:32:16', NULL),
(37, 'The Scruggs Company dba Robinson Paving', '', '', NULL, '', '2024-10-04 18:50:40', NULL),
(38, 'Southeastern Site Development INC', '', '', NULL, '', '2024-10-10 19:13:54', NULL),
(39, 'Talley Construction Company Inc', '', '', NULL, '', '2024-10-10 19:40:49', NULL),
(40, 'Griffin Grading & Concrete LLC', '', '', NULL, '', '2024-11-07 14:15:34', NULL),
(41, 'RIVERSIDE TRAFFIC SOLUTIONS LLC', '', '', NULL, '', '2024-11-26 16:29:36', NULL),
(42, 'Scott Bridge Company Inc', '', '', NULL, '', '2025-01-20 18:57:34', NULL),
(43, 'Wilson Construction Management', '', '', NULL, '', '2025-01-31 14:41:38', NULL),
(44, 'Wilburn Engineering', '', '', NULL, '', '2025-01-31 15:29:38', NULL),
(45, 'United Infrastructure Group', '', '', NULL, '', '2025-02-03 21:18:28', NULL),
(46, 'TEST TEST CO.', '', '', NULL, '', '2025-02-10 16:41:16', NULL),
(47, 'Savannah Mobility Contractors', '', '', NULL, '', '2025-02-11 21:06:06', NULL),
(48, 'GEORGIA BRIDGE & CONCRETE', '', '', NULL, '', '2025-02-13 15:10:46', NULL);

-- --------------------------------------------------------

--
-- Estructura de tabla para la tabla `company_contact`
--

CREATE TABLE `company_contact` (
  `contact_id` int(11) NOT NULL,
  `name` varchar(255) DEFAULT NULL,
  `email` varchar(255) DEFAULT NULL,
  `phone` varchar(50) DEFAULT NULL,
  `role` varchar(255) DEFAULT NULL,
  `notes` text,
  `company_id` int(11) DEFAULT NULL
) ENGINE=InnoDB DEFAULT CHARSET=utf8mb4;

--
-- Volcado de datos para la tabla `company_contact`
--

INSERT INTO `company_contact` (`contact_id`, `name`, `email`, `phone`, `role`, `notes`, `company_id`) VALUES
(3, 'Kay Kelly', '', '', NULL, NULL, 37),
(4, 'COM34018 Gustavo Gimenez', '', '', NULL, NULL, 29),
(5, 'Alejandro Gomez', '', '', 'Adminstrator', 'Contact for Job GGC78001', 40),
(6, 'BRANDON ORAVETZ', '', '', '', '', 41),
(7, 'Emily Wallace', '', '', 'Business Manager', '', 41),
(9, 'Marcel Curbelo Carmona', 'cyborgmnk@gmail.com', '955383354', '', ' ', 6),
(10, 'Geydis Marquez', 'geydismarquezplanes@gmail.com', '955383354', 'Obrero', 'test ', 35),
(11, 'Brian Marcel', 'brianmarcelcurbelomarquez@gmail.com', '323434543543', 'Obrero', ' sdfsdf', 13),
(12, 'hjhjhhj', '', '', '', '', 43);

-- --------------------------------------------------------

--
-- Estructura de tabla para la tabla `concrete_class`
--

CREATE TABLE `concrete_class` (
  `concrete_class_id` int(11) NOT NULL,
  `name` varchar(255) NOT NULL,
  `status` tinyint(1) DEFAULT NULL
) ENGINE=InnoDB DEFAULT CHARSET=utf8mb4;

--
-- Volcado de datos para la tabla `concrete_class`
--

INSERT INTO `concrete_class` (`concrete_class_id`, `name`, `status`) VALUES
(1, 'Class A', 1),
(2, 'Class B', 1),
(3, 'Class C', 1);

-- --------------------------------------------------------

--
-- Estructura de tabla para la tabla `concrete_vendor`
--

CREATE TABLE `concrete_vendor` (
  `vendor_id` int(11) NOT NULL,
  `name` varchar(255) DEFAULT NULL,
  `address` text,
  `phone` varchar(50) DEFAULT NULL,
  `contact_name` varchar(255) DEFAULT NULL,
  `contact_email` varchar(255) DEFAULT NULL
) ENGINE=InnoDB DEFAULT CHARSET=utf8mb4;

--
-- Volcado de datos para la tabla `concrete_vendor`
--

INSERT INTO `concrete_vendor` (`vendor_id`, `name`, `address`, `phone`, `contact_name`, `contact_email`) VALUES
(1, 'ARGOS', '', '', '', ''),
(2, 'ERNST', '', '', '', ''),
(3, 'ARG', 'Paso el roble 50', '(353)453-4543', NULL, 'cyborgmnk@gmail.com'),
(4, 'WDC', '', '', '', ''),
(5, 'USA', '', '', '', ''),
(6, 'PLATINUM', '', '', '', ''),
(7, 'KNIGHTS', '', '', '', ''),
(8, 'OCONEE', '', '', '', ''),
(9, 'THOMAS', '', '', '', ''),
(10, 'RIVER ROAD', '', '', '', ''),
(11, 'WAYNESBORO', '', '', '', ''),
(12, 'THOMSON', '', '', '', ''),
(13, 'BASIC', '', '', '', ''),
(14, 'MORGAN', '', '', '', ''),
(15, 'FOWLER', '', '', '', ''),
(16, 'SRM', '', '', '', ''),
(17, 'WALKER', '', '', '', ''),
(18, 'NA', '', '', '', ''),
(19, 'LYONS/EVANS', '', '', '', ''),
(20, 'CONCRETE ENTERPRISES', '', '', '', '');

-- --------------------------------------------------------

--
-- Estructura de tabla para la tabla `concrete_vendor_contact`
--

CREATE TABLE `concrete_vendor_contact` (
  `contact_id` int(11) NOT NULL,
  `name` varchar(255) DEFAULT NULL,
  `email` varchar(255) DEFAULT NULL,
  `phone` varchar(50) DEFAULT NULL,
  `role` varchar(50) DEFAULT NULL,
  `notes` text,
  `vendor_id` int(11) DEFAULT NULL
) ENGINE=InnoDB DEFAULT CHARSET=utf8mb4;

--
-- Volcado de datos para la tabla `concrete_vendor_contact`
--

INSERT INTO `concrete_vendor_contact` (`contact_id`, `name`, `email`, `phone`, `role`, `notes`, `vendor_id`) VALUES
(2, 'Marcel Curbelo Carmona', 'cyborgmnk@gmail.com', '(955)383-3543', 'sad fsdfsd', 'f sdf sd fdsf f df dsf', 3),
(3, 'Andres Iglesisas', 'admin@admin.com', '(234)324-2343', '', '', 3);

-- --------------------------------------------------------

--
-- Estructura de tabla para la tabla `county`
--

CREATE TABLE `county` (
  `county_id` int(11) NOT NULL,
  `description` varchar(255) DEFAULT NULL,
  `status` tinyint(1) DEFAULT NULL,
  `district_id` int(11) DEFAULT NULL
) ENGINE=InnoDB DEFAULT CHARSET=utf8mb4;

--
-- Volcado de datos para la tabla `county`
--

INSERT INTO `county` (`county_id`, `description`, `status`, `district_id`) VALUES
(1, 'Deploy', 0, NULL),
(2, 'DeKalb', 1, NULL),
(3, 'CLARKE', 1, NULL),
(4, 'HOUSTON', 1, NULL),
(5, 'BIBB', 1, NULL),
(6, 'JACKSON', 1, NULL),
(7, 'JEFFERSON', 1, NULL),
(8, 'FULTON', 1, NULL),
(9, 'ROCKDALE ', 1, NULL),
(10, 'HAMILTON', 1, NULL),
(11, 'Henry', 1, NULL),
(12, 'Cobb', 1, NULL),
(13, 'Hall', 1, NULL),
(14, 'Gwinnett', 1, NULL),
(15, 'Cobb Fulton', 1, NULL),
(16, 'Oconee', 1, NULL),
(17, 'Muscogee', 1, NULL),
(18, 'Dade', 1, NULL),
(19, 'Habersham', 1, NULL),
(20, 'HJAIA', 1, NULL),
(21, 'HEARD', 1, NULL),
(22, 'CLAYTON', 1, NULL),
(23, 'COWETA', 1, NULL),
(24, 'CARROLL', 1, NULL),
(25, 'GWINNETT & FULTON', 1, NULL),
(26, 'CITY OF SANDY SPRINGS', 1, NULL),
(27, 'CHATHAM, EFFINGHAM', 1, NULL),
(28, 'CHATHAM', 1, NULL),
(29, 'PAULDING', 1, NULL),
(30, 'CHEROKEE', 1, NULL),
(31, 'GILMER', 1, NULL),
(32, 'POLK', 1, NULL),
(33, 'HARALSON', 1, NULL),
(34, 'BARROW', 1, NULL),
(35, 'RICHMOND', 1, NULL),
(36, 'PAULING', 1, NULL),
(37, 'COLUMBIA', 1, NULL),
(38, 'JASPER, NEWTON', 1, NULL),
(39, 'DOUGLAS', 1, NULL),
(40, 'FANNIN', 1, NULL),
(41, 'WALTON', 1, NULL),
(42, 'CLAYTON, HENRY', 1, NULL),
(43, 'JASPER, MONROE', 1, NULL),
(44, 'ELBERT', 1, NULL),
(45, 'AUGUSTA', 1, 1),
(46, 'MORGAN', 1, NULL),
(47, 'CITY OF ROSWELL', 1, NULL),
(48, 'MADISON', 1, NULL),
(49, 'TROUP', 1, NULL),
(50, 'WARREN', 1, NULL),
(51, 'FOREST PARK', 1, NULL),
(52, 'DEKALB, HENRY', 1, NULL),
(53, 'RABUN', 1, NULL),
(54, 'NEWTON', 1, NULL),
(55, 'DEKALB, FULTON', 1, NULL),
(56, 'EAST POINT', 1, NULL),
(57, 'COBB- HJAIA', 1, NULL),
(58, 'BRYAN', 1, NULL),
(59, 'BALDWIN', 1, NULL),
(60, 'WILKINSON', 1, NULL),
(61, 'BANKS', 1, NULL),
(62, 'FLOYD', 1, NULL),
(63, 'test', 1, NULL),
(64, 'BURKE', 1, NULL),
(65, 'COWETA, FULTON', 1, NULL),
(66, 'Walton, Morgan', 1, NULL),
(67, 'TALBERT', 1, NULL),
(68, 'TOWNS', 1, NULL),
(69, 'PEACH', 1, NULL),
(70, 'WALTON, NEWTON, MORGAN', 1, NULL),
(71, 'EFFINGHAM', 1, NULL),
(72, 'SPALDING', 1, NULL),
(73, 'FRANKLIN', 1, NULL),
(74, 'FAYETTE', 1, NULL),
(75, 'LIBERTY', 1, NULL),
(76, 'LAURENS', 1, NULL),
(77, 'TATTNALL, TOOMBS', 1, NULL),
(78, 'BULLOCH', 1, NULL),
(79, 'DOUGHERTY', 1, NULL),
(80, 'CITY OF ATLANTA', 1, NULL),
(81, 'LOWNDES', 1, NULL),
(82, 'ROCKDA', 1, NULL),
(83, 'SCREVEN', 1, NULL),
(84, 'CITY OF SAVANNAH', 1, NULL),
(85, 'HARRIS', 1, NULL),
(86, 'CAMPBELLTON', 1, NULL),
(87, 'GORDON', 1, NULL),
(88, 'Augusta-Richmond', 1, 1),
(89, 'EATONTON', 1, NULL),
(90, 'ROME', 1, NULL),
(91, 'MORGAN, NEWTON', 1, NULL),
(92, 'LINCOLN', 1, NULL),
(93, 'BARROW, GWINNETT', 1, NULL),
(94, 'CHATTAHOOCHEE', 1, NULL),
(95, 'TALLULAH FALLS', 1, NULL),
(96, 'FANNIN COUNTY', 1, NULL),
(97, 'CITY OF BALDWIN', 1, NULL),
(98, 'MORGAN, OGLETHORPE', 1, NULL),
(99, 'FLOYD, WALKER', 1, NULL),
(100, 'COBB, FULTON', 1, NULL),
(101, 'MONROE', 1, NULL),
(102, 'DADE GORDON WHITEFIELD', 1, NULL),
(103, 'UNION', 1, NULL),
(104, 'CATOOSA', 1, NULL),
(105, 'WALKER', 1, NULL),
(106, 'HENRY, NEWTON', 1, NULL),
(107, 'CHATTOOGA', 1, NULL),
(108, 'BARTOW', 1, NULL),
(109, 'TOOMBS', 1, NULL),
(110, 'JENKINS', 1, NULL),
(111, 'GREENE', 1, NULL),
(112, 'PULASKI', 1, NULL),
(113, 'COBB, PAULDING', 1, NULL),
(114, 'CAMDEN', 1, NULL),
(115, 'HJAIA- CITY OF ATLANTA', 1, NULL),
(116, 'DAWSON', 1, NULL),
(117, 'JONES', 1, NULL),
(118, 'TEFLFAIR', 1, NULL),
(119, 'FULTON/COBB', 1, NULL),
(120, 'Florida', 1, NULL);

-- --------------------------------------------------------

--
-- Estructura de tabla para la tabla `data_tracking`
--

CREATE TABLE `data_tracking` (
  `id` int(11) NOT NULL,
  `date` date DEFAULT NULL,
  `station_number` varchar(255) DEFAULT NULL,
  `measured_by` varchar(255) DEFAULT NULL,
  `conc_vendor` varchar(255) DEFAULT NULL,
  `crew_lead` varchar(255) DEFAULT NULL,
  `notes` text,
  `other_materials` text,
  `total_conc_used` decimal(18,2) DEFAULT NULL,
  `conc_price` decimal(18,2) DEFAULT NULL,
  `total_stamps` decimal(18,2) DEFAULT NULL,
  `total_people` decimal(18,2) NOT NULL,
  `overhead_price` decimal(18,2) NOT NULL,
  `color_used` decimal(18,2) DEFAULT NULL,
  `color_price` decimal(18,2) DEFAULT NULL,
  `pending` tinyint(1) DEFAULT NULL,
  `created_at` datetime DEFAULT NULL,
  `updated_at` datetime DEFAULT NULL,
  `project_id` int(11) DEFAULT NULL,
  `inspector_id` int(11) DEFAULT NULL,
  `overhead_price_id` int(11) DEFAULT NULL
) ENGINE=InnoDB DEFAULT CHARSET=utf8mb4;

--
-- Volcado de datos para la tabla `data_tracking`
--

INSERT INTO `data_tracking` (`id`, `date`, `station_number`, `measured_by`, `conc_vendor`, `crew_lead`, `notes`, `other_materials`, `total_conc_used`, `conc_price`, `total_stamps`, `total_people`, `overhead_price`, `color_used`, `color_price`, `pending`, `created_at`, `updated_at`, `project_id`, `inspector_id`, `overhead_price_id`) VALUES
(34, '2024-07-03', '', '', 'ARGOS', 'LUIS C, JOSE D, FRANCISCO G', 'POURED DITCH PAVING', '', 54.00, 150.00, 0.00, 0.00, 0.00, NULL, NULL, 0, '2024-07-09 15:04:55', '2024-07-09 18:37:53', 7, NULL, NULL),
(35, '2024-07-01', '', '', 'ARGOS', 'LUIS CORDOVA & MIGUEL MURILLO', 'LUIS(6.5):POURED CATCH BASIN THROATS\nMIGUEL(45): POURED ROLL CURB 6X24 --**RETURNED 9CY, TRUCK CRASHED INTO MACHINE ONLY USED 45**', '', 51.50, 150.00, 0.00, 0.00, 0.00, NULL, NULL, 0, '2024-07-09 15:28:29', '2024-07-09 18:34:56', 8, NULL, NULL),
(36, '2024-07-02', '', '', 'USA', 'CARLOS ARROYO', 'POURED DRIVEWAY 6IN', '', 1.00, 150.00, 0.00, 0.00, 0.00, NULL, NULL, 0, '2024-07-09 15:37:04', '2024-07-09 18:35:02', 9, NULL, NULL),
(37, '2024-07-02', '', '', 'THOMAS', 'VICTORINO LUNA', '', '', 27.00, 200.00, 0.00, 0.00, 0.00, NULL, NULL, 0, '2024-07-09 15:39:41', '2024-07-15 19:51:19', 12, NULL, NULL),
(38, '2024-07-02', '', '', '', 'FRANCISCO GUTIERREZ & JULIAN BAUTISTA', 'CLEAN UP\n\nGRIND TRUCKING: 1-LOAD DIRT 1-LOAD OF HAULING', '', 0.00, 150.00, 0.00, 0.00, 0.00, NULL, NULL, 0, '2024-07-09 18:30:18', '2024-07-09 18:37:13', 13, NULL, NULL),
(39, '2024-07-03', '', '', '', 'VICTOR CORDOVA', 'PUNCHLIST/CLEAN UP', '', 0.00, 0.00, 0.00, 0.00, 0.00, NULL, NULL, 0, '2024-07-09 18:31:59', '2024-07-09 18:37:47', 14, NULL, NULL),
(40, '2024-07-02', '', '', 'ARGOS', 'GERARDO ALVARADO', 'POURED SLOPE PAVING', '', 42.00, 150.00, 0.00, 0.00, 0.00, NULL, NULL, 0, '2024-07-09 18:39:07', NULL, 10, NULL, NULL),
(41, '2024-07-01', '', '', 'WALKER', 'GERARDO ALVARADO', 'POURED 1 DW @ 8IN, HC, C&G TP 2', '', 17.00, 189.20, 0.00, 0.00, 0.00, NULL, NULL, 0, '2024-07-09 18:40:29', '2024-07-10 14:54:59', 15, NULL, NULL),
(43, '2024-11-01', '', '', 'USA', 'CARLOS ARROYO', 'POURED RAMPS', '', 9.00, 150.00, 0.00, 4.00, 0.00, NULL, NULL, 0, '2024-11-13 21:19:40', NULL, 19, NULL, NULL),
(44, '2024-11-04', '', '', 'USA', 'CARLOS ARROYO', 'POURED CLASS B WIDEN', '', 54.00, 150.00, 0.00, 5.00, 0.00, NULL, NULL, 0, '2024-11-13 21:26:42', NULL, 19, NULL, NULL),
(45, '2024-11-06', '', '', '', 'CARLOS ARROYO', 'NO POUR', '', 0.00, 0.00, 0.00, 4.00, 0.00, NULL, NULL, 0, '2024-11-13 21:29:28', NULL, 19, NULL, NULL),
(46, '2024-11-07', '', '', 'USA', 'CARLOS ARROYO', 'POURED GRANITE CIRCULAR', '', 9.00, 150.00, 0.00, 4.00, 0.00, NULL, NULL, 0, '2024-11-13 21:32:41', NULL, 19, NULL, NULL),
(47, '2024-11-08', '', '', 'USA', 'CARLOS ARROYO', 'POURED SIDEWALK', '', 18.00, 150.00, 0.00, 4.00, 0.00, NULL, NULL, 0, '2024-11-13 21:33:33', NULL, 19, NULL, NULL),
(48, '2024-11-11', '', '', 'USA', 'CARLOS ARROYO', 'POURED CLASS B WIDEN', '', 63.00, 150.00, 0.00, 5.00, 0.00, NULL, NULL, 0, '2024-11-13 21:35:36', NULL, 19, NULL, NULL),
(49, '2024-11-01', '', '', 'WDC', 'FRANCISCO GUTIERREZ', 'POURED CATCH BASIN THROATS', '', 18.00, 150.00, 0.00, 4.00, 0.00, NULL, NULL, 0, '2024-11-13 21:43:18', NULL, 87, NULL, NULL),
(50, '2024-11-02', '', '', '', 'FRANCISCO GUTIERREZ', 'PREPPED TOPS', '', 0.00, 0.00, 0.00, 4.00, 0.00, NULL, NULL, 0, '2024-11-13 21:50:40', '2024-11-14 13:53:48', 87, NULL, NULL),
(51, '2024-11-04', '', '', 'WDC', 'FRANCISCO GUTIERREZ', 'POURED CATCH BASIN TOPS', '', 10.00, 150.00, 0.00, 5.00, 0.00, NULL, NULL, 0, '2024-11-14 14:21:12', NULL, 87, NULL, NULL),
(52, '2024-11-05', '', '', 'WDC', 'FRANCISCO GUTIERREZ', 'POURED CATCH BASIN TOPS', '', 6.50, 150.00, 0.00, 5.00, 0.00, NULL, NULL, 0, '2024-11-14 14:23:44', '2024-11-14 14:24:44', 87, NULL, NULL),
(53, '2024-11-06', '', '', 'WDC', 'FRANCISCO GUTIERREZ', 'POURED SIDEWALK', '', 18.00, 150.00, 0.00, 4.00, 0.00, NULL, NULL, 0, '2024-11-14 14:25:22', NULL, 87, NULL, NULL),
(54, '2024-11-07', '', '', 'THOMAS', 'FRANCISCO GUTIERREZ', 'POURED C&G TP2, DW, FLUMES, RAMPS, AND SW', '', 27.00, 150.00, 0.00, 5.00, 0.00, NULL, NULL, 0, '2024-11-14 15:27:49', NULL, 87, NULL, NULL),
(55, '2024-11-08', '', '', 'THOMAS', 'FRANCISCO GUTIERREZ', 'POURED C&G TP2, DW, RAMPS, SW', '', 27.00, 150.00, 0.00, 4.00, 0.00, NULL, NULL, 0, '2024-11-14 15:28:32', NULL, 87, NULL, NULL),
(56, '2024-11-11', '', '', 'THOMAS', 'CRUZ CORTEZ', 'POURED DW AND SW', '', 18.00, 150.00, 0.00, 4.00, 0.00, NULL, NULL, 0, '2024-11-14 15:29:11', NULL, 87, NULL, NULL),
(57, '2024-11-01', '', '', 'ARGOS', 'GERARDO ALVARADO', 'POURED CURB TP 9, CLASS B WIDEN?', '', 18.00, 150.00, 0.00, 4.00, 0.00, NULL, NULL, 0, '2024-11-14 15:31:34', '2024-11-14 15:31:51', 62, NULL, NULL),
(58, '2024-11-04', '', '', 'ARGOS', 'GERARDO ALVARADO ', 'POURED HEADER CURB TP 7 11X8', '', 3.50, 150.00, 0.00, 4.00, 0.00, NULL, NULL, 0, '2024-11-14 15:33:12', NULL, 62, NULL, NULL),
(59, '2024-11-05', '', '', 'ARGOS', 'GERARDO ALVARADO', 'POURED HEADER CURB TP 7', '', 6.00, 150.00, 0.00, 4.00, 0.00, NULL, NULL, 0, '2024-11-14 15:38:14', NULL, 62, NULL, NULL),
(60, '2024-11-06', '', '', 'ARGOS 150', 'GERARDO ALVARADO', 'POURED HEADER CURB TP 7, 6IN DW', '', 9.00, 0.00, 0.00, 4.00, 0.00, NULL, NULL, 0, '2024-11-14 15:38:46', NULL, 62, NULL, NULL),
(61, '2024-11-07', '', '', 'ARGOS ', 'GERARDO ALVARADO', 'POURED 2 DW @ 6IN', '', 18.00, 150.00, 0.00, 4.00, 0.00, NULL, NULL, 0, '2024-11-14 15:39:15', NULL, 62, NULL, NULL),
(62, '2024-11-08', '', '', 'ARGOS ', 'GERARDO ALVARADO', 'POURED DW @ 6 IN', '', 18.00, 150.00, 0.00, 4.00, 0.00, NULL, NULL, 0, '2024-11-14 15:39:47', NULL, 62, NULL, NULL),
(63, '2024-11-11', '', '', 'WDC', 'GERARDO ALVARADO', 'POURED RED STAMPED CONC AT ROUNDABOUT', '', 36.00, 150.00, 0.00, 4.00, 0.00, NULL, NULL, 0, '2024-11-14 15:40:18', '2024-11-14 15:40:35', 62, NULL, NULL),
(64, '2024-11-01', '', '', 'ARM', 'JOSE DUARTE', 'POURED CROSSWALKS', '', 5.00, 150.00, 0.00, 6.00, 0.00, NULL, NULL, 0, '2024-11-14 15:42:31', NULL, 77, NULL, NULL),
(65, '2024-11-04', '', '', 'AUGUSTA READY MIX', 'JOSE DUARTE', 'POURED C&G TP2, CROSSWALK', '', 12.00, 150.00, 0.00, 4.00, 0.00, NULL, NULL, 0, '2024-11-14 15:43:14', NULL, 77, NULL, NULL),
(66, '2024-11-05', '', '', 'AUGUSTA READY MIX', 'JOSE DUARTE', 'POURED CLASS B WIDEN, C&G TP 2, DW @ 6IN', '', 27.00, 150.00, 0.00, 4.00, 0.00, NULL, NULL, 0, '2024-11-14 15:44:42', NULL, 77, NULL, NULL),
(67, '2024-11-06', '', '', 'AUGUSTA READY MIX', 'JOSE DUARTE', 'POURED DW, RAMPS, & SW', '', 11.00, 150.00, 0.00, 5.00, 0.00, NULL, NULL, 0, '2024-11-14 15:45:21', NULL, 77, NULL, NULL),
(68, '2024-11-08', '', '', 'AUGUSTA READY MIX', 'JOSE DUARTE', 'POURED???', '', 24.00, 150.00, 0.00, 5.00, 0.00, NULL, NULL, 0, '2024-11-14 15:45:52', NULL, 77, NULL, NULL),
(69, '2024-11-11', '', '', 'AUGUSTA READY MIX', 'JOSE DUARTE', 'POURED DW @ 6IN', '', 11.00, 150.00, 0.00, 4.00, 0.00, NULL, NULL, 0, '2024-11-14 15:46:52', NULL, 77, NULL, NULL),
(70, '2024-11-01', '', '', 'ARGOS', 'VICTOR CORDOVA', 'POURED SW\nDEMO- 2 LOADS 8AM-3PM', '', 27.00, 150.00, 0.00, 5.00, 0.00, NULL, NULL, 0, '2024-11-14 15:55:41', NULL, 13, NULL, NULL),
(71, '2024-11-04', '', '', 'ARGOS', 'VICTOR CORDOVA', 'POURED SIDEWALK\nSELLAM DUMPTRUCK- 2 LOADS (3HR MIN)', '', 17.00, 150.00, 0.00, 6.00, 0.00, NULL, NULL, 0, '2024-11-14 15:57:35', NULL, 13, NULL, NULL),
(72, '2024-11-05', '', '', 'ARGOS', 'VICTOR CORDOVA', 'POURED SIDEWALK\nDEMO- 2 LOADS, TRUCK LEFT 2PM (NURA TRUCKING)', '', 18.00, 150.00, 0.00, 6.00, 0.00, NULL, NULL, 0, '2024-11-14 16:03:11', NULL, 13, NULL, NULL),
(73, '2024-11-06', '', '', '', 'VICTOR CORDOVA', 'DEMO- 1 LOAD\n\nFIX 2 TAPS DRILL DOWELLS TO HOLD IN PLACE.', '', 0.00, 0.00, 0.00, 5.00, 0.00, NULL, NULL, 0, '2024-11-14 16:04:23', NULL, 13, NULL, NULL),
(74, '2024-11-07', '', '', 'ARGOS', 'VICTOR CORDOVA', 'POURED SIDEWALK\nGRIND TRUCKING- 3 LOADS', '', 18.00, 150.00, 0.00, 5.00, 0.00, NULL, NULL, 0, '2024-11-14 16:05:23', NULL, 13, NULL, NULL),
(75, '2024-11-08', '', '', 'ARGOS ', 'VICTOR CORDOVA', 'POURED SIDEWALK\nDEMO- 3 LOADS, 8 HOURS (EWNET TRUCKING)', '', 27.00, 150.00, 0.00, 6.00, 0.00, NULL, NULL, 0, '2024-11-14 16:06:24', NULL, 13, NULL, NULL),
(76, '2024-11-11', '', '', 'ARGOS', 'VICTOR CORDOVA', 'POURED SIDEWALK\nDEMO- 2 LOADS (BELL\'S TRUCKING)', '', 30.00, 150.00, 0.00, 5.00, 0.00, NULL, NULL, 0, '2024-11-14 16:07:12', NULL, 13, NULL, NULL),
(77, '2024-11-23', '0', '', NULL, '3', '', '', NULL, NULL, 0.00, 3.00, 0.00, NULL, NULL, 0, '2024-11-24 02:28:48', '2024-11-24 03:12:51', 22, NULL, NULL),
(78, '2024-11-05', '', 'JUAN', NULL, 'LUIS', '', '', NULL, NULL, 0.00, 5.00, 0.00, NULL, NULL, 0, '2024-11-25 13:00:34', '2024-11-25 13:52:39', 37, NULL, NULL),
(79, '2024-11-06', '', 'JUAN', NULL, 'SUB VICTOR GARCIA', '', '', NULL, NULL, 0.00, 4.00, 0.00, NULL, NULL, 0, '2024-11-25 13:12:27', NULL, 37, NULL, NULL),
(80, '2024-11-07', '', 'JUAN', NULL, 'SUB VICTOR GARCIA', '1 TOP\n2 THROATS', '', NULL, NULL, 0.00, 4.00, 0.00, NULL, NULL, 0, '2024-11-25 13:16:16', NULL, 37, NULL, NULL),
(81, '2024-11-08', '', 'JUAN', NULL, 'SUB VICTOR GARCIA', '2 TOPS', '', NULL, NULL, 0.00, 4.00, 0.00, NULL, NULL, 0, '2024-11-25 13:18:50', NULL, 37, NULL, NULL),
(82, '2024-11-18', '', 'JUAN', NULL, 'SUB JAVIER LUNA', '', '', NULL, NULL, 0.00, 5.00, 286.00, NULL, NULL, 0, '2024-11-25 13:22:05', '2024-12-02 17:54:06', 46, NULL, NULL),
(83, '2024-11-12', '', 'JUAN', NULL, 'SUB VICTOR GARCIA', '', '', NULL, NULL, 0.00, 5.00, 286.00, NULL, NULL, 0, '2024-11-25 13:29:18', '2025-01-10 15:09:42', 53, NULL, NULL),
(84, '2024-12-02', '', '', NULL, 'CARLOS ARROYO', 'GRANITE STRAIGHT', '', NULL, NULL, 0.00, 4.00, 0.00, NULL, NULL, 0, '2024-12-17 15:53:42', NULL, 19, NULL, NULL),
(85, '2024-12-03', '', '', NULL, 'CARLOS ARROYO', 'POURED DW', '', NULL, NULL, 0.00, 4.00, 0.00, NULL, NULL, 0, '2024-12-17 15:57:57', NULL, 19, NULL, NULL),
(86, '2024-12-04', '', '', NULL, 'CARLOS ARROYO', 'POURED DW', '', NULL, NULL, 0.00, 4.00, 0.00, NULL, NULL, 0, '2024-12-17 15:58:29', NULL, 19, NULL, NULL),
(87, '2024-12-05', '', '', NULL, 'CARLOS ARROYO', 'POURED DW & SW', '', NULL, NULL, 0.00, 4.00, 0.00, NULL, NULL, 0, '2024-12-17 15:59:00', NULL, 19, NULL, NULL),
(88, '2024-12-06', '', '', NULL, 'CARLOS ARROYO', 'POURED DW', '', NULL, NULL, 0.00, 4.00, 286.00, NULL, NULL, 0, '2024-12-17 15:59:28', '2025-01-10 14:22:22', 19, NULL, NULL),
(89, '2024-12-06', '', '', NULL, '', '', '', NULL, NULL, 0.00, 0.00, 289.00, NULL, NULL, 0, '2025-01-10 14:28:46', NULL, 19, NULL, NULL),
(90, '2025-01-10', 'test', 'test', NULL, 'test test', 'test test', '', NULL, NULL, 0.00, 4.00, 289.00, NULL, NULL, 1, '2025-01-10 15:21:39', NULL, 55, NULL, NULL),
(91, '2025-01-06', '', '', NULL, NULL, 'MOVE MACHINES', '', NULL, NULL, 0.00, 2.00, 0.00, 0.00, 0.00, 0, '2025-01-14 12:46:59', NULL, 19, NULL, NULL),
(92, '2025-01-07', '', '', NULL, NULL, 'PREPWORK', '', NULL, NULL, 0.00, 4.00, 0.00, 0.00, 0.00, 0, '2025-01-14 12:48:27', NULL, 19, NULL, NULL),
(93, '2025-01-06', 'PREPWORK', 'PREPWORK', NULL, NULL, 'PREPWORK', 'PREPWORK', NULL, NULL, 0.00, 5.00, 286.00, 0.00, 0.00, 0, '2025-01-14 12:51:05', '2025-01-20 18:45:08', 69, NULL, 1),
(94, '2025-01-07', 'PREPWORK', 'PREPWORK', NULL, NULL, 'JOSE: PREPWORK\nMIGUEL: PREPWORK', 'PREPWORK', NULL, NULL, 0.00, 9.00, 286.00, 0.00, 0.00, 0, '2025-01-14 12:51:55', '2025-01-20 18:45:02', 69, NULL, 1),
(95, '2025-01-08', 'PREPWORK', 'PREPWORK', NULL, NULL, 'JOSE: PREPWORK', 'PREPWORK', NULL, NULL, 0.00, 5.00, 286.00, 0.00, 0.00, 0, '2025-01-14 12:55:18', '2025-01-20 18:44:53', 69, NULL, 1),
(96, '2025-01-08', '', '', NULL, NULL, 'CARLOS: SET UP GRANITE\n\nOSVALDO: BRICK PAVERS', '', NULL, NULL, 0.00, 4.00, 0.00, 0.00, 0.00, 0, '2025-01-15 17:33:42', NULL, 19, NULL, NULL),
(97, '2025-01-07', 'PREPWORK', 'PREPWORK', NULL, NULL, 'FRANCISCO: PREPWORK', 'PREPWORK', NULL, NULL, 0.00, 4.00, 286.00, 0.00, 0.00, 0, '2025-01-15 17:42:34', '2025-01-20 18:42:51', 87, NULL, 1),
(98, '2025-01-07', '', '', NULL, NULL, 'GERARDO: PREPWORK\n\nVICTOR: PREPWORK', '', NULL, NULL, 0.00, 8.00, 0.00, 0.00, 0.00, 0, '2025-01-15 17:44:41', NULL, 104, NULL, NULL),
(99, '2025-01-08', '', '', NULL, NULL, 'GERARDO: PREPWORK\n\nVICTOR: DEMO ON SPILLWAYS', '', NULL, NULL, 0.00, 8.00, 0.00, 0.00, 0.00, 0, '2025-01-15 17:46:07', '2025-01-15 17:46:23', 104, NULL, NULL),
(100, '2025-01-09', '', '', NULL, NULL, 'GERARDO & VICTOR (14): POURED SPILLWAYS', '', NULL, NULL, 0.00, 8.00, 0.00, 0.00, 0.00, 0, '2025-01-15 17:49:09', NULL, 104, NULL, NULL),
(101, '2025-01-07', 'REPAIRS', 'OMARI', NULL, NULL, 'JULIAN: REPAIR MEDIAN\n\nPUNCHLIST(THEY ARE RESPONSIBLE)', '', NULL, NULL, 0.00, 5.00, 286.00, 0.00, 0.00, 0, '2025-01-15 17:50:25', '2025-01-20 18:51:53', 158, NULL, 1),
(102, '2025-01-08', '', 'OMARI', NULL, NULL, 'JULIAN(19): POURED DITCH PAVING AND SW, REPAIRED MEDIAN\n\nPUNCHLIST(THEY ARE RESPONSIBLE)\n\n5IN SW 595SF/66SY\nV GUTTER 54LF\n6IN SW 210SF/23SY', '', NULL, NULL, 0.00, 5.00, 286.00, 0.00, 0.00, 0, '2025-01-15 17:53:23', '2025-01-20 19:17:00', 158, NULL, 1),
(103, '2025-01-09', '', 'OMARI', NULL, NULL, 'JULIAN(17.5): POURED C&G, SW\n\nC&G 8X30 TYP7 - 11LF\n6IN MEDIAN- 78SF/9SY\n5IN SW- 321SF/36SY\nC&G 8X30 TYP2 - 10LF\n6IN HEADER CURB- 26.50LF\nV GUTTER- 14LF\n4IN MEDIAN- 28SF/3SY\n6IN VALLEY GUTTER- 10SF/1SY\n6IN DW- 154SF/17SY\n\n', '', NULL, NULL, 0.00, 5.00, 286.00, 0.00, 0.00, 0, '2025-01-15 17:56:17', '2025-01-20 19:19:45', 158, NULL, 1),
(104, '2025-01-07', '', 'OMARI', NULL, NULL, 'LUIS(11): POURED C&G, CLASS B WIDEN', '', NULL, NULL, 0.00, 5.00, 286.00, 0.00, 0.00, 0, '2025-01-15 17:58:07', '2025-01-20 18:39:12', 153, 7, 1),
(105, '2025-01-08', '', 'OMARI', NULL, NULL, 'LUIS(7): POURED BEAUTYSTRIP', '', NULL, NULL, 0.00, 4.00, 286.00, 0.00, 0.00, 0, '2025-01-15 17:59:19', '2025-01-20 18:39:35', 153, 7, 1),
(106, '2025-01-08', '', '', NULL, NULL, 'FRANCISCO: PREPWORK SLOPE PAVING', '', NULL, NULL, 0.00, 7.00, 286.00, 0.00, 0.00, 0, '2025-01-15 18:03:13', '2025-02-10 13:47:00', 20, NULL, 1),
(107, '2025-01-13', '', '', NULL, NULL, 'CRUZ: PREPWORK', '', NULL, NULL, 0.00, 4.00, 0.00, 0.00, 0.00, 0, '2025-01-20 21:44:29', '2025-01-20 21:49:28', 105, NULL, NULL),
(108, '2025-01-14', '', '', NULL, NULL, 'CRUZ: PREPWORK', '', NULL, NULL, 0.00, 3.00, 0.00, 0.00, 0.00, 0, '2025-01-20 21:50:48', NULL, 105, NULL, NULL),
(109, '2025-01-15', '', '', NULL, NULL, 'CRUZ: PREPWORK', '', NULL, NULL, 0.00, 4.00, 0.00, 0.00, 0.00, 0, '2025-01-20 21:51:48', NULL, 105, NULL, NULL),
(110, '2025-01-13', '', '', NULL, NULL, 'FRANCISCO: PREPWORK', '', NULL, NULL, 0.00, 3.00, 0.00, 0.00, 0.00, 0, '2025-01-20 21:53:00', NULL, 20, NULL, NULL),
(111, '2025-01-16', '', '', NULL, NULL, 'FRANCISCO(37): POURED SLOPE PAVING', '', NULL, NULL, 0.00, 7.00, 0.00, 0.00, 0.00, 0, '2025-01-20 22:03:14', NULL, 20, NULL, NULL),
(112, '2025-01-13', '', 'PAULA', NULL, NULL, 'GERARDO(17): POURED CURB TP 2', '', NULL, NULL, 0.00, 4.00, 0.00, 0.00, 0.00, 0, '2025-01-20 22:05:39', '2025-02-05 20:16:54', 87, NULL, NULL),
(113, '2025-01-14', '', 'OMARI', NULL, NULL, 'GERARDO(27): POURED CURB TP 2', '', NULL, NULL, 0.00, 4.00, 0.00, 0.00, 0.00, 0, '2025-01-20 22:07:54', '2025-02-05 20:14:10', 87, 9, NULL),
(114, '2025-01-15', '', 'JUAN', NULL, NULL, 'GERARDO(27): POURED CURB TP 7, SW, VALLEY GUTTER\n\nLUIS(18): POURED SW', '', NULL, NULL, 0.00, 7.00, 0.00, 0.00, 0.00, 0, '2025-01-20 22:09:59', '2025-02-05 20:27:47', 87, NULL, NULL),
(115, '2025-01-16', '', '', NULL, NULL, 'LUIS(9): POURED SW & RAMPS\n\nGERARDO(21): POURED C&G', '', NULL, NULL, 0.00, 8.00, 0.00, 0.00, 0.00, 0, '2025-01-20 22:13:23', '2025-02-05 20:25:45', 87, NULL, NULL),
(116, '2025-01-13', '', '', NULL, NULL, 'JOSE(27): POURED MEDIAN\n\nMIGUEL(36): POURED C&G', '', NULL, NULL, 0.00, 10.00, 0.00, 0.00, 0.00, 0, '2025-01-20 22:23:22', NULL, 69, NULL, NULL),
(117, '2025-01-14', '', '', NULL, NULL, 'MIGUEL(54): POURED C&G', '', NULL, NULL, 0.00, 5.00, 0.00, 0.00, 0.00, 0, '2025-01-20 22:24:40', NULL, 69, NULL, NULL),
(118, '2025-01-15', '', '', NULL, NULL, 'MIGUEL(72): POURED C&G', '', NULL, NULL, 0.00, 5.00, 0.00, 0.00, 0.00, 0, '2025-01-20 22:26:02', NULL, 69, NULL, NULL),
(119, '2025-01-16', '', '', NULL, NULL, 'MIGUEL(23): POURED C&G', '', NULL, NULL, 0.00, 5.00, 0.00, 0.00, 0.00, 0, '2025-01-20 22:27:05', NULL, 69, NULL, NULL),
(120, '2025-01-13', '', '', NULL, NULL, 'JULIAN: PUNCHLIST, PATCHED CRACKS\n\n(THEY ARE RESPONSIBLE FOR LABOR & MATERIALS)', '', NULL, NULL, 0.00, 5.00, 0.00, 0.00, 0.00, 0, '2025-01-20 22:29:11', NULL, 158, NULL, NULL),
(121, '2025-01-14', '', '', NULL, NULL, 'JULIAN: PAINTED MEDIANS\n\n(THEY ARE RESPONSIBLE FOR LABOR & MATERIALS)', '', NULL, NULL, 0.00, 5.00, 0.00, 0.00, 0.00, 0, '2025-01-20 22:30:02', NULL, 158, NULL, NULL),
(122, '2025-01-15', '', '', NULL, NULL, 'JULIAN: PAINTED MEDIANS\n\n(THEY ARE RESPONSIBLE FOR LABOR & MATERIALS)', '', NULL, NULL, 0.00, 5.00, 0.00, 0.00, 0.00, 0, '2025-01-20 22:31:06', NULL, 158, NULL, NULL),
(123, '2025-01-13', '', '', NULL, NULL, 'LUIS & VICTOR S: PREPWORK', '', NULL, NULL, 0.00, 8.00, 0.00, 0.00, 0.00, 0, '2025-01-20 22:33:29', NULL, 114, NULL, NULL),
(124, '2025-01-14', '', '', NULL, NULL, 'LUIS(14): POURED RAMPS', '5-2X4 YELLOW STAMPS', NULL, NULL, 0.00, 4.00, 0.00, 0.00, 0.00, 0, '2025-01-20 22:34:50', NULL, 114, NULL, NULL),
(125, '2025-01-13', '', '', NULL, NULL, 'VICTOR: PREPWORK CATCH BASIN TOPS', '', NULL, NULL, 0.00, 3.00, 0.00, 0.00, 0.00, 0, '2025-01-20 22:45:22', NULL, 104, NULL, NULL),
(126, '2025-01-14', '', '', NULL, NULL, 'VICTOR: POURED 4 TOPS', '', NULL, NULL, 0.00, 3.00, 0.00, 0.00, 0.00, 0, '2025-01-20 22:50:32', NULL, 104, NULL, NULL),
(127, '2025-01-15', '', '', NULL, NULL, 'VICTOR(13): POURED THROATS', '', NULL, NULL, 0.00, 3.00, 0.00, 0.00, 0.00, 0, '2025-01-20 22:51:54', NULL, 104, NULL, NULL),
(128, '2025-01-16', '', '', NULL, NULL, 'VICTOR (6): POURED 3 TOPS, CLEAN UP 3 LOADS OF DUMPTRUCK', '', NULL, NULL, 0.00, 3.00, 0.00, 0.00, 0.00, 0, '2025-01-20 22:55:28', NULL, 104, NULL, NULL),
(129, '2025-01-17', '', '', NULL, NULL, 'VICTOR: PREPWORK ON 3 THROATS,', '', NULL, NULL, 0.00, 3.00, 0.00, 0.00, 0.00, 0, '2025-01-20 22:56:29', NULL, 104, NULL, NULL),
(130, '2025-01-13', '', '', NULL, NULL, 'VICTORINO: PREPWORK', '', NULL, NULL, 0.00, 5.00, 0.00, 0.00, 0.00, 0, '2025-01-20 22:57:56', '2025-01-28 18:39:45', 228, NULL, NULL),
(131, '2025-01-14', '', '', NULL, NULL, 'VICTORINO(20): POURED MEDIAN', '', NULL, NULL, 0.00, 5.00, 0.00, 0.00, 0.00, 1, '2025-01-28 18:41:29', NULL, 228, NULL, NULL),
(132, '2025-01-15', '', '', NULL, NULL, 'VICTORINO(20): POURED MEDIAN', '', NULL, NULL, 0.00, 5.00, 0.00, 0.00, 0.00, 1, '2025-01-28 18:43:07', NULL, 228, NULL, NULL),
(133, '2025-01-16', '', '', NULL, NULL, 'VICTORINO(13): POURED MEDIAN', '', NULL, NULL, 0.00, 5.00, 0.00, 0.00, 0.00, 1, '2025-01-28 18:44:25', NULL, 228, NULL, NULL),
(134, '2025-01-14', '', '', NULL, NULL, 'FRANCISCO(29): POURED DW', '', NULL, NULL, 0.00, 5.00, 0.00, 0.00, 0.00, 1, '2025-01-28 18:47:55', NULL, 149, NULL, NULL),
(135, '2025-01-15', '', '', NULL, NULL, 'FRANCISCO(30): POURED DW', '', NULL, NULL, 0.00, 6.00, 0.00, 0.00, 0.00, 1, '2025-01-28 18:49:06', NULL, 149, NULL, NULL),
(136, '2025-01-14', '', '', NULL, NULL, 'JOSE(7); POURED SW, C&G', '', NULL, NULL, 0.00, 5.00, 0.00, 0.00, 0.00, 1, '2025-01-28 18:52:43', NULL, 12, NULL, NULL),
(137, '2025-01-15', '', '', NULL, NULL, 'JOSE(15.5): POURED C&G, SW', '', NULL, NULL, 0.00, 5.00, 0.00, 0.00, 0.00, 1, '2025-01-28 18:53:51', NULL, 12, NULL, NULL),
(138, '2025-01-14', '', '', NULL, NULL, 'VICTOR S(18): POURED RAMPS & SW', '', NULL, NULL, 0.00, 4.00, 0.00, 0.00, 0.00, 0, '2025-01-28 18:56:30', '2025-02-05 18:44:13', 54, NULL, NULL),
(139, '2025-01-15', '', 'JUAN', NULL, NULL, 'VICTOR S(20): POURED DW ', '', NULL, NULL, 0.00, 3.00, 0.00, 0.00, 0.00, 0, '2025-01-28 18:57:36', '2025-02-05 18:35:39', 54, NULL, NULL),
(140, '2025-01-16', '', 'PAULA', NULL, NULL, 'VICTOR S(34.5): POURED DW, SW', '', NULL, NULL, 0.00, 5.00, 286.00, 0.00, 0.00, 0, '2025-01-28 18:59:04', '2025-02-05 18:29:36', 54, NULL, 1),
(141, '2025-01-17', '', 'PAULA', NULL, NULL, 'VICTOR S(40): POURED DW\n\n', '', NULL, NULL, 0.00, 5.00, 286.00, 0.00, 0.00, 0, '2025-01-28 19:02:44', '2025-02-05 18:34:45', 54, NULL, 1),
(142, '2025-01-24', '', '', NULL, NULL, 'VICTOR S & FRANCISCO(50): POURED DW', '', NULL, NULL, 0.00, 6.00, 0.00, 0.00, 0.00, 0, '2025-01-28 19:04:40', '2025-02-05 18:45:46', 54, NULL, NULL),
(143, '2025-01-14', '', '', NULL, NULL, 'CARLOS(9): POURED CLASS B WIDEN, C&G', '', NULL, NULL, 0.00, 4.00, 0.00, 0.00, 0.00, 1, '2025-01-28 19:07:26', NULL, 229, NULL, NULL),
(144, '2025-01-15', '', '', NULL, NULL, 'CARLOS(27): POURED CLASS B WIDEN, C&G', '', NULL, NULL, 0.00, 4.00, 0.00, 0.00, 0.00, 1, '2025-01-28 19:08:41', NULL, 229, NULL, NULL),
(145, '2025-01-16', '', '', NULL, NULL, 'CARLOS(27): POURED ??', '', NULL, NULL, 0.00, 5.00, 0.00, 0.00, 0.00, 1, '2025-01-28 19:10:00', '2025-01-28 19:13:57', 229, NULL, NULL),
(146, '2025-01-17', '', '', NULL, NULL, 'CARLOS(18): POURED ??', '', NULL, NULL, 0.00, 6.00, 0.00, 0.00, 0.00, 1, '2025-01-28 19:12:24', NULL, 229, NULL, NULL),
(147, '2025-01-16', '', '', NULL, NULL, 'CRUZ: PREPWORK', '', NULL, NULL, 0.00, 5.00, 0.00, 0.00, 0.00, 0, '2025-01-28 19:16:14', NULL, 105, NULL, NULL),
(148, '2025-01-17', '', '', NULL, NULL, 'CRUZ(31): POURED WALL', '', NULL, NULL, 0.00, 6.00, 0.00, 0.00, 0.00, 0, '2025-01-28 19:19:58', NULL, 105, NULL, NULL),
(149, '2025-01-24', '', '', NULL, NULL, 'CARLOS: PREP WALL', '', NULL, NULL, 0.00, 4.00, 0.00, 0.00, 0.00, 0, '2025-01-28 19:20:35', NULL, 105, NULL, NULL),
(150, '2025-01-30', '', 'PAULA ', NULL, NULL, 'JULIAN(18): POURED SLOPE PAVING', '', NULL, NULL, 0.00, 5.00, 0.00, 0.00, 0.00, 0, '2025-02-03 20:37:17', '2025-02-10 14:43:47', 38, 8, NULL),
(151, '2025-01-17', '', '', NULL, NULL, 'GERARDO(25.5): POURED CATCH BASIN THROAT, C&G, DW, FLUME, VALLEY GUTTER', '', NULL, NULL, 0.00, 4.00, 0.00, 0.00, 0.00, 0, '2025-02-03 21:00:49', '2025-02-05 20:09:04', 87, NULL, NULL),
(152, '2025-01-24', '', '', NULL, NULL, 'GERARDO: PREPWORK', '', NULL, NULL, 0.00, 4.00, 0.00, 0.00, 0.00, 0, '2025-02-03 21:03:24', NULL, 87, NULL, NULL),
(153, '2025-01-28', '', 'PAULA', NULL, NULL, 'FRANCISCO(6): POURED CATCH BASIN TOPS', '', NULL, NULL, 0.00, 2.00, 0.00, 0.00, 0.00, 0, '2025-02-03 21:04:33', '2025-02-05 20:18:51', 87, NULL, NULL),
(154, '2025-01-29', '', '', NULL, NULL, 'FRANCISCO(22.5): POURED CATCH BASIN THROATS, CLASS B WIDEN, DW 6IN, SW, RAMPS', '', NULL, NULL, 0.00, 5.00, 0.00, 0.00, 0.00, 0, '2025-02-03 21:06:52', '2025-02-05 20:23:26', 87, NULL, NULL),
(155, '2025-01-31', '', '', NULL, NULL, 'VICTOR S.: CLEAN UP', '', NULL, NULL, 0.00, 5.00, 286.00, 0.00, 0.00, 0, '2025-02-03 21:09:15', '2025-02-10 13:48:26', 87, NULL, 1),
(156, '2025-01-16', '', '', NULL, NULL, 'JULIAN(18): POURED PAVING, V-GUTTER', '', NULL, NULL, 0.00, 4.00, 0.00, 0.00, 0.00, 1, '2025-02-03 21:14:44', NULL, 10, NULL, NULL),
(157, '2025-01-17', '', '', NULL, NULL, 'JULIAN(6): PATCHED CRACKS, POURED V-GUTTER', '', NULL, NULL, 0.00, 3.00, 0.00, 0.00, 0.00, 1, '2025-02-03 21:16:08', NULL, 10, NULL, NULL),
(158, '2025-01-17', '', '', NULL, NULL, 'FRANCISCO & LUIS (22.5): POURED SLOPE PAVING\n', '', NULL, NULL, 0.00, 9.00, 0.00, 0.00, 0.00, 1, '2025-02-03 21:19:17', NULL, 20, NULL, NULL),
(159, '2025-01-24', '', '', NULL, NULL, 'LUIS: PREPWORK', '', NULL, NULL, 0.00, 6.00, 0.00, 0.00, 0.00, 0, '2025-02-03 21:20:02', NULL, 20, NULL, NULL),
(160, '2025-01-25', '', '', NULL, NULL, 'LUIS(45): POURED SLOPE PAVING', '', NULL, NULL, 0.00, 10.00, 0.00, 0.00, 0.00, 1, '2025-02-03 21:21:46', NULL, 20, NULL, NULL),
(161, '2025-01-27', '', '', NULL, NULL, 'LUIS: NOT READY', '', NULL, NULL, 0.00, 5.00, 0.00, 0.00, 0.00, 0, '2025-02-03 21:22:31', NULL, 20, NULL, NULL),
(162, '2025-01-28', '', '', NULL, NULL, 'LUIS(30): POURED SLOPE PAVING', '', NULL, NULL, 0.00, 5.00, 0.00, 0.00, 0.00, 1, '2025-02-03 21:23:49', NULL, 20, NULL, NULL),
(163, '2025-01-29', '', '', NULL, NULL, 'LUIS(25): POURED SLOPE PAVING', '', NULL, NULL, 0.00, 5.00, 0.00, 0.00, 0.00, 1, '2025-02-03 21:25:28', NULL, 20, NULL, NULL),
(164, '2025-01-30', '', '', NULL, NULL, 'LUIS(32.5): POURED SLOPE PAVING', '', NULL, NULL, 0.00, 5.00, 0.00, 0.00, 0.00, 1, '2025-02-03 21:26:39', NULL, 20, NULL, NULL),
(165, '2025-01-17', '', '', NULL, NULL, 'JOSE & MICGUEL: PREPWORK', '', NULL, NULL, 0.00, 6.00, 0.00, 0.00, 0.00, 0, '2025-02-03 21:28:45', '2025-02-05 19:18:35', 53, NULL, NULL),
(166, '2025-01-23', '', '', NULL, NULL, 'JOSE & FRANCISCO: PREPWORK', '', NULL, NULL, 0.00, 13.00, 0.00, 0.00, 0.00, 0, '2025-02-03 21:30:02', '2025-02-05 19:18:46', 53, NULL, NULL),
(167, '2025-01-24', '', 'JUAN', NULL, NULL, 'JOSE & MIGUEL(30): POURED MEDIAN 6IN', '', NULL, NULL, 0.00, 10.00, 286.00, 0.00, 0.00, 0, '2025-02-03 21:33:11', '2025-02-05 19:19:46', 53, NULL, 1),
(168, '2025-01-28', '', '', NULL, NULL, 'JOSE(19): POURED C&G, MEDIAN 6IN\n\n(WDC SENT 2ND LOAD WITH 10CY INSTEAD OF 6CY, ONLY PAY FOR 19CY)', '', NULL, NULL, 0.00, 4.00, 0.00, 0.00, 0.00, 0, '2025-02-03 21:35:16', '2025-02-05 19:30:19', 53, NULL, NULL),
(169, '2025-01-17', '', '', NULL, NULL, 'VICTORINO(27): POURED SW\nOSVALDO: PAVERS', '', NULL, NULL, 0.00, 6.00, 0.00, 0.00, 0.00, 1, '2025-02-03 21:41:39', NULL, 19, NULL, NULL),
(170, '2025-01-20', '', '', NULL, NULL, 'OSVALDO: PAVERS', '', NULL, NULL, 0.00, 7.00, 0.00, 0.00, 0.00, 1, '2025-02-03 21:43:00', '2025-02-05 19:36:32', 19, NULL, NULL),
(171, '2025-01-23', '', '', NULL, NULL, 'OSVALDO: PAVERS', '', NULL, NULL, 0.00, 8.00, 0.00, 0.00, 0.00, 1, '2025-02-03 21:43:27', '2025-02-05 19:37:41', 19, NULL, NULL),
(172, '2025-01-24', '', '', NULL, NULL, 'VICTORINO(18): POURED SW\nOSVALDO: PAVERS', '', NULL, NULL, 0.00, 12.00, 0.00, 0.00, 0.00, 1, '2025-02-03 21:43:44', '2025-02-05 19:38:40', 19, NULL, NULL),
(173, '2025-01-27', '', '', NULL, NULL, 'CARLOS: PREPWORK\nCRUZ: PREP WALL', '', NULL, NULL, 0.00, 9.00, 0.00, 0.00, 0.00, 0, '2025-02-03 21:46:39', '2025-02-03 21:47:19', 19, NULL, NULL),
(174, '2025-01-28', '', '', NULL, NULL, 'CARLOS(9): POURED GRANITE STRAIGHT\nCRUZ: SET UP WRONG, REDO PREPWORK\nOSVALDO: BRICK PAVERS\nVICTORINO(36): POURED SW', '', NULL, NULL, 0.00, 16.00, 0.00, 0.00, 0.00, 1, '2025-02-03 21:51:10', '2025-02-05 19:39:15', 19, NULL, NULL),
(175, '2025-01-29', '', '', NULL, NULL, 'CRUZ & VICTORINO: PREP WALL\nCARLOS(9): POURED GRANITE STRAIGHT\nOSVALDO: BRICK PAVERS', '', NULL, NULL, 0.00, 14.00, 0.00, 0.00, 0.00, 1, '2025-02-03 22:00:18', '2025-02-05 19:39:39', 19, NULL, NULL),
(176, '2025-01-30', '', '', NULL, NULL, 'CARLOS(15): POURED GRANITE STRAIGHT, HEADER CURB\nCRUZ(9): POURED WALL\nVICTORINO(36): POURED SW\nOSVALDO: BRICK PAVERS', '', NULL, NULL, 0.00, 16.00, 0.00, 0.00, 0.00, 1, '2025-02-03 22:04:07', '2025-02-05 19:40:09', 19, NULL, NULL),
(177, '2025-01-31', '', '', NULL, NULL, 'CARLOS(6): POURED GRANITE STRAIGHT\nCRUZ: PREP WALL\nOSVALDO: BRICK PAVERS', '', NULL, NULL, 0.00, 13.00, 0.00, 0.00, 0.00, 1, '2025-02-03 22:06:24', '2025-02-05 19:40:49', 19, NULL, NULL),
(178, '2025-01-24', '', '', NULL, NULL, 'JULIAN: CANCELLED', '', NULL, NULL, 0.00, 5.00, 0.00, 0.00, 0.00, 0, '2025-02-03 22:07:59', NULL, 158, NULL, NULL),
(179, '2025-01-27', '', '', NULL, NULL, 'JULIAN: PAINTED MEDIAN, NO CONC', '', NULL, NULL, 0.00, 5.00, 0.00, 0.00, 0.00, 0, '2025-02-03 22:09:01', NULL, 158, NULL, NULL),
(180, '2025-01-31', '', 'PAULA ', NULL, NULL, 'JULIAN(11.5): POURED DITCH PAVING ', '', NULL, NULL, 0.00, 4.00, 286.00, 0.00, 0.00, 0, '2025-02-05 17:53:34', '2025-02-10 14:45:05', 38, 8, 1),
(181, '2025-01-24', '', '', NULL, NULL, 'VICTOR: SENT BACK', '', NULL, NULL, 0.00, 5.00, 0.00, 0.00, 0.00, 0, '2025-02-05 18:59:15', NULL, 104, NULL, NULL),
(182, '2025-01-27', '', '', NULL, NULL, 'VICTOR: PREPWORK', '', NULL, NULL, 0.00, 4.00, 0.00, 0.00, 0.00, 0, '2025-02-05 19:00:09', NULL, 104, NULL, NULL),
(183, '2025-01-28', '', '', NULL, NULL, 'VICTOR(17): POURED THROATS', '', NULL, NULL, 0.00, 4.00, 0.00, 0.00, 0.00, 1, '2025-02-05 19:01:29', '2025-02-05 19:01:39', 104, NULL, NULL),
(184, '2025-01-29', '', '', NULL, NULL, 'VICTOR(9): POURED THROATS', '', NULL, NULL, 0.00, 4.00, 0.00, 0.00, 0.00, 1, '2025-02-05 19:02:35', NULL, 104, NULL, NULL),
(185, '2025-01-30', '', '', NULL, NULL, 'VICTOR(8.5): POURED TOPS', '', NULL, NULL, 0.00, 4.00, 0.00, 0.00, 0.00, 1, '2025-02-05 19:03:31', NULL, 104, NULL, NULL),
(186, '2025-01-31', '', '', NULL, NULL, 'VICTOR(2): POURED 1 TOP, CLEAN UP, PATCH WORK', '', NULL, NULL, 0.00, 4.00, 0.00, 0.00, 0.00, 1, '2025-02-05 19:04:53', NULL, 104, NULL, NULL),
(187, '2025-01-27', '', '', NULL, NULL, 'FRANCISCO & VICTOR S: NO POUR/SENT BACK', '', NULL, NULL, 0.00, 10.00, 0.00, 0.00, 0.00, 0, '2025-02-05 19:07:09', NULL, 54, NULL, NULL),
(188, '2025-01-28', '', 'PAULA', NULL, NULL, 'VICTOR S(16.5): POURED DROP INLETS', '5 YELLOW STAMPS', NULL, NULL, 0.00, 4.00, 286.00, 0.00, 0.00, 0, '2025-02-05 19:08:54', '2025-02-10 20:36:38', 54, NULL, 1),
(189, '2025-01-29', '', 'PAULA', NULL, NULL, 'VICTOR S(50): POURED DW, CURB', '', NULL, NULL, 0.00, 5.00, 286.00, 0.00, 0.00, 0, '2025-02-05 19:10:22', '2025-02-10 20:37:53', 54, NULL, 1),
(190, '2025-01-30', '', 'JUAN', NULL, NULL, 'VICTOR S(40): POURED CURB\n\nPOURED ONLY 8YDS THE REST CHUY IS RESPONSIBLE FOR', '', NULL, NULL, 0.00, 5.00, 286.00, 0.00, 0.00, 0, '2025-02-05 19:11:40', '2025-02-10 20:40:14', 54, NULL, 1),
(191, '2025-01-27', '', '', NULL, NULL, 'JOSE: NO CONC', '', NULL, NULL, 0.00, 3.00, 0.00, 0.00, 0.00, 0, '2025-02-05 19:12:46', NULL, 105, NULL, NULL),
(192, '2025-01-27', '', '', NULL, NULL, 'MIGUEL: PREPWORK', '', NULL, NULL, 0.00, 5.00, 0.00, 0.00, 0.00, 0, '2025-02-05 19:14:24', NULL, 34, NULL, NULL),
(193, '2025-01-28', '', '', NULL, NULL, 'MIGUEL(54): POURED C&G', '', NULL, NULL, 0.00, 5.00, 0.00, 0.00, 0.00, 1, '2025-02-05 19:15:36', NULL, 34, NULL, NULL),
(194, '2025-01-29', '', '', NULL, NULL, 'MIGUEL(54): POURED C&G', '', NULL, NULL, 0.00, 5.00, 0.00, 0.00, 0.00, 1, '2025-02-05 19:16:58', NULL, 34, NULL, NULL),
(195, '2025-01-30', '', '', NULL, NULL, 'MIGUEL(47): POURED C&G TP2 & TP7', '', NULL, NULL, 0.00, 5.00, 0.00, 0.00, 0.00, 1, '2025-02-05 19:18:17', NULL, 34, NULL, NULL),
(196, '2025-01-28', '', '', NULL, NULL, 'GERARDO(9): POURED CATCH BASIN, C&G', '', NULL, NULL, 0.00, 4.00, 0.00, 0.00, 0.00, 0, '2025-02-05 19:20:14', '2025-02-05 19:34:29', 52, NULL, NULL),
(197, '2025-01-29', '', '', NULL, NULL, 'GERARDO(18): POURED CATCH BASIN, C&G', '', NULL, NULL, 0.00, 4.00, 0.00, 0.00, 0.00, 0, '2025-02-05 19:23:22', '2025-02-05 19:36:28', 52, NULL, NULL),
(198, '2025-01-30', '', '', NULL, NULL, 'GERARDO(9): POURED C&G', '', NULL, NULL, 0.00, 4.00, 0.00, 0.00, 0.00, 0, '2025-02-05 19:24:25', '2025-02-10 13:57:25', 52, NULL, NULL),
(199, '2025-01-28', '', '', NULL, NULL, 'JULIAN(2): POURED 2 PIECES OF WALL', '', NULL, NULL, 0.00, 5.00, 0.00, 0.00, 0.00, 1, '2025-02-05 19:26:02', NULL, 158, NULL, NULL),
(200, '2025-01-28', '', '', NULL, NULL, 'VICTOR G(36): POURED C&G, DW, SPILLWAY', '', NULL, NULL, 0.00, 4.00, 0.00, 0.00, 0.00, 1, '2025-02-05 19:27:21', '2025-02-05 19:29:08', 248, NULL, NULL),
(201, '2025-01-29', '', '', NULL, NULL, 'VICTOR G(20): POURED C&G', '', NULL, NULL, 0.00, 4.00, 0.00, 0.00, 0.00, 1, '2025-02-05 19:30:10', NULL, 248, NULL, NULL),
(202, '2025-01-30', '', '', NULL, NULL, 'VICTOR G(37): POURED C&G, DW, SPILLWAY', '', NULL, NULL, 0.00, 4.00, 0.00, 0.00, 0.00, 1, '2025-02-05 19:31:21', NULL, 248, NULL, NULL),
(203, '2025-01-29', '', '', NULL, NULL, 'JOSE(27): POURED MEDIAN', '', NULL, NULL, 0.00, 4.00, 0.00, 0.00, 0.00, 1, '2025-02-10 14:11:49', NULL, 229, NULL, NULL),
(204, '2025-01-30', '', '', NULL, NULL, 'FRANCISCO(18): POURED MEDIAN', '', NULL, NULL, 0.00, 4.00, 0.00, 0.00, 0.00, 1, '2025-02-10 14:15:12', NULL, 229, NULL, NULL),
(205, '2025-01-31', '', '', NULL, NULL, 'FRANCISCO(27): POURED SW\n\nVICTORINO: HELP FRANCISCO', '', NULL, NULL, 0.00, 9.00, 0.00, 0.00, 0.00, 1, '2025-02-10 14:17:44', NULL, 229, NULL, NULL),
(206, '2025-01-29', '', '', NULL, NULL, 'JULIAN: GRADE ', '', NULL, NULL, 0.00, 3.00, 0.00, 0.00, 0.00, 0, '2025-02-10 14:26:35', NULL, 13, NULL, NULL),
(207, '2025-01-30', '', '', NULL, NULL, 'JOSE(9): POURED MEDIAN, SW', '14 YELLOW ADA STAMPS', NULL, NULL, 0.00, 4.00, 0.00, 0.00, 0.00, 1, '2025-02-10 14:31:25', NULL, 69, NULL, NULL),
(208, '2025-01-31', '', '', NULL, NULL, 'JOSE(9): POURED C&G', '', NULL, NULL, 0.00, 4.00, 0.00, 0.00, 0.00, 1, '2025-02-10 14:33:00', NULL, 69, NULL, NULL),
(209, '2025-02-03', '', '', NULL, NULL, 'CARLOS: PREPWORK\nCRUZ(9): POURED WALL', '', NULL, NULL, 0.00, 7.00, 0.00, 0.00, 0.00, 1, '2025-02-10 14:51:54', '2025-02-11 18:04:39', 19, NULL, NULL),
(210, '2025-02-04', '', '', NULL, NULL, 'CARLOS(9): POURED GRANITE STRAIGHT\nCRUZ: PREPWORK', '', NULL, NULL, 0.00, 7.00, 0.00, 0.00, 0.00, 1, '2025-02-10 14:56:32', NULL, 19, NULL, NULL),
(212, '2025-02-05', '', '', NULL, NULL, 'CARLOS(18): POURED DW\nCRUZ(8): POURED WALL\nOSVALDO: BRICK PAVERS', '', NULL, NULL, 0.00, 11.00, 0.00, 0.00, 0.00, 1, '2025-02-10 15:00:00', '2025-02-11 18:07:13', 19, NULL, NULL),
(214, '2025-02-06', '', '', NULL, NULL, 'CARLOS(18): POURED RAMPS, SW\nCRUZ: CLEAN UP, WATERPROOF WALL, CUT JOINTS\nOSVALDO: BRICK PAVERS', '', NULL, NULL, 0.00, 9.00, 0.00, 0.00, 0.00, 1, '2025-02-11 18:19:15', NULL, 19, NULL, NULL),
(215, '2025-02-07', '', '', NULL, NULL, 'CARLOS(21): POURED DW\nOSVALDO: BRICK PAVERS', '', NULL, NULL, 0.00, 8.00, 0.00, 0.00, 0.00, 1, '2025-02-11 18:21:13', NULL, 19, NULL, NULL),
(216, '2025-02-03', '', '', NULL, NULL, 'JFRANCISCO(4): POURED CATCH BASIN TOPS', NULL, NULL, NULL, 0.00, 4.00, 0.00, 0.00, 0.00, 0, '2025-02-11 18:23:49', '2025-02-19 19:24:28', 87, NULL, NULL),
(217, '2025-02-04', '', '', NULL, NULL, 'FRANCISCO(14.5): POURED CATCH BASIN THROATS, C&G', NULL, NULL, NULL, 0.00, 4.00, 0.00, 0.00, 0.00, 0, '2025-02-11 18:25:44', '2025-02-19 19:24:10', 87, NULL, NULL),
(218, '2025-02-05', '', '', NULL, NULL, 'FRANCISCO(18): POURED C&G, DW, SW, RAMPS', NULL, NULL, NULL, 0.00, 4.00, 0.00, 0.00, 0.00, 0, '2025-02-11 18:28:21', '2025-02-19 19:28:15', 87, NULL, NULL),
(219, '2025-02-06', '', '', NULL, NULL, 'FRANCISCO(27): POURED CLASS B WIDEN, RAMPS, SW', NULL, NULL, NULL, 0.00, 4.00, 0.00, 0.00, 0.00, 0, '2025-02-11 18:29:36', '2025-02-19 19:29:08', 87, NULL, NULL),
(220, '2025-02-07', '', '', NULL, NULL, 'GERARDO(5): POURED CATCH BASIN TOPS, CLASS B WIDEN', NULL, NULL, NULL, 0.00, 4.00, 0.00, 0.00, 0.00, 0, '2025-02-11 18:30:44', '2025-02-19 19:29:51', 87, NULL, NULL),
(221, '2025-02-03', '', '', NULL, NULL, 'GERARDO(9): POURED C&G', NULL, NULL, NULL, 0.00, 4.00, 0.00, 0.00, 0.00, 0, '2025-02-11 18:32:10', '2025-02-19 20:06:09', 52, NULL, NULL),
(222, '2025-02-04', '', '', NULL, NULL, 'GERARDO(9): POURED CATCH BASIN THROATS, C&G', NULL, NULL, NULL, 0.00, 4.00, 0.00, 0.00, 0.00, 0, '2025-02-11 18:33:10', '2025-02-19 20:06:54', 52, NULL, NULL),
(223, '2025-02-05', '', '', NULL, NULL, 'JAVIER(13): POURED CATCH BASIN TOPS, C&G', NULL, NULL, NULL, 0.00, 4.00, 0.00, 0.00, 0.00, 0, '2025-02-11 18:35:15', '2025-02-19 20:08:09', 52, NULL, NULL),
(224, '2025-02-03', '', '', NULL, NULL, 'JOSE(9): POURED 5 CATCH BASIN THROATS', NULL, NULL, NULL, 0.00, 3.00, 0.00, 0.00, 0.00, 0, '2025-02-11 18:36:33', '2025-02-19 20:11:15', 34, NULL, NULL),
(225, '2025-02-04', '', '', NULL, NULL, 'MIGUEL(7.5): POURED 5 CATCH BASIN TOPS, C&G', NULL, NULL, NULL, 0.00, 5.00, 0.00, 0.00, 0.00, 0, '2025-02-11 18:37:56', '2025-02-19 20:11:54', 34, NULL, NULL),
(226, '2025-02-03', '', '', NULL, NULL, 'LUIS(26.5): POURED SLOPE PAVING\n9 YDS EXTRA CONCRETE', NULL, NULL, NULL, 0.00, 5.00, 0.00, 0.00, 0.00, 0, '2025-02-11 18:40:04', '2025-02-24 19:35:58', 20, NULL, NULL),
(227, '2025-02-04', '', 'JUAN', NULL, NULL, ';UIS(20):POURED SLOPE PAVING', NULL, NULL, NULL, 0.00, 5.00, 0.00, 0.00, 0.00, 0, '2025-02-11 18:41:11', '2025-02-24 19:17:58', 20, NULL, NULL),
(228, '2025-02-05', '', 'JUAN', NULL, NULL, 'LUIS(13):POURED SLOPE PAVING', NULL, NULL, NULL, 0.00, 5.00, 286.00, 0.00, 0.00, 0, '2025-02-11 18:42:18', '2025-02-24 19:18:37', 20, NULL, 1),
(229, '2025-02-06', '', 'JUAN', NULL, NULL, 'LUIS(37.5):POURED SLOPE PAVING', NULL, NULL, NULL, 0.00, 6.00, 0.00, 0.00, 0.00, 0, '2025-02-11 18:44:23', '2025-02-24 19:36:20', 20, NULL, NULL),
(230, '2025-02-07', '', 'JUAN', NULL, NULL, 'LUIS(37.5):POURED SLOPE PAVING', NULL, NULL, NULL, 0.00, 6.00, 0.00, 0.00, 0.00, 0, '2025-02-11 18:45:48', '2025-02-24 19:36:36', 20, NULL, NULL),
(231, '2025-02-03', '', '', NULL, NULL, 'VICTOR: CLEAN UP', '', NULL, NULL, 0.00, 3.00, 0.00, 0.00, 0.00, 0, '2025-02-11 19:00:32', NULL, 104, NULL, NULL),
(232, '2025-02-03', '', '', NULL, NULL, 'VICTOR S(27): POURED SW, C&G', NULL, NULL, NULL, 0.00, 3.00, 286.00, 0.00, 0.00, 0, '2025-02-11 19:02:40', '2025-02-24 20:08:59', 127, 10, 1),
(233, '2025-02-04', '', 'PAULA', NULL, NULL, 'VICTOR S(18): POURED C&G, RAMPS', NULL, NULL, NULL, 0.00, 4.00, 286.00, 0.00, 0.00, 0, '2025-02-11 19:05:14', '2025-02-24 20:16:14', 127, 10, 1),
(234, '2025-02-05', '', 'OMARI', NULL, NULL, 'VICTOR S(22.5): POURED C&G, RAMPS, SW', NULL, NULL, NULL, 0.00, 4.00, 286.00, 0.00, 0.00, 0, '2025-02-11 19:07:52', '2025-02-24 20:18:31', 127, 11, 1),
(235, '2025-02-06', '', 'OMARI', NULL, NULL, 'VICTOR S(27): POURED C&G, SW', NULL, NULL, NULL, 0.00, 4.00, 286.00, 0.00, 0.00, 0, '2025-02-11 19:10:44', '2025-02-24 20:18:18', 127, 11, 1),
(236, '2025-02-03', '', 'PAULA', NULL, NULL, 'VICTORINO(27): POURED SW', NULL, NULL, NULL, 0.00, 5.00, 286.00, 0.00, 0.00, 0, '2025-02-11 19:12:13', '2025-02-24 20:55:28', 229, NULL, 1),
(237, '2025-02-04', '', 'PAULA', NULL, NULL, 'VICTORINO(27): POURED SW, RAMPS', NULL, NULL, NULL, 0.00, 5.00, 0.00, 0.00, 0.00, 0, '2025-02-11 19:14:19', '2025-02-24 20:56:02', 229, NULL, NULL),
(238, '2025-02-05', '', 'PAULA', NULL, NULL, 'VICTORINO(36): POURED SW, RAMPS', NULL, NULL, NULL, 0.00, 5.00, 286.00, 0.00, 0.00, 0, '2025-02-11 19:16:09', '2025-02-24 20:56:44', 229, NULL, 1),
(239, '2025-02-06', '', 'PAULA', NULL, NULL, 'VICTORINO(27): POURED SW, RAMPS', NULL, NULL, NULL, 0.00, 5.00, 286.00, 0.00, 0.00, 0, '2025-02-11 19:18:38', '2025-02-24 20:57:23', 229, NULL, 1),
(240, '2025-02-07', '', 'PAULA', NULL, NULL, 'VICTORINO(36): POURED SW', NULL, NULL, NULL, 0.00, 5.00, 286.00, 0.00, 0.00, 0, '2025-02-11 19:20:14', '2025-02-24 20:57:58', 229, NULL, 1),
(241, '2025-02-04', '', 'PAULA', NULL, NULL, 'JOSE(25): POURED CLASS B WIDEN, C&G', NULL, NULL, NULL, 0.00, 4.00, 286.00, 0.00, 0.00, 0, '2025-02-11 19:22:02', '2025-02-24 21:09:57', 69, NULL, 1),
(242, '2025-02-05', '', 'PAULA', NULL, NULL, 'JOSE(9): POURED C&G', NULL, NULL, NULL, 0.00, 3.00, 286.00, 0.00, 0.00, 0, '2025-02-11 19:23:38', '2025-02-24 21:10:24', 69, NULL, 1),
(243, '2025-02-06', '', 'PAULA', NULL, NULL, 'JOSE(16): POURED C&G', NULL, NULL, NULL, 0.00, 4.00, 286.00, 0.00, 0.00, 0, '2025-02-11 19:26:52', '2025-02-24 21:11:04', 69, NULL, 1),
(244, '2025-02-07', '', 'PAULA', NULL, NULL, 'JOSE & JULIAN (36): POURED CLASS B WIDEN, C&G', NULL, NULL, NULL, 0.00, 8.00, 286.00, 0.00, 0.00, 0, '2025-02-11 19:29:28', '2025-02-24 21:11:55', 69, NULL, 1),
(245, '2025-02-04', '', 'JUAN', NULL, NULL, 'JULIAN(26.5): POURED DW, C&G TP 7', NULL, NULL, NULL, 0.00, 4.00, 286.00, 0.00, 0.00, 0, '2025-02-11 19:31:47', '2025-02-24 21:17:21', 129, NULL, 1),
(246, '2025-02-04', '', 'PAULA', NULL, NULL, 'VICTOR(27): POURED CLASS B WIDEN, SW', NULL, NULL, NULL, 0.00, 5.00, 286.00, 0.00, 0.00, 0, '2025-02-12 10:30:50', '2025-02-24 21:19:40', 256, NULL, 1),
(247, '2025-02-05', '', 'PAULA', NULL, NULL, 'JULIAN(22): POURED SW, RAMPS', NULL, NULL, NULL, 0.00, 4.00, 286.00, 0.00, 0.00, 0, '2025-02-12 10:32:37', '2025-02-24 21:20:14', 256, NULL, 1),
(248, '2025-02-06', '', 'PAULA', NULL, 'undefined', 'JULIAN(12): POURED C&G, SW, RAMPS', '0', NULL, NULL, 0.00, 4.00, 286.00, 0.00, 0.00, 0, '2025-02-12 10:34:12', '2025-09-17 01:47:32', 256, 12, 1),
(249, '2025-02-03', '', '', NULL, NULL, 'JULIAN(18.5): POURED DITCH PAVING', NULL, NULL, NULL, 0.00, 5.00, 0.00, 0.00, 0.00, 0, '2025-02-12 10:36:49', '2025-05-23 17:11:44', 259, NULL, NULL),
(255, '2025-02-05', '', '', NULL, NULL, 'GERARDO: PREPWORK', '', NULL, NULL, 0.00, 4.00, 0.00, 0.00, 0.00, 0, '2025-02-12 10:50:48', NULL, 257, NULL, NULL),
(256, '2025-02-05', '', 'PAULA', NULL, NULL, 'VICTOR(18): POURED DITCH PAVING', NULL, NULL, NULL, 0.00, 5.00, 286.00, 0.00, 0.00, 0, '2025-02-12 10:52:37', '2025-02-24 21:25:36', 63, 12, 1),
(257, '2025-02-06', '', '', NULL, NULL, 'VICTOR(13): POURED RAMPS TYPE A, 2 SPILLWAYS', NULL, NULL, NULL, 0.00, 5.00, 0.00, 0.00, 0.00, 0, '2025-02-12 10:57:58', '2025-02-19 17:04:22', 228, NULL, NULL),
(258, '2025-02-07', '', '', NULL, NULL, 'VICTOR: PREPWORK', '', NULL, NULL, 0.00, 5.00, 0.00, 0.00, 0.00, 0, '2025-02-12 11:00:11', NULL, 251, NULL, NULL),
(259, '2025-02-07', '', '', NULL, NULL, 'ANGEL: DELIVER MATERIAL, CLEAN UP', '', NULL, NULL, 0.00, 3.00, 0.00, 0.00, 0.00, 0, '2025-02-12 11:01:38', NULL, 54, NULL, NULL),
(260, '2025-02-10', '', '', NULL, NULL, 'CARLOS(26): POURED GRANITE CIRCULAR, RAMPS, SW\nOSVALDO: BRICK PAVERS', NULL, NULL, NULL, 0.00, 7.00, 0.00, 0.00, 0.00, 1, '2025-02-12 20:27:12', '2025-02-19 13:16:10', 19, NULL, NULL),
(261, '2025-02-10', '', '', NULL, NULL, 'GERARDO(27): POURED SW, RAMPS TYP A', NULL, NULL, NULL, 0.00, 5.00, 0.00, 0.00, 0.00, 0, '2025-02-12 20:30:16', '2025-02-19 20:14:24', 248, NULL, NULL),
(262, '2025-02-10', '', '', NULL, NULL, 'JOSE(3.5): POURED 2 CATCH BASIN TOPS', NULL, NULL, NULL, 0.00, 4.00, 0.00, 0.00, 0.00, 0, '2025-02-12 20:31:31', '2025-02-19 20:12:31', 34, NULL, NULL),
(263, '2025-02-10', '', '', NULL, NULL, 'JULIAN: PREPWORK', '', NULL, NULL, 0.00, 4.00, 0.00, 0.00, 0.00, 0, '2025-02-12 20:32:09', NULL, 153, NULL, NULL),
(264, '2025-02-10', '', 'JUAN', NULL, NULL, 'LUIS(30): POURED SLOPE PAVING, PUMP TRUCK', NULL, NULL, NULL, 0.00, 5.00, 0.00, 0.00, 0.00, 0, '2025-02-12 20:33:46', '2025-02-24 19:36:52', 20, NULL, NULL),
(266, '2025-02-11', '', '', NULL, NULL, 'CARLOS: RAIN/SENT HOME', NULL, NULL, NULL, 0.00, 4.00, 0.00, 0.00, 0.00, 0, '2025-02-19 13:16:56', NULL, 19, NULL, NULL),
(267, '2025-02-13', '', '', NULL, NULL, 'CARLOS: GRANITE STRAIGHT\nOSVALDO: BRICK PAVERS', NULL, NULL, NULL, 0.00, 7.00, 0.00, 0.00, 0.00, 0, '2025-02-19 13:17:47', '2025-02-19 13:19:37', 19, NULL, NULL),
(268, '2025-02-14', '', '', NULL, NULL, 'CARLOS(18): GRANITE STRAIGHT\nOSVLADO: BRICK PAVERS', NULL, NULL, NULL, 0.00, 9.00, 0.00, 0.00, 0.00, 0, '2025-02-19 13:22:22', NULL, 19, NULL, NULL),
(270, '2025-02-11', '', '', NULL, NULL, 'CRUZ: UNLOAD FORMS, RAIN', NULL, NULL, NULL, 0.00, 3.00, 0.00, 0.00, 0.00, 0, '2025-02-19 20:47:38', NULL, 6, NULL, NULL),
(271, '2025-02-10', '', '', NULL, NULL, 'VICTOR(75):POURED 2 APP SLABS', NULL, NULL, NULL, 0.00, 7.00, 0.00, 0.00, 0.00, 1, '2025-02-19 20:49:57', NULL, 251, NULL, NULL),
(272, '2025-02-11', '', '', NULL, NULL, 'VICTOR: PREPWORK', NULL, NULL, NULL, 0.00, 7.00, 0.00, 0.00, 0.00, 0, '2025-02-19 20:50:53', NULL, 251, NULL, NULL),
(273, '2025-02-12', '', '', NULL, NULL, 'VICTOR(80): POURED APP SLABS', NULL, NULL, NULL, 0.00, 6.00, 0.00, 0.00, 0.00, 1, '2025-02-19 20:52:42', NULL, 251, NULL, NULL),
(274, '2025-02-11', '', '', NULL, NULL, 'FRANCISCO: RAIN', NULL, NULL, NULL, 0.00, 2.00, 0.00, 0.00, 0.00, 0, '2025-02-19 20:53:35', NULL, 87, NULL, NULL),
(275, '2025-02-14', '', '', NULL, NULL, 'VICTOR: CLEAN UP', NULL, NULL, NULL, 0.00, 3.00, 0.00, 0.00, 0.00, 0, '2025-02-19 20:54:03', NULL, 87, NULL, NULL),
(276, '2025-02-11', '', '', NULL, NULL, 'GERARDO: PREPWORK', NULL, NULL, NULL, 0.00, 4.00, 0.00, 0.00, 0.00, 0, '2025-02-19 20:56:29', NULL, 54, NULL, NULL),
(277, '2025-02-13', '', '', NULL, NULL, 'ANGEL: CLEAN UP/ MOVE EQUIPMENT', NULL, NULL, NULL, 0.00, 2.00, 0.00, 0.00, 0.00, 0, '2025-02-19 20:57:05', NULL, 54, NULL, NULL),
(278, '2025-02-11', '', '', NULL, NULL, 'JOSE: RAIN', NULL, NULL, NULL, 0.00, 4.00, 0.00, 0.00, 0.00, 0, '2025-02-19 21:03:08', NULL, 42, NULL, NULL),
(279, '2025-02-11', '', '', NULL, NULL, 'JULIAN(72): POURED 2 MEDIANS', NULL, NULL, NULL, 0.00, 7.00, 0.00, 0.00, 0.00, 0, '2025-02-19 21:05:56', '2025-02-24 18:59:00', 153, NULL, NULL),
(280, '2025-02-13', '', '', NULL, NULL, 'JULIAN, JOSE, & VICTOR S: INSPECTOR CANCELLED, CUT JOINTS ONLY', NULL, NULL, NULL, 0.00, 9.00, 0.00, 0.00, 0.00, 0, '2025-02-19 21:07:36', NULL, 153, NULL, NULL),
(281, '2025-02-14', '', '', NULL, NULL, 'JULIAN(49): POURED MEDIAN', NULL, NULL, NULL, 0.00, 6.00, 0.00, 0.00, 0.00, 0, '2025-02-19 21:08:52', '2025-02-24 18:59:38', 153, NULL, NULL),
(282, '2025-02-11', '', '', NULL, NULL, 'MIGUEL: RAIN', NULL, NULL, NULL, 0.00, 5.00, 0.00, 0.00, 0.00, 0, '2025-02-19 21:10:06', NULL, 23, NULL, NULL),
(283, '2025-02-13', '', '', NULL, NULL, 'MIGUEL: PREPWORK', NULL, NULL, NULL, 0.00, 5.00, 0.00, 0.00, 0.00, 0, '2025-02-19 21:10:51', NULL, 23, NULL, NULL),
(284, '2025-02-14', '', 'OMARI', NULL, NULL, 'MIGUEL(60): POURED CURB, CURB MACHINE\n\nHAD PROBLEMS WITH MIX, WASN\'T ABLE TO USE ALL OF CONCRETE. RETURNED 27CY TOO WET', NULL, NULL, NULL, 0.00, 5.00, 286.00, 0.00, 0.00, 0, '2025-02-19 21:12:43', '2025-02-24 21:14:56', 23, NULL, 1),
(285, '2025-02-11', '', '', NULL, NULL, 'VICTOR S: STRIP FORMS/ CATCH BASIN TOPS', NULL, NULL, NULL, 0.00, 5.00, 0.00, 0.00, 0.00, 0, '2025-02-19 21:15:00', NULL, 248, NULL, NULL),
(286, '2025-02-14', '', '', NULL, NULL, 'CRUZ: PUNCHLIST, CLEAN/PATCH/WATERPROOF WALL', NULL, NULL, NULL, 0.00, 4.00, 0.00, 0.00, 0.00, 0, '2025-02-19 21:17:37', NULL, 105, NULL, NULL),
(287, '2025-02-11', '', '', NULL, NULL, 'VICTOR S & FRANCISCO(27): POURED C&G', NULL, NULL, NULL, 0.00, 6.00, 0.00, 0.00, 0.00, 0, '2025-02-19 21:20:38', '2025-02-19 21:20:59', 22, NULL, NULL),
(288, '2025-02-14', '', '', NULL, NULL, 'GERARDO(9): POURED HEADER CURB', NULL, NULL, NULL, 0.00, 4.00, 0.00, 0.00, 0.00, 1, '2025-02-19 21:22:35', '2025-02-19 21:29:37', 257, NULL, NULL),
(289, '2025-02-14', '', '', NULL, NULL, 'JOSE(3): POURED 2 CATCH BASIN TOPS', NULL, NULL, NULL, 0.00, 4.00, 0.00, 0.00, 0.00, 0, '2025-02-19 21:24:28', '2025-02-24 19:09:37', 34, NULL, NULL),
(290, '2025-02-14', '', '', NULL, NULL, 'LUIS(2): POURED 1 RAMPS, 1 2X4 STAMP', NULL, NULL, NULL, 0.00, 2.00, 286.00, 0.00, 0.00, 0, '2025-02-19 21:25:33', '2025-02-24 21:01:10', 114, NULL, 1),
(291, '2025-02-14', '', '', NULL, NULL, 'VICTOR S & FRANCISCO(27): POURED C&G', NULL, NULL, NULL, 0.00, 6.00, 0.00, 0.00, 0.00, 1, '2025-02-19 21:28:13', NULL, 22, NULL, NULL),
(292, '2025-02-12', '', '', NULL, NULL, 'LUIS: INSTALL DESTECTABLE WARNING SURFACE', NULL, NULL, NULL, 0.00, 3.00, 0.00, 0.00, 0.00, 1, '2025-02-25 14:13:47', NULL, 282, NULL, NULL),
(293, '2025-02-13', '', '', NULL, NULL, 'LUIS: INSTALL DETECTABLE WARNING SURFACE', NULL, NULL, NULL, 0.00, 3.00, 0.00, 0.00, 0.00, 1, '2025-02-25 14:14:47', NULL, 282, NULL, NULL),
(294, '2025-02-17', '', '', NULL, NULL, 'CARLOS: PREPWORK', NULL, NULL, NULL, 0.00, 4.00, 0.00, 0.00, 0.00, 0, '2025-02-25 14:17:26', NULL, 19, NULL, NULL),
(295, '2025-02-18', '', '', NULL, NULL, 'CARLOS(9): POURED GRANITE STRAIGHT\nJULIAN(20.5): POURED CLASS B WIDEN, DW, SW,', NULL, NULL, NULL, 0.00, 10.00, 0.00, 0.00, 0.00, 1, '2025-02-25 14:19:00', '2025-02-25 14:24:41', 19, NULL, NULL),
(297, '2025-02-17', '', '', NULL, NULL, 'CRUZ: CLEAN UP', NULL, NULL, NULL, 0.00, 2.00, 0.00, 0.00, 0.00, 0, '2025-02-25 14:25:42', NULL, 87, NULL, NULL),
(298, '2025-02-17', '', '', NULL, NULL, 'FRANCISCO & JOSE(15.5): POURED C&G', NULL, NULL, NULL, 0.00, 6.00, 0.00, 0.00, 0.00, 1, '2025-02-25 14:28:27', NULL, 42, NULL, NULL),
(299, '2025-02-18', '', '', NULL, NULL, 'FRANCISCO & VICTOR S. (21.5): POURED CLASS B WIDEN, C&G', NULL, NULL, NULL, 0.00, 5.00, 0.00, 0.00, 0.00, 1, '2025-02-25 14:30:20', NULL, 42, NULL, NULL),
(300, '2025-02-17', '', '', NULL, NULL, 'GERARDO(46): POURED STAMPED BLISTER', NULL, NULL, NULL, 0.00, 4.00, 0.00, 0.00, 0.00, 1, '2025-02-25 14:35:59', '2025-02-25 14:36:07', 54, NULL, NULL),
(301, '2025-02-18', '', '', NULL, NULL, 'GERARDO(19): POURED C&G, RAMPS, SW, DROP INLETS', NULL, NULL, NULL, 0.00, 4.00, 0.00, 0.00, 0.00, 1, '2025-02-25 14:38:15', NULL, 54, NULL, NULL),
(302, '2025-02-17', '', '', NULL, NULL, 'JULIAN(42.5): POURED HEADER CURB, MEDIAN', NULL, NULL, NULL, 0.00, 7.00, 0.00, 0.00, 0.00, 1, '2025-02-25 14:41:11', NULL, 153, NULL, NULL),
(305, '2025-02-17', '', '', NULL, NULL, 'MIGUEL(72): POURED C&G, CURB MACHINE', NULL, NULL, NULL, 0.00, 5.00, 0.00, 0.00, 0.00, 1, '2025-02-25 14:56:20', NULL, 23, NULL, NULL),
(306, '2025-02-18', '', '', NULL, NULL, 'MIGUEL(99): POURED C&G, CURB MACHINE', NULL, NULL, NULL, 0.00, 5.00, 0.00, 0.00, 0.00, 1, '2025-02-25 14:58:48', NULL, 23, NULL, NULL),
(307, '2025-02-19', '', '', NULL, NULL, 'MIGUEL: PREPWORK', NULL, NULL, NULL, 0.00, 5.00, 0.00, 0.00, 0.00, 0, '2025-02-25 14:59:32', NULL, 23, NULL, NULL),
(308, '2025-02-17', '', '', NULL, NULL, 'VICTOR: PREPWORK', NULL, NULL, NULL, 0.00, 5.00, 0.00, 0.00, 0.00, 0, '2025-02-25 15:04:28', NULL, 104, NULL, NULL),
(309, '2025-02-18', '', '', NULL, NULL, 'VICTOR(14): POURED 4 PCS?', NULL, NULL, NULL, 0.00, 5.00, 0.00, 0.00, 0.00, 0, '2025-02-25 15:06:07', NULL, 104, NULL, NULL),
(310, '2025-02-21', '', '', NULL, NULL, 'VICTOR: PREPWORK', NULL, NULL, NULL, 0.00, 4.00, 0.00, 0.00, 0.00, 0, '2025-02-25 15:07:05', NULL, 104, NULL, NULL),
(311, '2025-02-17', '', '', NULL, NULL, 'VICTOR S(27): POURED C&G', NULL, NULL, NULL, 0.00, 4.00, 0.00, 0.00, 0.00, 1, '2025-02-25 15:09:12', NULL, 22, NULL, NULL),
(312, '2025-02-17', '', '', NULL, NULL, 'VICTORINO(27): POURED DW, SW', NULL, NULL, NULL, 0.00, 5.00, 0.00, 0.00, 0.00, 1, '2025-02-25 15:12:08', NULL, 229, NULL, NULL),
(313, '2025-02-18', '', '', NULL, NULL, 'VICTORINO(25): POURED ', NULL, NULL, NULL, 0.00, 5.00, 0.00, 0.00, 0.00, 0, '2025-02-25 15:14:48', NULL, 229, NULL, NULL),
(314, '2025-02-18', '', '', NULL, NULL, 'CRUZ & JOSE: PREPWORK', NULL, NULL, NULL, 0.00, 5.00, 0.00, 0.00, 0.00, 0, '2025-02-25 15:23:24', NULL, 6, NULL, NULL),
(315, '2025-02-19', '', '', NULL, NULL, 'VICTOR: CLEAN UP', NULL, NULL, NULL, 0.00, 3.00, 0.00, 0.00, 0.00, 0, '2025-02-28 15:02:18', NULL, 251, NULL, NULL),
(316, '2025-02-20', '', '', NULL, NULL, 'MIGUEL: PREPWORK', NULL, NULL, NULL, 0.00, 5.00, 0.00, 0.00, 0.00, 0, '2025-02-28 15:13:51', NULL, 23, NULL, NULL),
(317, '2025-02-21', '', '', NULL, NULL, 'MIGUEL: SENT HOME', NULL, NULL, NULL, 0.00, 5.00, 0.00, 0.00, 0.00, 0, '2025-02-28 15:14:36', NULL, 23, NULL, NULL);
INSERT INTO `data_tracking` (`id`, `date`, `station_number`, `measured_by`, `conc_vendor`, `crew_lead`, `notes`, `other_materials`, `total_conc_used`, `conc_price`, `total_stamps`, `total_people`, `overhead_price`, `color_used`, `color_price`, `pending`, `created_at`, `updated_at`, `project_id`, `inspector_id`, `overhead_price_id`) VALUES
(318, '2025-02-24', '', '', NULL, NULL, 'MIGUEL(72): POURED C&G', NULL, NULL, NULL, 0.00, 5.00, 0.00, 0.00, 0.00, 1, '2025-02-28 15:15:52', NULL, 23, NULL, NULL),
(319, '2025-02-25', '', '', NULL, NULL, 'MIGUEL(90): POURED CG, SW', NULL, NULL, NULL, 0.00, 5.00, 0.00, 0.00, 0.00, 1, '2025-02-28 15:17:16', NULL, 23, NULL, NULL),
(320, '2025-02-21', '', '', NULL, NULL, 'CARLOS: PREPWORK', NULL, NULL, NULL, 0.00, 3.00, 0.00, 0.00, 0.00, 0, '2025-02-28 15:19:22', NULL, 19, NULL, NULL),
(321, '2025-02-24', '', '', NULL, NULL, 'CARLOS(22.5): POURED GRANITE STRAIGHT, SW\nOSVALDO: BRICK PAVERS', NULL, NULL, NULL, 0.00, 8.00, 0.00, 0.00, 0.00, 1, '2025-02-28 15:21:57', NULL, 19, NULL, NULL),
(322, '2025-02-25', '', '', NULL, NULL, 'CARLOS(18): POURED DW\nOSVALDO: BRICK PAVERS', NULL, NULL, NULL, 0.00, 9.00, 0.00, 0.00, 0.00, 1, '2025-02-28 15:23:50', NULL, 19, NULL, NULL),
(323, '2025-02-26', '', '', NULL, NULL, 'CARLOS & FRANCISCO(35): POURED DW, SW, RAMPS\nOSVALDO: BRICK PAVERS', NULL, NULL, NULL, 0.00, 12.00, 0.00, 0.00, 0.00, 1, '2025-02-28 15:26:14', NULL, 19, NULL, NULL),
(324, '2025-02-27', '', '', NULL, NULL, 'CARLOS:\nOSVALDO: BRICK PAVERS', NULL, NULL, NULL, 0.00, 4.00, 0.00, 0.00, 0.00, 1, '2025-02-28 15:27:47', NULL, 19, NULL, NULL),
(325, '2025-02-21', '', '', NULL, NULL, 'JOSE & FRANCISCO: PRPWORK', NULL, NULL, NULL, 0.00, 5.00, 0.00, 0.00, 0.00, 0, '2025-02-28 15:29:09', NULL, 73, NULL, NULL),
(326, '2025-02-24', '', '', NULL, NULL, 'JOSE(34); POURED DITCH PAVING', NULL, NULL, NULL, 0.00, 4.00, 0.00, 0.00, 0.00, 1, '2025-02-28 15:30:29', NULL, 73, NULL, NULL),
(327, '2025-02-21', '', '', NULL, NULL, 'GERARDO(13.5): POURD HEADER CURB', NULL, NULL, NULL, 0.00, 5.00, 0.00, 0.00, 0.00, 1, '2025-02-28 15:32:50', NULL, 257, NULL, NULL),
(328, '2025-02-25', '', '', NULL, NULL, 'GERARDO: PREPWORK', NULL, NULL, NULL, 0.00, 4.00, 0.00, 0.00, 0.00, 0, '2025-02-28 16:06:21', NULL, 257, NULL, NULL),
(329, '2025-02-21', '', '', NULL, NULL, 'JULIAN(22.5): POURD C&G, HC, RAMPS, SW', NULL, NULL, NULL, 0.00, 7.00, 0.00, 0.00, 0.00, 1, '2025-02-28 16:13:51', NULL, 153, NULL, NULL),
(330, '2025-02-24', '', '', NULL, NULL, 'JULIAN(33): POURED STAMPED CONC', NULL, NULL, NULL, 0.00, 6.00, 0.00, 0.00, 0.00, 1, '2025-02-28 16:15:42', NULL, 153, NULL, NULL),
(331, '2025-02-17', '', '', NULL, NULL, 'LUIS: PREPWORK', NULL, NULL, NULL, 0.00, 3.00, 0.00, 0.00, 0.00, 0, '2025-02-28 16:17:31', NULL, 284, NULL, NULL),
(332, '2025-02-18', '', '', NULL, NULL, 'LUIS(18): POURED C&G TP7 & TP9', NULL, NULL, NULL, 0.00, 5.00, 0.00, 0.00, 0.00, 1, '2025-02-28 16:19:18', NULL, 284, NULL, NULL),
(333, '2025-02-21', '', '', NULL, NULL, 'LUIS & VICTOR S.(9): POURD C&G', NULL, NULL, NULL, 0.00, 5.00, 0.00, 0.00, 0.00, 1, '2025-02-28 16:20:59', NULL, 284, NULL, NULL),
(334, '2025-02-24', '', '', NULL, NULL, 'LUIS(22.5): POURED CLASS B WIDEN, DW', NULL, NULL, NULL, 0.00, 4.00, 0.00, 0.00, 0.00, 1, '2025-02-28 16:23:50', NULL, 284, NULL, NULL),
(335, '2025-02-25', '', '', NULL, NULL, 'LUIS(22.5): POURED ROUNDABOUT, DW', NULL, NULL, NULL, 0.00, 4.00, 0.00, 0.00, 0.00, 1, '2025-02-28 16:25:04', NULL, 284, NULL, NULL),
(336, '2025-02-26', '', '', NULL, NULL, 'LUIS(14): POURED ROUNDABOUT', NULL, NULL, NULL, 0.00, 3.00, 0.00, 0.00, 0.00, 1, '2025-02-28 16:26:08', NULL, 284, NULL, NULL),
(337, '2025-02-28', '', '', NULL, NULL, 'CHUY & VICTORINO (62): POURED SW\nOSVALDO: PAVERS', NULL, NULL, NULL, 0.00, 4.00, 0.00, 0.00, 0.00, 1, '2025-03-03 18:59:51', NULL, 19, NULL, NULL),
(338, '2025-02-24', '', '', NULL, NULL, 'CRUZ: PREPWORK', NULL, NULL, NULL, 0.00, 3.00, 0.00, 0.00, 0.00, 0, '2025-03-03 21:25:58', NULL, 6, NULL, NULL),
(339, '2025-02-25', '', '', NULL, NULL, 'CRUZ(15): POURED WALL', NULL, NULL, NULL, 0.00, 3.00, 0.00, 0.00, 0.00, 1, '2025-03-03 21:27:04', NULL, 6, NULL, NULL),
(340, '2025-02-26', '', '', NULL, NULL, 'CRUZ: PREPWORK', NULL, NULL, NULL, 0.00, 3.00, 0.00, 0.00, 0.00, 0, '2025-03-03 21:28:09', NULL, 6, NULL, NULL),
(341, '2025-02-27', '', '', NULL, NULL, 'CRUZ: PREPWORK', NULL, NULL, NULL, 0.00, 3.00, 0.00, 0.00, 0.00, 0, '2025-03-03 21:29:01', NULL, 6, NULL, NULL),
(342, '2025-02-28', '', '', NULL, NULL, 'CRUZ(21.5): POURED WALL', NULL, NULL, NULL, 0.00, 3.00, 0.00, 0.00, 0.00, 1, '2025-03-03 21:30:08', NULL, 6, NULL, NULL),
(343, '2025-02-24', '', '', NULL, NULL, 'FRANCISCO(16): POURED SIDEWALK', NULL, NULL, NULL, 0.00, 4.00, 0.00, 0.00, 0.00, 1, '2025-03-03 21:31:57', NULL, 229, NULL, NULL),
(344, '2025-02-25', '', '', NULL, NULL, 'FRANCISCO(18): POURED SIDEWALK, RAMPS', NULL, NULL, NULL, 0.00, 3.00, 0.00, 0.00, 0.00, 1, '2025-03-03 21:33:00', NULL, 229, NULL, NULL),
(345, '2025-02-24', '', '', NULL, NULL, 'GERARDO(18): POURED STAMPED COLOR CONC', NULL, NULL, NULL, 0.00, 4.00, 0.00, 0.00, 0.00, 1, '2025-03-03 21:34:34', NULL, 54, NULL, NULL),
(346, '2025-02-27', '', '', NULL, NULL, 'FRANCISCO: PREPWORK', NULL, NULL, NULL, 0.00, 4.00, 0.00, 0.00, 0.00, 0, '2025-03-03 21:35:36', NULL, 73, NULL, NULL),
(347, '2025-02-28', '', '', NULL, NULL, 'JOSE(27): POURED DITCH PAVING, PUMP TRUCK', NULL, NULL, NULL, 0.00, 5.00, 0.00, 0.00, 0.00, 1, '2025-03-03 21:37:14', NULL, 73, NULL, NULL),
(348, '2025-02-27', '', '', NULL, NULL, 'LUIS(19.5): POURED DW', NULL, NULL, NULL, 0.00, 4.00, 0.00, 0.00, 0.00, 1, '2025-03-03 21:39:16', NULL, 284, NULL, NULL),
(349, '2025-02-28', '', '', NULL, NULL, 'LUIS(9): POURED DW', NULL, NULL, NULL, 0.00, 3.00, 0.00, 0.00, 0.00, 1, '2025-03-03 21:40:09', NULL, 284, NULL, NULL),
(350, '2025-02-26', '', '', NULL, NULL, 'MIGUEL(72): POURED C&G, CURB MACHINE', NULL, NULL, NULL, 0.00, 5.00, 0.00, 0.00, 0.00, 1, '2025-03-03 21:42:07', NULL, 23, NULL, NULL),
(351, '2025-02-24', '', '', NULL, NULL, 'VICTOR(16): POURED 4 THROATS', NULL, NULL, NULL, 0.00, 4.00, 0.00, 0.00, 0.00, 1, '2025-03-03 21:43:31', NULL, 104, NULL, NULL),
(352, '2025-02-25', '', '', NULL, NULL, 'VICTOR(6.5): POURED 4 TOPS', NULL, NULL, NULL, 0.00, 4.00, 0.00, 0.00, 0.00, 1, '2025-03-03 21:44:37', NULL, 104, NULL, NULL),
(353, '2025-02-26', '', '', NULL, NULL, 'VICTOR(10):POURED 4 TOPS', NULL, NULL, NULL, 0.00, 4.00, 0.00, 0.00, 0.00, 1, '2025-03-03 21:45:38', NULL, 104, NULL, NULL),
(354, '2025-02-27', '', '', NULL, NULL, 'VICTOR(6): POURED SPILLWAYS\n\n*LOST 1 TRUCK OF CONC THAT ARRIVED AT 1PM*', NULL, NULL, NULL, 0.00, 4.00, 0.00, 0.00, 0.00, 1, '2025-03-03 21:47:08', NULL, 104, NULL, NULL),
(355, '2025-02-28', '', '', NULL, NULL, 'VICTOR(17): POURED 1 TOP, SPILLWAYS', NULL, NULL, NULL, 0.00, 4.00, 0.00, 0.00, 0.00, 1, '2025-03-03 21:48:29', NULL, 104, NULL, NULL),
(356, '2025-02-24', '', '', NULL, NULL, 'VICTORM S(27): POURED DW 8IN', NULL, NULL, NULL, 0.00, 4.00, 0.00, 0.00, 0.00, 1, '2025-03-03 21:50:17', NULL, 69, NULL, NULL),
(357, '2025-02-25', '', '', NULL, NULL, 'VICTOR S(32): POURED C&G, DW, SW, RAMPS', NULL, NULL, NULL, 0.00, 4.00, 0.00, 0.00, 0.00, 1, '2025-03-03 21:51:34', NULL, 69, NULL, NULL),
(358, '2025-02-26', '', '', NULL, NULL, 'VICTOR S(15): POURED C&G, HC', NULL, NULL, NULL, 0.00, 4.00, 0.00, 0.00, 0.00, 1, '2025-03-03 21:52:46', NULL, 69, NULL, NULL),
(359, '2025-02-27', '', '', NULL, NULL, 'VICTORO S(18): POURED SW', NULL, NULL, NULL, 0.00, 4.00, 0.00, 0.00, 0.00, 1, '2025-03-03 21:53:49', NULL, 69, NULL, NULL),
(360, '2025-02-28', '', '', NULL, NULL, 'VICTOR S(18): POURED SW', NULL, NULL, NULL, 0.00, 3.00, 0.00, 0.00, 0.00, 1, '2025-03-03 21:54:41', NULL, 69, NULL, NULL),
(361, '2025-03-05', '324', '245', NULL, 'undefined', 'VICTOR S & FRANCISCO(101.5): POURED DW 8IN', '0', NULL, NULL, 0.00, 9.00, 286.00, 450.00, 450.00, 0, '2025-03-03 21:56:21', '2025-09-19 01:50:27', 69, 8, 1),
(362, '2025-02-24', '', '', NULL, NULL, 'VICTORINO(9): POURED SW', NULL, NULL, NULL, 0.00, 5.00, 0.00, 0.00, 0.00, 1, '2025-03-03 21:58:49', NULL, 256, NULL, NULL),
(363, '2025-02-25', '', '', NULL, NULL, 'VICTORINO(18): POURED DW, SW', NULL, NULL, NULL, 0.00, 4.00, 0.00, 0.00, 0.00, 1, '2025-03-03 22:01:25', NULL, 256, NULL, NULL),
(364, '2025-02-26', '', '', NULL, NULL, 'ANGEL(16): POURED DW, SW, RAMP', NULL, NULL, NULL, 0.00, 3.00, 0.00, 0.00, 0.00, 1, '2025-03-03 22:13:03', NULL, 256, NULL, NULL),
(365, '2025-02-27', '', '', NULL, 'undefined', 'MIGUEL(18): POURED ??', '0', NULL, NULL, 0.00, 5.00, 0.00, 50.00, 50.00, 1, '2025-03-03 22:17:13', '2025-09-17 01:44:16', 256, NULL, NULL),
(366, '2025-02-24', '', '', NULL, NULL, 'VICTOR G(10): POURED C&G, SW', NULL, NULL, NULL, 0.00, 4.00, 0.00, 0.00, 0.00, 1, '2025-03-03 22:19:20', NULL, 248, NULL, NULL),
(367, '2025-02-25', '', '', NULL, NULL, 'VICTOR G(40): POURED C&G, SW, RAMPS', NULL, NULL, NULL, 0.00, 4.00, 0.00, 0.00, 0.00, 1, '2025-03-03 22:20:53', NULL, 248, NULL, NULL),
(368, '2025-02-26', '', '', NULL, NULL, 'GERARDO(28): POURED SW, RAMPS', NULL, NULL, NULL, 0.00, 4.00, 0.00, 0.00, 0.00, 1, '2025-03-03 22:21:50', NULL, 248, NULL, NULL),
(369, '2025-02-27', '', '', NULL, NULL, 'GERARDO(20): POURED RAMPS, SW', NULL, NULL, NULL, 0.00, 4.00, 0.00, 0.00, 0.00, 1, '2025-03-03 22:24:17', NULL, 248, NULL, NULL),
(370, '2025-02-28', '', '', NULL, NULL, 'MIGUEL(30): POURED C&G, SW, RAMPS', NULL, NULL, NULL, 0.00, 5.00, 0.00, 0.00, 0.00, 1, '2025-03-03 22:25:26', NULL, 248, NULL, NULL),
(371, '2025-02-25', '', '', NULL, NULL, 'JOSE(8): POURED C&G', NULL, NULL, NULL, 0.00, 4.00, 0.00, 0.00, 0.00, 1, '2025-03-03 22:27:09', NULL, 288, NULL, NULL),
(372, '2025-02-25', '', '', NULL, NULL, 'JULIAN(45): POURED SW, WATERY?', NULL, NULL, NULL, 0.00, 4.00, 0.00, 0.00, 0.00, 1, '2025-03-03 22:29:33', NULL, 42, NULL, NULL),
(373, '2025-02-26', '', '', NULL, NULL, 'VICTORINO(42): POURED CLASS B WIDEN', NULL, NULL, NULL, 0.00, 5.00, 0.00, 0.00, 0.00, 1, '2025-03-03 22:30:44', NULL, 42, NULL, NULL),
(374, '2025-02-26', '', '', NULL, NULL, 'JOSE(6): POURED HC', NULL, NULL, NULL, 0.00, 3.00, 0.00, 0.00, 0.00, 1, '2025-03-03 22:32:13', NULL, 52, NULL, NULL),
(375, '2025-02-27', '', '', NULL, NULL, 'JOSE(15): POURED HC', NULL, NULL, NULL, 0.00, 4.00, 0.00, 0.00, 0.00, 1, '2025-03-03 22:33:19', NULL, 52, NULL, NULL),
(376, '2025-02-26', '', '', NULL, NULL, 'JULIAN: PREPWORK', NULL, NULL, NULL, 0.00, 4.00, 0.00, 0.00, 0.00, 0, '2025-03-03 22:34:55', NULL, 228, NULL, NULL),
(377, '2025-02-27', '', '', NULL, NULL, 'JULIAN(60): POURED DW', NULL, NULL, NULL, 0.00, 4.00, 0.00, 0.00, 0.00, 1, '2025-03-03 22:35:55', NULL, 228, NULL, NULL),
(378, '2025-02-28', '', '', NULL, NULL, 'JULIAN(30): POURED C&G, DW', NULL, NULL, NULL, 0.00, 4.00, 0.00, 0.00, 0.00, 1, '2025-03-03 22:38:08', NULL, 228, NULL, NULL),
(379, '2025-02-26', '', '', NULL, NULL, 'VICTOR G(14): POURED C&G', NULL, NULL, NULL, 0.00, 4.00, 0.00, 0.00, 0.00, 1, '2025-03-03 22:40:24', NULL, 102, NULL, NULL),
(380, '2025-02-27', '', '', NULL, NULL, 'VICTOR G(24): POURED C&G, DW', NULL, NULL, NULL, 0.00, 4.00, 0.00, 0.00, 0.00, 1, '2025-03-03 22:44:02', NULL, 102, NULL, NULL),
(381, '2025-02-28', '', '', NULL, NULL, 'VICTOR G(11.5): POURED C&G', NULL, NULL, NULL, 0.00, 4.00, 0.00, 0.00, 0.00, 1, '2025-03-03 22:45:17', NULL, 102, NULL, NULL),
(382, '2025-02-27', '', '', NULL, NULL, 'CARLOS: PREPWORK', NULL, NULL, NULL, 0.00, 3.00, 0.00, 0.00, 0.00, 0, '2025-03-03 22:46:19', NULL, 13, NULL, NULL),
(383, '2025-02-28', '', '', NULL, NULL, 'CARLOS: PREPWORK', NULL, NULL, NULL, 0.00, 3.00, 0.00, 0.00, 0.00, 0, '2025-03-03 22:46:47', NULL, 13, NULL, NULL),
(384, '2025-02-28', '', '', NULL, NULL, 'FRANCISCO(27): POURED CLASS B WIDEN, C&G, SW', NULL, NULL, NULL, 0.00, 4.00, 0.00, 0.00, 0.00, 1, '2025-03-03 22:48:32', NULL, 87, NULL, NULL),
(385, '2025-02-28', '', '', NULL, NULL, 'GERARDO(21): POURED C&G, FLUME, RAMPS', NULL, NULL, NULL, 0.00, 4.00, 0.00, 0.00, 0.00, 1, '2025-03-03 22:50:02', NULL, 257, NULL, NULL),
(386, '2025-11-07', '4335435', 'Marcel', NULL, 'undefined', '', '0', NULL, NULL, 0.00, 1.00, 286.00, 10.00, 10.00, 0, '2025-11-07 18:04:47', NULL, 69, 11, 1),
(387, '2025-10-07', '4335435', '', NULL, 'undefined', '', '0', NULL, NULL, 0.00, 0.00, 0.00, 0.00, 0.00, 0, '2025-11-19 00:16:21', NULL, 254, 11, NULL),
(388, '2025-11-18', '', '', NULL, 'undefined', '', '0', NULL, NULL, 0.00, 0.00, 0.00, 0.00, 0.00, 0, '2025-11-19 00:16:53', '2025-12-06 15:22:14', 254, 11, NULL),
(389, '2025-09-09', '', '', NULL, 'undefined', '', '0', NULL, NULL, 0.00, 0.00, 0.00, 0.00, 0.00, 0, '2025-11-19 00:17:34', NULL, 254, 11, NULL);

-- --------------------------------------------------------

--
-- Estructura de tabla para la tabla `data_tracking_attachment`
--

CREATE TABLE `data_tracking_attachment` (
  `id` int(11) NOT NULL,
  `name` varchar(255) DEFAULT NULL,
  `file` varchar(255) DEFAULT NULL,
  `data_tracking_id` int(11) DEFAULT NULL
) ENGINE=InnoDB DEFAULT CHARSET=utf8mb4;

-- --------------------------------------------------------

--
-- Estructura de tabla para la tabla `data_tracking_conc_vendor`
--

CREATE TABLE `data_tracking_conc_vendor` (
  `id` int(11) NOT NULL,
  `conc_vendor` varchar(255) DEFAULT NULL,
  `total_conc_used` decimal(18,2) DEFAULT NULL,
  `conc_price` decimal(18,2) DEFAULT NULL,
  `data_tracking_id` int(11) DEFAULT NULL,
  `vendor_id` int(11) DEFAULT NULL
) ENGINE=InnoDB DEFAULT CHARSET=utf8mb4;

--
-- Volcado de datos para la tabla `data_tracking_conc_vendor`
--

INSERT INTO `data_tracking_conc_vendor` (`id`, `conc_vendor`, `total_conc_used`, `conc_price`, `data_tracking_id`, `vendor_id`) VALUES
(6, NULL, 16.00, 209.58, 78, 1),
(7, NULL, 27.00, 205.45, 79, 2),
(8, NULL, 27.00, 210.42, 80, 2),
(9, NULL, 18.00, 150.00, 82, 3),
(10, NULL, 18.00, 150.00, 83, 4),
(11, NULL, 18.00, 1510.00, 84, 5),
(12, NULL, 18.00, 150.00, 85, 5),
(13, NULL, 18.00, 150.00, 86, 5),
(14, NULL, 18.00, 150.00, 87, 5),
(15, NULL, 9.00, 150.00, 88, 5),
(16, NULL, 14.00, 150.00, 100, 6),
(17, NULL, 19.00, 150.00, 102, 7),
(18, NULL, 17.50, 150.00, 103, 7),
(19, NULL, 11.00, 150.00, 104, 8),
(20, NULL, 7.00, 150.00, 105, 8),
(21, NULL, 37.00, 150.00, 111, 5),
(22, NULL, 17.00, 150.00, 112, 9),
(23, NULL, 27.00, 150.00, 114, 9),
(24, NULL, 18.00, 150.00, 114, 2),
(25, NULL, 9.00, 150.00, 115, 2),
(26, NULL, 27.00, 150.00, 116, 9),
(27, NULL, 36.00, 150.00, 116, 5),
(28, NULL, 54.00, 150.00, 117, 5),
(29, NULL, 72.00, 150.00, 118, 5),
(30, NULL, 23.00, 150.00, 119, 5),
(31, NULL, 14.00, 150.00, 124, 9),
(32, NULL, 8.00, 150.00, 126, 10),
(33, NULL, 13.00, 150.00, 127, 10),
(34, NULL, 6.00, 150.00, 128, 10),
(37, NULL, 20.00, 150.00, 131, 10),
(38, NULL, 20.00, 150.00, 132, 10),
(39, NULL, 13.00, 150.00, 133, 10),
(40, NULL, 29.00, 150.00, 134, 11),
(41, NULL, 30.00, 150.00, 135, 11),
(42, NULL, 7.00, 150.00, 136, 12),
(43, NULL, 15.50, 150.00, 137, 12),
(44, NULL, 18.00, 189.00, 138, 13),
(45, NULL, 20.00, 150.00, 139, 13),
(46, NULL, 34.50, 150.00, 140, 13),
(47, NULL, 10.00, 150.00, 141, 13),
(48, NULL, 30.00, 150.00, 141, 4),
(49, NULL, 50.00, 150.00, 142, 13),
(50, NULL, 9.00, 150.00, 143, 1),
(51, NULL, 27.00, 150.00, 144, 1),
(52, NULL, 27.00, 150.00, 145, 14),
(53, NULL, 18.00, 150.00, 146, 14),
(54, NULL, 31.00, 150.00, 148, 15),
(55, NULL, 25.50, 150.00, 151, 9),
(56, NULL, 21.00, 150.00, 115, 9),
(57, NULL, 6.00, 150.00, 153, 9),
(58, NULL, 22.50, 150.00, 154, 9),
(59, NULL, 18.00, 150.00, 156, 1),
(60, NULL, 6.00, 150.00, 157, 1),
(61, NULL, 222.50, 150.00, 158, 5),
(62, NULL, 45.00, 150.00, 160, 5),
(63, NULL, 30.00, 150.00, 162, 5),
(64, NULL, 25.00, 150.00, 163, 5),
(65, NULL, 32.50, 150.00, 164, 5),
(66, NULL, 30.00, 150.00, 167, 4),
(67, NULL, 19.00, 150.00, 168, 4),
(68, NULL, 27.00, 150.00, 169, 5),
(69, NULL, 18.00, 150.00, 172, 5),
(70, NULL, 9.00, 150.00, 174, 1),
(71, NULL, 36.00, 150.00, 174, 5),
(72, NULL, 9.00, 150.00, 175, 1),
(73, NULL, 60.00, 150.00, 176, 5),
(74, NULL, 6.00, 150.00, 177, 5),
(75, NULL, 11.50, 195.00, 180, 2),
(76, NULL, 18.00, 195.00, 150, 2),
(77, NULL, 17.00, 150.00, 183, 16),
(78, NULL, 9.00, 150.00, 184, 16),
(79, NULL, 8.50, 150.00, 185, 16),
(80, NULL, 2.00, 150.00, 186, 16),
(81, NULL, 16.50, 150.00, 188, 13),
(82, NULL, 50.00, 150.00, 189, 13),
(83, NULL, 40.00, 150.00, 190, 13),
(84, NULL, 54.00, 150.00, 193, 17),
(85, NULL, 54.00, 150.00, 194, 17),
(86, NULL, 47.00, 150.00, 195, 17),
(87, NULL, 9.00, 150.00, 196, 9),
(88, NULL, 18.00, 150.00, 197, 9),
(89, NULL, 9.00, 150.00, 198, 9),
(90, NULL, 2.00, 150.00, 199, 7),
(91, NULL, 36.00, 150.00, 200, 4),
(92, NULL, 20.00, 150.00, 201, 4),
(93, NULL, 37.00, 150.00, 202, 4),
(94, NULL, 27.00, 150.00, 113, 18),
(95, NULL, 27.00, 150.00, 203, 14),
(96, NULL, 18.00, 150.00, 204, 14),
(97, NULL, 27.00, 150.00, 205, 14),
(98, NULL, 9.00, 150.00, 207, 1),
(99, NULL, 9.00, 150.00, 208, 1),
(100, NULL, 9.00, 150.00, 209, 5),
(101, NULL, 9.00, 150.00, 210, 5),
(102, NULL, 26.50, 150.00, 212, 5),
(105, NULL, 21.00, 150.00, 215, 5),
(106, NULL, 4.00, 150.00, 216, 9),
(107, NULL, 14.50, 150.00, 217, 9),
(108, NULL, 18.00, 150.00, 218, 9),
(109, NULL, 27.00, 150.00, 219, 9),
(110, NULL, 5.00, 150.00, 220, 9),
(111, NULL, 9.00, 150.00, 221, 5),
(112, NULL, 9.00, 150.00, 222, 5),
(113, NULL, 13.00, 150.00, 223, 5),
(114, NULL, 9.00, 150.00, 224, 5),
(115, NULL, 7.50, 150.00, 225, 5),
(116, NULL, 26.50, 150.00, 226, 5),
(117, NULL, 20.00, 150.00, 227, 5),
(118, NULL, 13.00, 150.00, 228, 5),
(119, NULL, 37.50, 150.00, 229, 5),
(120, NULL, 37.50, 150.00, 230, 5),
(121, NULL, 27.00, 150.00, 232, 8),
(122, NULL, 18.00, 150.00, 233, 8),
(123, NULL, 22.50, 150.00, 234, 8),
(124, NULL, 27.00, 150.00, 235, 8),
(125, NULL, 27.00, 150.00, 236, 14),
(126, NULL, 27.00, 150.00, 237, 14),
(127, NULL, 36.00, 150.00, 238, 14),
(128, NULL, 27.00, 150.00, 239, 14),
(129, NULL, 36.00, 150.00, 240, 14),
(130, NULL, 25.00, 150.00, 241, 1),
(131, NULL, 9.00, 150.00, 242, 1),
(132, NULL, 16.00, 150.00, 243, 1),
(133, NULL, 9.00, 150.00, 244, 1),
(134, NULL, 27.00, 150.00, 244, 5),
(135, NULL, 26.50, 150.00, 245, 13),
(136, NULL, 27.00, 150.00, 246, 14),
(137, NULL, 22.00, 150.00, 247, 14),
(138, NULL, 18.50, 150.00, 249, 7),
(144, NULL, 18.00, 150.00, 256, 9),
(145, NULL, 13.00, 150.00, 257, 10),
(146, NULL, 26.00, 150.00, 260, 5),
(147, NULL, 27.00, 150.00, 261, 4),
(148, NULL, 3.50, 150.00, 262, 1),
(149, NULL, 30.00, 150.00, 264, 5),
(150, NULL, 18.00, 150.00, 268, 5),
(152, NULL, 75.00, 150.00, 271, 19),
(153, NULL, 80.00, 150.00, 273, 19),
(154, NULL, 72.00, 150.00, 279, 8),
(155, NULL, 49.00, 150.00, 281, 8),
(156, NULL, 60.00, 150.00, 284, 16),
(157, NULL, 27.00, 150.00, 287, 2),
(158, NULL, 9.00, 150.00, 288, 1),
(159, NULL, 3.00, 150.00, 289, 17),
(160, NULL, 2.00, 150.00, 290, 5),
(161, NULL, 27.00, 150.00, 291, 2),
(162, NULL, 12.00, 0.00, 248, 14),
(163, NULL, 9.00, 150.00, 295, 5),
(164, NULL, 20.50, 150.00, 295, 5),
(165, NULL, 15.50, 150.00, 298, 1),
(166, NULL, 21.50, 150.00, 299, 1),
(167, NULL, 46.00, 150.00, 300, 4),
(168, NULL, 19.00, 150.00, 301, 13),
(169, NULL, 42.50, 150.00, 302, 8),
(171, NULL, 72.00, 150.00, 305, 1),
(172, NULL, 99.00, 150.00, 306, 1),
(173, NULL, 14.00, 150.00, 309, 10),
(174, NULL, 27.00, 150.00, 311, 2),
(175, NULL, 27.00, 150.00, 312, 14),
(176, NULL, 25.00, 150.00, 313, 14),
(177, NULL, 72.00, 150.00, 318, 1),
(178, NULL, 90.00, 150.00, 319, 1),
(179, NULL, 22.50, 150.00, 321, 5),
(180, NULL, 18.00, 150.00, 322, 5),
(181, NULL, 35.00, 150.00, 323, 5),
(182, NULL, 34.00, 150.00, 326, 2),
(183, NULL, 13.50, 150.00, 327, 1),
(184, NULL, 22.50, 150.00, 329, 8),
(185, NULL, 33.00, 150.00, 330, 8),
(186, NULL, 18.00, 150.00, 332, 20),
(187, NULL, 9.00, 150.00, 333, 8),
(188, NULL, 22.50, 150.00, 334, 8),
(189, NULL, 22.50, 150.00, 335, 8),
(190, NULL, 14.00, 150.00, 336, 8),
(191, NULL, 62.00, 150.00, 337, 5),
(192, NULL, 15.00, 150.00, 339, 9),
(193, NULL, 21.50, 150.00, 342, 9),
(194, NULL, 16.00, 150.00, 343, 14),
(195, NULL, 18.00, 150.00, 344, 14),
(196, NULL, 18.00, 150.00, 345, 4),
(197, NULL, 27.00, 150.00, 347, 2),
(198, NULL, 19.50, 150.00, 348, 8),
(199, NULL, 9.00, 150.00, 349, 8),
(200, NULL, 72.00, 150.00, 350, 1),
(201, NULL, 16.00, 150.00, 351, 10),
(202, NULL, 6.50, 150.00, 352, 10),
(203, NULL, 10.00, 150.00, 353, 10),
(204, NULL, 6.00, 150.00, 354, 10),
(205, NULL, 17.00, 150.00, 355, 10),
(206, NULL, 27.00, 150.00, 356, 5),
(207, NULL, 32.00, 150.00, 357, 5),
(208, NULL, 15.00, 150.00, 358, 5),
(209, NULL, 18.00, 150.00, 359, 5),
(210, NULL, 18.00, 150.00, 360, 5),
(211, NULL, 101.50, 150.00, 361, 1),
(212, NULL, 9.00, 150.00, 362, 14),
(213, NULL, 18.00, 150.00, 363, 14),
(214, NULL, 16.00, 150.00, 364, 14),
(215, NULL, 18.00, 150.00, 365, 14),
(216, NULL, 10.00, 150.00, 366, 4),
(217, NULL, 40.00, 150.00, 367, 4),
(218, NULL, 28.00, 150.00, 368, 4),
(219, NULL, 20.00, 150.00, 369, 4),
(220, NULL, 30.00, 150.00, 370, 4),
(221, NULL, 8.00, 150.00, 371, 2),
(222, NULL, 45.00, 150.00, 372, 1),
(223, NULL, 42.00, 150.00, 373, 1),
(224, NULL, 6.00, 150.00, 374, 9),
(225, NULL, 15.00, 150.00, 375, 9),
(226, NULL, 60.00, 150.00, 377, 10),
(227, NULL, 30.00, 150.00, 378, 10),
(228, NULL, 14.00, 150.00, 379, 20),
(229, NULL, 24.00, 150.00, 380, 20),
(230, NULL, 11.50, 150.00, 381, 20),
(231, NULL, 27.00, 150.00, 384, 2),
(232, NULL, 21.00, 150.00, 385, 1),
(233, NULL, 5.00, 100.00, 386, 3);

-- --------------------------------------------------------

--
-- Estructura de tabla para la tabla `data_tracking_item`
--

CREATE TABLE `data_tracking_item` (
  `id` int(11) NOT NULL,
  `quantity` decimal(18,6) DEFAULT NULL,
  `price` decimal(18,2) DEFAULT NULL,
  `notes` text,
  `data_tracking_id` int(11) DEFAULT NULL,
  `project_item_id` int(11) DEFAULT NULL
) ENGINE=InnoDB DEFAULT CHARSET=utf8mb4;

--
-- Volcado de datos para la tabla `data_tracking_item`
--

INSERT INTO `data_tracking_item` (`id`, `quantity`, `price`, `notes`, `data_tracking_id`, `project_item_id`) VALUES
(4, 95.560000, 52.00, NULL, 78, 200),
(5, 0.500000, 6000.00, NULL, 78, 765),
(6, 147.560000, 49.00, NULL, 79, 766),
(7, 19.440000, 52.00, NULL, 80, 200),
(8, 1.500000, 6000.00, NULL, 80, 765),
(9, 93.110000, 49.00, NULL, 80, 766),
(10, 32.780000, 52.00, NULL, 81, 200),
(11, 1.000000, 6000.00, NULL, 81, 765),
(12, 239.000000, 24.75, NULL, 82, 334),
(13, 131.560000, 50.00, NULL, 83, 392),
(14, 0.000000, 50.00, 'pending', 90, 411),
(15, 27.000000, 124.00, '', 105, 972),
(16, 63.000000, 30.00, '', 104, 980),
(17, 6.000000, 300.00, '', 104, 981),
(18, 66.000000, 55.00, '', 102, 994),
(19, 54.000000, 36.00, '', 102, 998),
(20, 11.000000, 31.50, '', 103, 1000),
(21, 9.000000, 117.00, '', 103, 997),
(22, 36.000000, 55.00, '', 103, 994),
(23, 10.000000, 27.00, '', 103, 1006),
(24, 26.500000, 27.00, '', 103, 1003),
(25, 14.000000, 36.00, '', 103, 998),
(26, 3.000000, 74.00, '', 103, 1002),
(28, 0.000000, 101.00, '', 131, 1342),
(29, 0.000000, 101.00, '', 132, 1342),
(30, 0.000000, 101.00, '', 133, 1342),
(31, 0.000000, 83.00, '', 134, 953),
(32, 0.000000, 83.00, '', 135, 953),
(33, 0.000000, 34.00, '', 136, 60),
(34, 0.000000, 34.00, '', 137, 60),
(36, 95.000000, 87.50, '', 139, 396),
(37, 164.330000, 87.50, '', 140, 396),
(38, 20.550000, 69.00, '', 140, 408),
(39, -2.000000, 0.00, 'LOST CONCRETE SENT BACK C&G RESPONSIBLE', 141, 1528),
(40, 210.000000, 87.50, '', 142, 396),
(41, 0.000000, 253.00, '', 143, 1367),
(42, 0.000000, 16.50, '', 143, 1364),
(43, 0.000000, 253.00, '', 144, 1367),
(44, 0.000000, 16.50, '', 144, 1364),
(45, 0.000000, 16.50, '', 145, 1364),
(46, 0.000000, 16.50, '', 146, 1364),
(47, 111.110000, 55.75, 'FOOTING TOOL 40SF(2CY)', 150, 221),
(53, 17.110000, 67.00, '', 115, 630),
(54, 0.500000, 1600.00, '4 TOPS', 153, 641),
(61, 0.000000, 92.50, '', 158, 63),
(62, 0.000000, 92.50, '', 160, 63),
(63, 0.000000, 92.50, '', 162, 63),
(64, 0.000000, 92.50, '', 163, 63),
(65, 0.000000, 92.50, '', 164, 63),
(66, 188.560000, 107.00, '', 167, 393),
(67, 32.440000, 107.00, 'MEDIAN 6IN-32.44SY\n', 168, 393),
(68, 0.000000, 33.00, '', 169, 1502),
(69, 0.000000, 43.50, '', 169, 1501),
(70, 0.000000, 33.00, '', 170, 1502),
(71, 0.000000, 33.00, '', 171, 1502),
(72, 0.000000, 33.00, '', 172, 1502),
(73, 0.000000, 43.50, '', 172, 1501),
(74, 0.000000, 44.75, '', 174, 1503),
(75, 0.000000, 43.50, '', 174, 1501),
(76, 0.000000, 33.00, '', 174, 1502),
(77, 0.000000, 44.75, '', 175, 1503),
(78, 0.000000, 33.00, '', 175, 1502),
(79, 0.000000, 44.75, '', 176, 1503),
(80, 0.000000, 43.50, '', 176, 1501),
(81, 0.000000, 44.75, '', 177, 1503),
(82, 0.000000, 33.00, '', 177, 1502),
(83, 78.330000, 55.75, '', 180, 221),
(86, 164.330000, 87.50, '', 141, 396),
(87, 111.890000, 69.00, '106.33 4IN \n5.56SY RAMP/8IN', 138, 408),
(89, 0.000000, 58.00, '', 183, 744),
(90, 0.000000, 58.00, '', 184, 744),
(91, 0.000000, 58.00, '', 185, 744),
(92, 0.000000, 58.00, '', 186, 744),
(94, 224.660000, 87.50, '', 189, 396),
(95, 63.000000, 27.00, '', 189, 402),
(96, 92.000000, 38.50, '', 190, 403),
(97, 0.000000, 32.00, '', 193, 184),
(98, 0.000000, 32.00, '', 194, 184),
(99, 0.000000, 32.00, '', 195, 184),
(100, 1.000000, 2500.00, '2 THROATS', 196, 387),
(101, 100.000000, 32.00, '', 196, 384),
(102, 7.000000, 386.00, 'C&G TYP7 94LF CHARGE AS CLASS B', 168, 394),
(103, 0.500000, 2500.00, '1 THROAT', 197, 387),
(104, 292.000000, 32.00, '', 197, 384),
(105, 163.000000, 51.00, '', 198, 385),
(106, 0.000000, 770.00, '', 199, 990),
(107, 0.000000, 85.00, '', 200, 1477),
(108, 0.000000, 2100.00, '', 200, 1480),
(109, 0.000000, 35.00, '', 200, 1485),
(110, 0.000000, 35.00, '', 201, 1485),
(111, 20.890000, 50.00, 'POURED 4IN MEDIAN. PER JUAN TODD SAID TO CHARGE AS 4IN DITCH SINCE WE DO NOT HAVE 4IN MEDIAN', 168, 392),
(112, 0.000000, 35.00, '', 202, 1485),
(113, 0.000000, 85.00, '', 202, 1477),
(114, 0.000000, 2100.00, '', 202, 1480),
(115, 1.000000, 600.00, '', 197, 388),
(116, 250.000000, 17.00, '', 112, 638),
(117, 375.000000, 17.00, '', 113, 639),
(118, 0.220000, 67.00, '', 154, 630),
(120, 24.800000, 57.00, '', 151, 628),
(121, 1.000000, 1500.00, '', 151, 631),
(122, 144.000000, 17.00, '', 151, 638),
(123, 94.280000, 34.50, '', 115, 629),
(124, 0.500000, 1600.00, '1 TOP', 115, 641),
(125, 252.000000, 17.00, '', 115, 638),
(126, 40.000000, 17.00, '', 115, 639),
(127, 37.220000, 53.00, '', 114, 634),
(128, 46.000000, 17.00, '', 114, 638),
(129, 178.000000, 17.00, '', 114, 639),
(130, 200.440000, 34.50, '', 114, 629),
(131, 18.930000, 55.00, '', 113, 635),
(132, 0.000000, 29.00, '', 203, 1359),
(133, 0.000000, 29.00, '', 204, 1359),
(134, 0.000000, 30.00, '', 205, 1354),
(135, 0.000000, 55.00, '', 207, 511),
(136, 0.000000, 52.00, '', 207, 507),
(137, 0.000000, 30.50, '', 208, 517),
(139, 0.000000, 44.75, '', 210, 1503),
(142, 12.000000, 27.00, '', 188, 402),
(143, 31.000000, 38.50, '', 188, 403),
(144, 33.750000, 69.00, '', 188, 408),
(145, 17.120000, 254.00, '', 188, 395),
(146, 6.000000, 600.00, '', 188, 1554),
(147, 0.000000, 800.00, '', 209, 1569),
(148, 0.000000, 800.00, '', 212, 1569),
(149, 0.000000, 83.00, '', 212, 1563),
(150, 0.000000, 44.00, '', 212, 1502),
(151, 0.000000, 93.00, '', 214, 1564),
(152, 0.000000, 56.50, '', 214, 1501),
(153, 0.000000, 44.00, '', 214, 1502),
(154, 0.000000, 83.00, '', 215, 1563),
(155, 0.000000, 44.00, '', 215, 1502),
(156, 1.000000, 1600.00, '2 TOPS', 216, 641),
(157, 1.000000, 1600.00, '2 THROATS', 217, 641),
(158, 149.000000, 17.00, '', 217, 638),
(159, 58.000000, 17.00, '', 218, 638),
(160, 23.720000, 55.00, '', 218, 635),
(161, 42.220000, 34.50, '', 218, 629),
(163, 123.890000, 34.50, '', 219, 629),
(164, 1.000000, 1600.00, '2 TOPS', 220, 641),
(165, 2.000000, 285.00, '', 220, 640),
(166, 169.000000, 32.00, '', 221, 384),
(167, 23.000000, 32.00, '', 222, 384),
(168, 3.500000, 2500.00, '3 THROATS\n4 TOPS', 222, 387),
(169, 130.000000, 32.00, '', 223, 384),
(170, 2.000000, 2500.00, '3 TOPS\n1 THROAT', 223, 387),
(171, 2.000000, 2600.00, '4 THROATS', 224, 186),
(172, 2.500000, 2600.00, '5 TOPS', 225, 186),
(173, 13.000000, 32.00, '', 225, 184),
(174, 106.110000, 92.50, '', 226, 63),
(175, 125.220000, 92.50, '', 227, 63),
(176, 72.220000, 92.50, '1 CY FOR FOOTING', 228, 63),
(177, 137.440000, 92.50, '1CY FOR FOOTING', 229, 63),
(178, 163.220000, 92.50, '1CY FOR FOOTING', 230, 63),
(179, 125.770000, 121.00, '', 232, 855),
(180, 17.000000, 31.00, '', 232, 860),
(181, 34.720000, 121.00, '', 233, 855),
(182, 43.000000, 31.00, '', 234, 860),
(183, 86.000000, 121.00, '', 234, 855),
(185, 81.000000, 246.00, '', 235, 852),
(186, 267.770000, 30.00, '', 236, 1354),
(187, 227.770000, 30.00, '', 237, 1354),
(188, 251.980000, 30.00, '', 238, 1354),
(189, 214.220000, 30.00, '', 239, 1354),
(190, 190.770000, 30.00, '', 240, 1354),
(191, 6.000000, 396.00, '', 241, 518),
(192, 250.000000, 30.50, '', 241, 517),
(193, 125.000000, 30.50, '', 242, 517),
(194, 258.000000, 30.50, '', 243, 517),
(195, 16.000000, 396.00, '', 244, 518),
(196, 352.000000, 30.50, '', 244, 517),
(197, 59.330000, 90.00, '', 245, 873),
(198, 200.000000, 45.00, '', 245, 878),
(199, 193.330000, 35.00, '', 246, 1546),
(200, 5.000000, 285.00, '', 246, 1545),
(201, 167.550000, 35.00, '', 247, 1540),
(202, 12.000000, 23.00, '', 248, 1544),
(203, 93.220000, 35.00, '', 248, 1540),
(204, 157.000000, 43.00, '', 249, 1598),
(209, 166.260000, 70.00, '', 256, 468),
(211, 2.000000, 2400.00, '', 257, 1340),
(212, 0.000000, 82.00, '', 260, 1568),
(213, 0.000000, 93.00, '', 260, 1564),
(214, 0.000000, 56.50, '', 260, 1501),
(215, 114.390000, 47.00, '', 261, 1478),
(216, 47.110000, 107.00, '', 261, 1479),
(217, 1.000000, 2600.00, '2 THROATS', 262, 186),
(218, 87.670000, 92.50, '1 CY FOR FOOTING', 264, 63),
(223, 50.000000, 101.00, '', 257, 1342),
(225, 23.830000, 67.00, '', 219, 630),
(227, 6.100000, 67.00, '', 218, 630),
(228, 3.000000, 285.00, '', 218, 640),
(229, 3.000000, 385.00, '', 261, 1488),
(231, 0.000000, 313.00, '', 271, 1504),
(232, 0.000000, 313.00, '', 273, 1504),
(233, 475.040000, 88.00, '', 279, 977),
(234, 261.730000, 88.00, '', 281, 977),
(235, 447.000000, 31.50, '', 284, 105),
(236, 0.000000, 17.25, '', 291, 96),
(237, 0.000000, 25.00, '', 288, 1573),
(238, 1.000000, 2600.00, '2 TOPS', 289, 186),
(239, 8.890000, 0.01, '', 290, 768),
(241, 9.000000, 211.00, '', 226, 1703),
(242, 14.000000, 211.00, '', 229, 1703),
(243, 9.000000, 211.00, '', 230, 1703),
(244, 14.000000, 211.00, '', 264, 1703),
(245, 106.000000, 26.00, '', 233, 859),
(246, 33.730000, 80.00, '', 233, 858),
(247, 14.750000, 63.00, '', 237, 1355),
(248, 34.790000, 63.00, '', 238, 1355),
(249, 18.010000, 63.00, '', 239, 1355),
(250, 81.500000, 63.00, '', 240, 1355),
(251, 21.680000, 66.00, '', 247, 1541),
(252, 6.700000, 66.00, '', 248, 1541),
(253, 0.000000, 78.00, '', 292, 1701),
(254, 0.000000, 78.00, '', 293, 1701),
(255, 0.000000, 52.75, '', 295, 1503),
(256, 0.000000, 302.00, '', 295, 1565),
(257, 0.000000, 83.00, '', 295, 1563),
(258, 0.000000, 56.50, '', 295, 1501),
(259, 0.000000, 37.00, '', 298, 255),
(260, 0.000000, 380.25, '', 299, 256),
(261, 0.000000, 37.00, '', 299, 255),
(264, 0.000000, 254.00, '', 300, 395),
(265, 0.000000, 38.50, '', 301, 405),
(266, 0.000000, 69.00, '', 301, 408),
(267, 0.000000, 600.00, '', 301, 1554),
(268, 0.000000, 24.00, '', 302, 978),
(269, 0.000000, 88.00, '', 302, 977),
(272, 0.000000, 31.50, 'CURB MACHINE', 305, 105),
(273, 0.000000, 31.50, 'CURB MACHINE', 306, 105),
(274, 0.000000, 17.25, '', 311, 96),
(275, 0.000000, 70.00, '', 312, 1352),
(276, 0.000000, 30.00, '', 312, 1354),
(277, 0.000000, 31.50, '', 318, 105),
(278, 0.000000, 31.50, 'CURB MACHINE', 319, 105),
(279, 0.000000, 148.00, '', 319, 103),
(280, 0.000000, 52.75, '', 321, 1503),
(281, 0.000000, 56.50, '', 321, 1501),
(282, 0.000000, 44.00, '', 321, 1502),
(283, 0.000000, 83.00, '', 322, 1563),
(284, 0.000000, 44.00, '', 322, 1502),
(285, 0.000000, 83.00, '', 323, 1563),
(286, 0.000000, 56.50, '', 323, 1501),
(287, 0.000000, 93.00, '', 323, 1564),
(288, 0.000000, 44.00, '', 324, 1502),
(289, 0.000000, 47.00, '', 326, 537),
(290, 0.000000, 25.00, '', 327, 1573),
(291, 0.000000, 30.00, '', 329, 980),
(292, 0.000000, 27.00, '', 329, 979),
(293, 0.000000, 123.00, '', 329, 975),
(294, 0.000000, 124.00, '', 330, 972),
(295, 0.000000, 28.00, '', 332, 1730),
(296, 0.000000, 28.00, '', 332, 1731),
(297, 0.000000, 28.00, '', 333, 1730),
(298, 0.000000, 325.00, '', 334, 1732),
(299, 0.000000, 73.00, '', 334, 1723),
(300, 0.000000, 157.00, '', 335, 1722),
(301, 0.000000, 73.00, '', 335, 1723),
(302, 0.000000, 157.00, '', 336, 1722),
(303, 0.000000, 44.00, '', 337, 1502),
(304, 0.000000, 56.50, '', 337, 1501),
(305, 0.000000, 650.00, '', 339, 36),
(306, 0.000000, 650.00, '', 342, 36),
(307, 0.000000, 30.00, '', 343, 1354),
(308, 0.000000, 30.00, '', 344, 1354),
(309, 0.000000, 254.00, '', 345, 395),
(310, 0.000000, 47.00, '', 347, 537),
(311, 0.000000, 73.00, '', 348, 1723),
(312, 0.000000, 73.00, '', 349, 1723),
(313, 0.000000, 31.50, '', 350, 105),
(314, 0.000000, 58.00, '', 351, 744),
(315, 0.000000, 58.00, '', 352, 744),
(316, 0.000000, 58.00, '', 353, 744),
(317, 0.000000, 2300.00, '', 354, 747),
(318, 0.000000, 58.00, '', 355, 744),
(319, 0.000000, 2300.00, '', 355, 747),
(320, 0.000000, 90.00, '', 356, 519),
(321, 0.000000, 30.50, '', 357, 517),
(322, 0.000000, 52.00, '', 357, 507),
(323, 0.000000, 90.00, '', 357, 519),
(324, 0.000000, 30.50, '', 358, 517),
(325, 0.000000, 26.00, '', 358, 514),
(326, 0.000000, 52.00, '', 359, 507),
(327, 0.000000, 52.00, '', 360, 507),
(328, 57.890000, 90.00, '', 361, 519),
(329, 0.000000, 35.00, '', 362, 1540),
(330, 0.000000, 35.00, '', 363, 1540),
(331, 0.000000, 63.00, '', 363, 1538),
(332, 0.000000, 63.00, '', 364, 1538),
(333, 0.000000, 35.00, '', 364, 1540),
(334, 0.000000, 35.00, '', 365, 1540),
(335, 0.000000, 35.00, '', 366, 1485),
(336, 0.000000, 47.00, '', 366, 1478),
(337, 0.000000, 35.00, '', 367, 1485),
(338, 0.000000, 47.00, '', 367, 1478),
(339, 0.000000, 47.00, '', 368, 1478),
(340, 0.000000, 47.00, '', 369, 1478),
(341, 0.000000, 35.00, '', 370, 1485),
(342, 0.000000, 47.00, '', 370, 1478),
(343, 0.000000, 38.00, '', 371, 1743),
(344, 0.000000, 60.00, '', 372, 249),
(345, 0.000000, 380.25, '', 373, 256),
(346, 0.000000, 33.00, '', 374, 383),
(347, 0.000000, 33.00, '', 375, 383),
(348, 0.000000, 90.00, '', 377, 1335),
(349, 0.000000, 90.00, '', 378, 1335),
(350, 0.000000, 30.00, '', 378, 1345),
(351, 0.000000, 32.00, '', 379, 742),
(352, 0.000000, 32.00, '', 380, 742),
(353, 0.000000, 71.00, '', 380, 735),
(354, 0.000000, 32.00, '', 381, 742),
(355, 0.000000, 285.00, '\n', 384, 640),
(356, 0.000000, 21.00, '', 384, 637),
(357, 0.000000, 34.50, '', 384, 629),
(358, 0.000000, 31.00, '', 385, 1575),
(359, 0.000000, 3.00, '\n', 385, 1577),
(360, 10.000000, 52.00, 'test', 386, 507),
(361, 5.000000, 58.00, 'test', 386, 509),
(362, 5.000000, 18.00, '', 387, 1639),
(363, 10.000000, 18.00, '', 388, 1639),
(364, 15.000000, 18.00, '', 389, 1639);

-- --------------------------------------------------------

--
-- Estructura de tabla para la tabla `data_tracking_labor`
--

CREATE TABLE `data_tracking_labor` (
  `id` int(11) NOT NULL,
  `hours` decimal(18,2) DEFAULT NULL,
  `hourly_rate` decimal(18,2) DEFAULT NULL,
  `role` varchar(255) DEFAULT NULL,
  `color` varchar(50) DEFAULT NULL,
  `data_tracking_id` int(11) NOT NULL,
  `employee_id` int(11) DEFAULT NULL,
  `subcontractor_employee_id` int(11) DEFAULT NULL
) ENGINE=InnoDB DEFAULT CHARSET=utf8;

--
-- Volcado de datos para la tabla `data_tracking_labor`
--

INSERT INTO `data_tracking_labor` (`id`, `hours`, `hourly_rate`, `role`, `color`, `data_tracking_id`, `employee_id`, `subcontractor_employee_id`) VALUES
(1, 8.00, 0.00, NULL, NULL, 88, 4, NULL),
(3, 4.00, 0.00, 'LEAD', NULL, 91, 37, NULL),
(4, 4.00, 35.00, '', NULL, 91, 14, NULL),
(5, 3.00, 0.00, 'LEAD', NULL, 92, 4, NULL),
(6, 3.00, 35.00, '', NULL, 92, 3, NULL),
(7, 3.00, 35.00, '', NULL, 92, 10, NULL),
(8, 3.00, 35.00, '', NULL, 92, 22, NULL),
(9, 8.00, 0.00, 'LEAD', NULL, 93, 40, NULL),
(10, 8.00, 35.00, '', NULL, 93, 23, NULL),
(11, 8.00, 35.00, '', NULL, 93, 32, NULL),
(12, 8.00, 35.00, '', NULL, 93, 34, NULL),
(13, 8.00, 35.00, '', NULL, 93, 33, NULL),
(14, 7.00, 0.00, 'LEAD', NULL, 94, 38, NULL),
(15, 7.00, 35.00, '', NULL, 94, 12, NULL),
(16, 7.00, 35.00, '', NULL, 94, 24, NULL),
(17, 7.00, 35.00, '', NULL, 94, 27, NULL),
(18, 4.00, 0.00, 'LEAD', NULL, 94, 40, NULL),
(19, 4.00, 35.00, '', NULL, 94, 32, NULL),
(20, 4.00, 35.00, '', NULL, 94, 23, NULL),
(21, 4.00, 35.00, '', NULL, 94, 33, NULL),
(22, 4.00, 35.00, '', NULL, 94, 34, NULL),
(23, 6.00, 0.00, 'LEAD', NULL, 95, 38, NULL),
(24, 6.00, 35.00, '', NULL, 95, 12, NULL),
(25, 6.00, 35.00, '', NULL, 95, 24, NULL),
(26, 6.00, 35.00, '', NULL, 95, 27, NULL),
(27, 6.00, 35.00, '', NULL, 95, 36, NULL),
(28, 6.00, 0.00, 'LEAD', NULL, 96, 4, NULL),
(29, 6.00, 35.00, '', NULL, 96, 3, NULL),
(30, 6.00, 35.00, '', NULL, 96, 10, NULL),
(31, 6.00, 35.00, '', NULL, 96, 22, NULL),
(32, 10.00, 0.00, 'LEAD', NULL, 97, 37, NULL),
(33, 10.00, 35.00, '', NULL, 97, 9, NULL),
(34, 10.00, 35.00, '', NULL, 97, 14, NULL),
(35, 10.00, 35.00, '', NULL, 97, 28, NULL),
(36, 11.00, 35.00, 'LEAD', NULL, 98, 15, NULL),
(37, 11.00, 35.00, '', NULL, 98, 5, NULL),
(38, 11.00, 35.00, '', NULL, 98, 7, NULL),
(39, 11.00, 35.00, '', NULL, 98, 30, NULL),
(40, 9.00, 0.00, 'LEAD', NULL, 98, 41, NULL),
(41, 9.00, 35.00, '', NULL, 98, 11, NULL),
(42, 9.00, 35.00, '', NULL, 98, 18, NULL),
(43, 9.00, 35.00, '', NULL, 98, 17, NULL),
(44, 9.00, 35.00, 'LEAD', NULL, 99, 15, NULL),
(45, 9.00, 35.00, '', NULL, 99, 5, NULL),
(46, 9.00, 35.00, '', NULL, 99, 7, NULL),
(47, 9.00, 35.00, '', NULL, 99, 30, NULL),
(48, 12.00, 0.00, 'LEAD', NULL, 99, 41, NULL),
(49, 12.00, 35.00, '', NULL, 99, 11, NULL),
(50, 12.00, 35.00, '', NULL, 99, 18, NULL),
(51, 12.00, 35.00, '', NULL, 99, 17, NULL),
(52, 11.00, 35.00, 'LEAD', NULL, 100, 15, NULL),
(53, 11.00, 35.00, '', NULL, 100, 5, NULL),
(54, 11.00, 35.00, '', NULL, 100, 7, NULL),
(55, 11.00, 35.00, '', NULL, 100, 30, NULL),
(56, 12.00, 0.00, 'LEAD', NULL, 100, 41, NULL),
(57, 12.00, 35.00, '', NULL, 100, 11, NULL),
(58, 12.00, 35.00, '', NULL, 100, 18, NULL),
(59, 12.00, 35.00, '', NULL, 100, 17, NULL),
(60, 12.00, 0.00, 'LEAD', NULL, 102, 39, NULL),
(61, 12.00, 35.00, '', NULL, 102, 1, NULL),
(62, 12.00, 35.00, '', NULL, 102, 2, NULL),
(63, 12.00, 35.00, '', NULL, 102, 13, NULL),
(64, 12.00, 35.00, '', NULL, 102, 16, NULL),
(65, 11.00, 0.00, 'LEAD', NULL, 101, 39, NULL),
(66, 11.00, 35.00, '', NULL, 101, 1, NULL),
(67, 11.00, 35.00, '', NULL, 101, 2, NULL),
(68, 11.00, 35.00, '', NULL, 101, 13, NULL),
(69, 11.00, 35.00, '', NULL, 101, 16, NULL),
(70, 12.00, 0.00, 'LEAD', NULL, 103, 39, NULL),
(71, 12.00, 35.00, '', NULL, 103, 1, NULL),
(72, 12.00, 35.00, '', NULL, 103, 2, NULL),
(73, 12.00, 35.00, '', NULL, 103, 13, NULL),
(74, 12.00, 35.00, '', NULL, 103, 16, NULL),
(75, 8.00, 35.00, 'LEAD', NULL, 104, 26, NULL),
(76, 8.00, 35.00, '', NULL, 104, 20, NULL),
(77, 8.00, 35.00, '', NULL, 104, 31, NULL),
(78, 8.00, 0.00, '', NULL, 104, 42, NULL),
(79, 8.00, 35.00, '', NULL, 104, 29, NULL),
(80, 8.50, 35.00, 'LEAD', NULL, 105, 26, NULL),
(81, 8.50, 35.00, '', NULL, 105, 28, NULL),
(82, 8.50, 35.00, '', NULL, 105, 31, NULL),
(83, 8.50, 35.00, '', NULL, 105, 20, NULL),
(84, 10.00, 0.00, 'LEAD', NULL, 106, 37, NULL),
(85, 10.00, 35.00, '', NULL, 106, 8, NULL),
(86, 10.00, 35.00, '', NULL, 106, 9, NULL),
(87, 10.00, 35.00, '', NULL, 106, 19, NULL),
(88, 10.00, 35.00, '', NULL, 106, 25, NULL),
(89, 10.00, 0.00, '', NULL, 106, 42, NULL),
(90, 10.00, 35.00, '', NULL, 106, 29, NULL),
(91, 10.00, 0.00, 'LEAD', NULL, 107, 6, NULL),
(92, 10.00, 35.00, '', NULL, 107, 9, NULL),
(93, 10.00, 35.00, '', NULL, 107, 19, NULL),
(94, 10.00, 35.00, '', NULL, 107, 44, NULL),
(95, 11.00, 0.00, 'LEAD', NULL, 108, 6, NULL),
(96, 11.00, 35.00, '', NULL, 108, 14, NULL),
(97, 11.00, 35.00, '', NULL, 108, 19, NULL),
(98, 11.00, 0.00, 'LEAD', NULL, 109, 6, NULL),
(99, 11.00, 35.00, '', NULL, 109, 9, NULL),
(100, 11.00, 35.00, '', NULL, 109, 14, NULL),
(101, 11.00, 35.00, '', NULL, 109, 19, NULL),
(102, 6.00, 0.00, 'LEAD', NULL, 110, 37, NULL),
(103, 6.00, 35.00, '', NULL, 110, 25, NULL),
(104, 6.00, 35.00, '', NULL, 110, 28, NULL),
(105, 15.00, 0.00, 'LEAD', NULL, 111, 37, NULL),
(106, 15.00, 35.00, '', NULL, 111, 8, NULL),
(107, 15.00, 35.00, '', NULL, 111, 17, NULL),
(108, 15.00, 35.00, '', NULL, 111, 25, NULL),
(109, 15.00, 35.00, '', NULL, 111, 27, NULL),
(110, 15.00, 35.00, '', NULL, 111, 28, NULL),
(111, 15.00, 35.00, '', NULL, 111, 36, NULL),
(112, 10.00, 35.00, 'LEAD', NULL, 112, 15, NULL),
(113, 10.00, 35.00, '', NULL, 112, 5, NULL),
(114, 10.00, 35.00, '', NULL, 112, 7, NULL),
(115, 10.00, 35.00, '', NULL, 112, 30, NULL),
(116, 12.00, 35.00, 'LEAD', NULL, 113, 15, NULL),
(117, 12.00, 35.00, '', NULL, 113, 5, NULL),
(118, 12.00, 35.00, '', NULL, 113, 7, NULL),
(119, 12.00, 35.00, '', NULL, 113, 30, NULL),
(120, 12.00, 35.00, 'LEAD', NULL, 114, 15, NULL),
(121, 12.00, 35.00, '', NULL, 114, 5, NULL),
(122, 12.00, 35.00, '', NULL, 114, 7, NULL),
(123, 12.00, 35.00, '', NULL, 114, 30, NULL),
(124, 12.00, 35.00, 'LEAD', NULL, 114, 26, NULL),
(125, 12.00, 35.00, '', NULL, 114, 20, NULL),
(126, 12.00, 35.00, '', NULL, 114, 45, NULL),
(127, 12.50, 35.00, 'LEAD', NULL, 115, 26, NULL),
(128, 12.50, 35.00, '', NULL, 115, 46, NULL),
(129, 12.50, 35.00, '', NULL, 115, 45, NULL),
(130, 12.50, 35.00, '', NULL, 115, 20, NULL),
(131, 12.00, 0.00, 'LEAD', NULL, 116, 38, NULL),
(132, 12.00, 35.00, '', NULL, 116, 17, NULL),
(133, 12.00, 35.00, '', NULL, 116, 24, NULL),
(134, 12.00, 35.00, '', NULL, 116, 46, NULL),
(135, 12.00, 35.00, '', NULL, 116, 36, NULL),
(136, 10.50, 0.00, 'LEAD', NULL, 116, 40, NULL),
(137, 10.50, 35.00, '', NULL, 116, 23, NULL),
(138, 10.50, 35.00, '', NULL, 116, 32, NULL),
(139, 10.50, 35.00, '', NULL, 116, 33, NULL),
(140, 10.50, 35.00, '', NULL, 116, 34, NULL),
(141, 11.00, 0.00, 'LEAD', NULL, 117, 40, NULL),
(142, 11.00, 35.00, '', NULL, 117, 23, NULL),
(143, 11.00, 35.00, '', NULL, 117, 32, NULL),
(144, 11.00, 35.00, '', NULL, 117, 33, NULL),
(145, 11.00, 35.00, '', NULL, 117, 33, NULL),
(146, 10.50, 0.00, 'LEAD', NULL, 118, 40, NULL),
(147, 10.50, 35.00, '', NULL, 118, 23, NULL),
(148, 10.50, 35.00, '', NULL, 118, 32, NULL),
(149, 10.50, 35.00, '', NULL, 118, 33, NULL),
(150, 10.50, 35.00, '', NULL, 118, 34, NULL),
(151, 12.00, 0.00, 'LEAD', NULL, 119, 40, NULL),
(152, 12.00, 35.00, '', NULL, 119, 23, NULL),
(153, 12.00, 35.00, '', NULL, 119, 32, NULL),
(154, 12.00, 35.00, '', NULL, 119, 33, NULL),
(155, 12.00, 35.00, '', NULL, 119, 34, NULL),
(156, 12.00, 0.00, 'LEAD', NULL, 120, 39, NULL),
(157, 12.00, 35.00, '', NULL, 120, 1, NULL),
(158, 12.00, 35.00, '', NULL, 120, 2, NULL),
(159, 12.00, 35.00, '', NULL, 120, 13, NULL),
(160, 12.00, 35.00, '', NULL, 120, 16, NULL),
(161, 12.00, 0.00, 'LEAD', NULL, 121, 39, NULL),
(162, 12.00, 35.00, '', NULL, 121, 1, NULL),
(163, 12.00, 35.00, '', NULL, 121, 2, NULL),
(164, 12.00, 35.00, '', NULL, 121, 13, NULL),
(165, 12.00, 35.00, '', NULL, 121, 16, NULL),
(166, 9.00, 0.00, 'LEAD', NULL, 122, 39, NULL),
(167, 9.00, 35.00, '', NULL, 122, 2, NULL),
(168, 9.00, 35.00, '', NULL, 122, 13, NULL),
(169, 9.00, 35.00, '', NULL, 122, 16, NULL),
(170, 9.00, 35.00, '', NULL, 122, 8, NULL),
(171, 8.50, 35.00, 'LEAD', NULL, 123, 26, NULL),
(172, 8.50, 35.00, '', NULL, 123, 45, NULL),
(173, 8.50, 35.00, '', NULL, 123, 20, NULL),
(174, 8.50, 35.00, '', NULL, 123, 14, NULL),
(175, 12.00, 0.00, 'LEAD', NULL, 123, 42, NULL),
(176, 12.00, 35.00, '', NULL, 123, 27, NULL),
(177, 12.00, 35.00, '', NULL, 123, 29, NULL),
(178, 12.00, 35.00, '', NULL, 123, 47, NULL),
(179, 9.50, 35.00, 'LEAD', NULL, 124, 26, NULL),
(180, 9.50, 35.00, '', NULL, 124, 9, NULL),
(181, 9.50, 35.00, '', NULL, 124, 45, NULL),
(182, 9.50, 35.00, '', NULL, 124, 29, NULL),
(183, 10.00, 0.00, 'LEAD', NULL, 125, 41, NULL),
(184, 10.00, 35.00, '', NULL, 125, 11, NULL),
(185, 10.00, 35.00, '', NULL, 125, 18, NULL),
(186, 10.00, 0.00, 'LEAD', NULL, 126, 41, NULL),
(187, 10.00, 35.00, '', NULL, 126, 11, NULL),
(188, 10.00, 35.00, '', NULL, 126, 18, NULL),
(189, 12.00, 0.00, 'LEAD', NULL, 127, 41, NULL),
(190, 12.00, 35.00, '', NULL, 127, 11, NULL),
(191, 12.00, 35.00, '', NULL, 127, 18, NULL),
(192, 10.00, 0.00, 'LEAD', NULL, 128, 41, NULL),
(193, 10.00, 35.00, '', NULL, 128, 11, NULL),
(194, 10.00, 35.00, '', NULL, 128, 18, NULL),
(195, 10.00, 0.00, 'LEAD', NULL, 129, 41, NULL),
(196, 10.00, 35.00, '', NULL, 129, 11, NULL),
(197, 10.00, 35.00, '', NULL, 129, 18, NULL),
(198, 8.00, 0.00, 'Subcontractor', NULL, 130, 48, NULL),
(199, 8.00, 0.00, 'Subcontractor', NULL, 130, 51, NULL),
(200, 8.00, 0.00, 'Subcontractor', NULL, 130, 50, NULL),
(201, 8.00, 0.00, 'Subcontractor', NULL, 130, 49, NULL),
(202, 8.00, 35.00, 'Laborer', NULL, 130, 8, NULL),
(203, 11.00, 0.00, 'Subcontractor', NULL, 131, 48, NULL),
(204, 11.00, 0.00, 'Subcontractor', NULL, 131, 51, NULL),
(205, 11.00, 0.00, 'Subcontractor', NULL, 131, 50, NULL),
(206, 11.00, 0.00, 'Subcontractor', NULL, 131, 49, NULL),
(207, 11.00, 35.00, 'Laborer', NULL, 131, 8, NULL),
(208, 10.00, 0.00, 'Subcontractor', NULL, 132, 48, NULL),
(209, 10.00, 0.00, 'Subcontractor', NULL, 132, 49, NULL),
(210, 10.00, 0.00, 'Subcontractor', NULL, 132, 50, NULL),
(211, 10.00, 0.00, 'Subcontractor', NULL, 132, 51, NULL),
(212, 10.00, 35.00, 'Laborer', NULL, 132, 1, NULL),
(213, 8.00, 0.00, 'Subcontractor', NULL, 133, 48, NULL),
(214, 8.00, 0.00, 'Subcontractor', NULL, 133, 49, NULL),
(215, 8.00, 0.00, 'Subcontractor', NULL, 133, 50, NULL),
(216, 9.00, 0.00, 'Subcontractor', NULL, 133, 51, NULL),
(217, 8.00, 35.00, 'Laborer', NULL, 133, 1, NULL),
(218, 13.00, 0.00, 'Lead', NULL, 134, 37, NULL),
(219, 13.00, 35.00, 'Laborer', NULL, 134, 25, NULL),
(220, 13.00, 35.00, 'Laborer', NULL, 134, 27, NULL),
(221, 13.00, 35.00, 'Laborer', NULL, 134, 28, NULL),
(222, 13.00, 35.00, 'Laborer', NULL, 134, 36, NULL),
(223, 14.00, 0.00, 'Lead', NULL, 135, 37, NULL),
(224, 14.00, 35.00, 'Laborer', NULL, 135, 25, NULL),
(225, 14.00, 35.00, 'Laborer', NULL, 135, 27, NULL),
(226, 14.00, 35.00, 'Laborer', NULL, 135, 28, NULL),
(227, 14.00, 35.00, 'Laborer', NULL, 135, 29, NULL),
(228, 14.00, 35.00, 'Laborer', NULL, 135, 36, NULL),
(229, 11.00, 0.00, 'Lead', NULL, 136, 38, NULL),
(230, 11.00, 35.00, 'Laborer', NULL, 136, 12, NULL),
(231, 11.00, 35.00, 'Laborer', NULL, 136, 17, NULL),
(232, 11.00, 35.00, 'Laborer', NULL, 136, 24, NULL),
(233, 11.00, 35.00, 'Laborer', NULL, 136, 46, NULL),
(234, 11.00, 0.00, 'Lead', NULL, 137, 38, NULL),
(235, 11.00, 35.00, 'Laborer', NULL, 137, 12, NULL),
(236, 11.00, 35.00, 'Laborer', NULL, 137, 17, NULL),
(237, 11.00, 35.00, 'Laborer', NULL, 137, 24, NULL),
(238, 11.00, 35.00, 'Laborer', NULL, 137, 46, NULL),
(239, 11.00, 0.00, 'Lead', NULL, 138, 42, NULL),
(240, 11.00, 35.00, 'Laborer', NULL, 138, 21, NULL),
(241, 11.00, 35.00, 'Laborer', NULL, 138, 31, NULL),
(242, 11.00, 35.00, 'Laborer', NULL, 138, 47, NULL),
(243, 12.00, 0.00, 'Lead', NULL, 139, 42, NULL),
(244, 12.00, 35.00, 'Laborer', NULL, 139, 31, NULL),
(245, 12.00, 35.00, 'Laborer', NULL, 139, 47, NULL),
(246, 12.00, 0.00, 'Lead', NULL, 140, 42, NULL),
(247, 12.00, 35.00, 'Laborer', NULL, 140, 24, NULL),
(248, 12.00, 35.00, 'Laborer', NULL, 140, 29, NULL),
(249, 12.00, 35.00, 'Laborer', NULL, 140, 31, NULL),
(250, 12.00, 35.00, 'Laborer', NULL, 140, 47, NULL),
(251, 15.00, 0.00, 'Lead', NULL, 141, 42, NULL),
(252, 15.00, 35.00, 'Laborer', NULL, 141, 24, NULL),
(253, 15.00, 35.00, 'Laborer', NULL, 141, 29, NULL),
(254, 15.00, 35.00, 'Laborer', NULL, 141, 31, NULL),
(255, 15.00, 35.00, 'Laborer', NULL, 141, 47, NULL),
(256, 15.00, 0.00, 'Lead', NULL, 142, 42, NULL),
(257, 15.00, 0.00, 'Lead', NULL, 142, 37, NULL),
(258, 8.00, 35.00, 'Laborer', NULL, 142, 8, NULL),
(259, 15.00, 0.00, 'Lead', NULL, 142, 43, NULL),
(260, 15.00, 35.00, 'Laborer', NULL, 142, 36, NULL),
(261, 15.00, 35.00, 'Laborer', NULL, 142, 47, NULL),
(262, 11.00, 0.00, 'Lead', NULL, 143, 4, NULL),
(263, 11.00, 35.00, 'Laborer', NULL, 143, 3, NULL),
(264, 11.00, 35.00, 'Laborer', NULL, 143, 10, NULL),
(265, 11.00, 35.00, 'Laborer', NULL, 143, 22, NULL),
(266, 12.00, 0.00, 'Lead', NULL, 144, 4, NULL),
(267, 12.00, 35.00, 'Laborer', NULL, 144, 10, NULL),
(268, 12.00, 35.00, 'Laborer', NULL, 144, 21, NULL),
(269, 12.00, 35.00, 'Laborer', NULL, 144, 22, NULL),
(270, 11.00, 0.00, 'Lead', NULL, 145, 4, NULL),
(271, 11.00, 35.00, 'Laborer', NULL, 145, 3, NULL),
(272, 11.00, 35.00, 'Laborer', NULL, 145, 10, NULL),
(273, 11.00, 35.00, 'Laborer', NULL, 145, 21, NULL),
(274, 11.00, 35.00, 'Laborer', NULL, 145, 22, NULL),
(275, 9.00, 0.00, 'Lead', NULL, 146, 4, NULL),
(276, 9.00, 35.00, 'Laborer', NULL, 146, 3, NULL),
(277, 9.00, 35.00, 'Laborer', NULL, 146, 10, NULL),
(278, 9.00, 35.00, 'Laborer', NULL, 146, 21, NULL),
(279, 9.00, 35.00, 'Laborer', NULL, 146, 22, NULL),
(280, 9.00, 35.00, 'Laborer', NULL, 146, 44, NULL),
(281, 12.00, 0.00, 'Lead', NULL, 147, 6, NULL),
(282, 12.00, 35.00, 'Laborer', NULL, 147, 9, NULL),
(283, 12.00, 35.00, 'Laborer', NULL, 147, 12, NULL),
(284, 12.00, 35.00, 'Laborer', NULL, 147, 14, NULL),
(285, 12.00, 35.00, 'Laborer', NULL, 147, 19, NULL),
(286, 12.00, 0.00, 'Lead', NULL, 148, 6, NULL),
(287, 12.00, 35.00, 'Laborer', NULL, 148, 1, NULL),
(288, 12.00, 35.00, 'Laborer', NULL, 148, 9, NULL),
(289, 12.00, 35.00, 'Laborer', NULL, 148, 12, NULL),
(290, 12.00, 35.00, 'Laborer', NULL, 148, 13, NULL),
(291, 12.00, 35.00, 'Laborer', NULL, 148, 19, NULL),
(292, 11.00, 0.00, 'Lead', NULL, 149, 4, NULL),
(293, 11.00, 35.00, 'Laborer', NULL, 149, 3, NULL),
(294, 11.00, 35.00, 'Laborer', NULL, 149, 19, NULL),
(295, 11.00, 35.00, 'Laborer', NULL, 149, 44, NULL),
(296, 13.00, 35.00, 'Laborer', NULL, 151, 15, NULL),
(297, 13.00, 35.00, 'Laborer', NULL, 151, 5, NULL),
(298, 13.00, 35.00, 'Laborer', NULL, 151, 16, NULL),
(299, 13.00, 35.00, 'Laborer', NULL, 151, 30, NULL),
(300, 11.00, 35.00, 'Laborer', NULL, 115, 15, NULL),
(301, 11.00, 35.00, 'Laborer', NULL, 115, 5, NULL),
(302, 11.00, 35.00, 'Laborer', NULL, 115, 7, NULL),
(303, 11.00, 35.00, 'Laborer', NULL, 115, 30, NULL),
(304, 8.00, 35.00, 'Laborer', NULL, 152, 15, NULL),
(305, 8.00, 35.00, 'Laborer', NULL, 152, 5, NULL),
(306, 8.00, 35.00, 'Laborer', NULL, 152, 7, NULL),
(307, 8.00, 35.00, 'Laborer', NULL, 152, 30, NULL),
(308, 11.00, 0.00, 'Lead', NULL, 153, 37, NULL),
(309, 11.00, 35.00, 'Laborer', NULL, 153, 25, NULL),
(310, 11.00, 0.00, 'Lead', NULL, 154, 37, NULL),
(311, 11.00, 35.00, 'Laborer', NULL, 154, 2, NULL),
(312, 11.00, 35.00, 'Laborer', NULL, 154, 16, NULL),
(313, 11.00, 35.00, 'Laborer', NULL, 154, 25, NULL),
(314, 11.00, 0.00, 'Subcontractor', NULL, 154, 57, NULL),
(315, 9.00, 0.00, 'Lead', NULL, 155, 42, NULL),
(316, 9.00, 35.00, 'Laborer', NULL, 155, 1, NULL),
(317, 9.00, 35.00, 'Laborer', NULL, 155, 7, NULL),
(318, 9.00, 35.00, 'Laborer', NULL, 155, 20, NULL),
(319, 9.00, 35.00, 'Laborer', NULL, 155, 21, NULL),
(320, 9.50, 0.00, 'Lead', NULL, 156, 39, NULL),
(321, 9.50, 35.00, 'Laborer', NULL, 156, 2, NULL),
(322, 9.50, 35.00, 'Laborer', NULL, 156, 13, NULL),
(323, 9.50, 35.00, 'Laborer', NULL, 156, 16, NULL),
(324, 8.00, 0.00, 'Lead', NULL, 157, 39, NULL),
(325, 8.00, 35.00, 'Laborer', NULL, 157, 2, NULL),
(326, 8.00, 35.00, 'Laborer', NULL, 157, 7, NULL),
(327, 14.00, 35.00, 'Laborer', NULL, 158, 26, NULL),
(328, 14.00, 35.00, 'Laborer', NULL, 158, 20, NULL),
(329, 14.00, 35.00, 'Laborer', NULL, 158, 45, NULL),
(330, 14.00, 35.00, 'Laborer', NULL, 158, 46, NULL),
(331, 14.00, 0.00, 'Lead', NULL, 158, 37, NULL),
(332, 14.00, 35.00, 'Laborer', NULL, 158, 14, NULL),
(333, 14.00, 35.00, 'Laborer', NULL, 158, 27, NULL),
(334, 14.00, 35.00, 'Laborer', NULL, 158, 28, NULL),
(335, 14.00, 35.00, 'Laborer', NULL, 158, 36, NULL),
(336, 11.00, 35.00, 'Laborer', NULL, 159, 26, NULL),
(337, 11.00, 35.00, 'Laborer', NULL, 159, 20, NULL),
(338, 11.00, 35.00, 'Laborer', NULL, 159, 31, NULL),
(339, 11.00, 35.00, 'Laborer', NULL, 159, 45, NULL),
(340, 11.00, 35.00, 'Laborer', NULL, 159, 29, NULL),
(341, 11.00, 35.00, 'Laborer', NULL, 159, 9, NULL),
(342, 11.00, 35.00, 'Laborer', NULL, 160, 26, NULL),
(343, 11.00, 35.00, 'Laborer', NULL, 160, 14, NULL),
(344, 11.00, 0.00, 'Lead', NULL, 160, 37, NULL),
(345, 11.00, 35.00, 'Laborer', NULL, 160, 27, NULL),
(346, 11.00, 35.00, 'Laborer', NULL, 160, 36, NULL),
(347, 11.00, 35.00, 'Laborer', NULL, 160, 11, NULL),
(348, 11.00, 35.00, 'Laborer', NULL, 160, 20, NULL),
(349, 11.00, 35.00, 'Laborer', NULL, 160, 31, NULL),
(350, 11.00, 0.00, 'Lead', NULL, 160, 42, NULL),
(351, 11.00, 35.00, 'Laborer', NULL, 160, 9, NULL),
(352, 3.00, 35.00, 'Laborer', NULL, 161, 26, NULL),
(353, 3.00, 35.00, 'Laborer', NULL, 161, 31, NULL),
(354, 3.00, 35.00, 'Laborer', NULL, 161, 28, NULL),
(355, 3.00, 35.00, 'Laborer', NULL, 161, 20, NULL),
(356, 3.00, 35.00, 'Laborer', NULL, 161, 36, NULL),
(357, 13.50, 35.00, 'Laborer', NULL, 162, 26, NULL),
(358, 13.50, 35.00, 'Laborer', NULL, 162, 28, NULL),
(359, 13.50, 35.00, 'Laborer', NULL, 162, 20, NULL),
(360, 13.50, 35.00, 'Laborer', NULL, 162, 36, NULL),
(361, 13.50, 35.00, 'Laborer', NULL, 162, 22, NULL),
(362, 13.50, 35.00, 'Laborer', NULL, 163, 26, NULL),
(363, 13.50, 35.00, 'Laborer', NULL, 163, 28, NULL),
(364, 13.50, 35.00, 'Laborer', NULL, 163, 20, NULL),
(365, 13.50, 35.00, 'Laborer', NULL, 163, 22, NULL),
(366, 13.50, 35.00, 'Laborer', NULL, 163, 36, NULL),
(367, 14.00, 35.00, 'Laborer', NULL, 164, 26, NULL),
(368, 14.00, 35.00, 'Laborer', NULL, 164, 28, NULL),
(369, 14.00, 35.00, 'Laborer', NULL, 164, 36, NULL),
(370, 14.00, 35.00, 'Laborer', NULL, 164, 22, NULL),
(371, 14.00, 35.00, 'Laborer', NULL, 164, 20, NULL),
(372, 9.00, 0.00, 'Lead', NULL, 165, 38, NULL),
(373, 9.00, 35.00, 'Laborer', NULL, 165, 23, NULL),
(374, 9.00, 0.00, 'Lead', NULL, 165, 40, NULL),
(375, 9.00, 35.00, 'Laborer', NULL, 165, 32, NULL),
(376, 9.00, 35.00, 'Laborer', NULL, 165, 33, NULL),
(377, 9.00, 35.00, 'Laborer', NULL, 165, 34, NULL),
(378, 6.00, 35.00, 'Laborer', NULL, 166, 2, NULL),
(379, 6.00, 35.00, 'Laborer', NULL, 166, 8, NULL),
(380, 6.00, 0.00, 'Lead', NULL, 166, 37, NULL),
(381, 6.00, 35.00, 'Laborer', NULL, 166, 25, NULL),
(382, 6.00, 35.00, 'Laborer', NULL, 166, 31, NULL),
(383, 6.00, 0.00, 'Lead', NULL, 166, 41, NULL),
(384, 6.00, 35.00, 'Laborer', NULL, 166, 47, NULL),
(385, 6.00, 0.00, 'Lead', NULL, 166, 38, NULL),
(386, 6.00, 35.00, 'Laborer', NULL, 166, 12, NULL),
(387, 6.00, 35.00, 'Laborer', NULL, 166, 24, NULL),
(388, 6.00, 35.00, 'Laborer', NULL, 166, 27, NULL),
(389, 6.00, 35.00, 'Laborer', NULL, 166, 28, NULL),
(390, 6.00, 35.00, 'Laborer', NULL, 166, 29, NULL),
(391, 12.00, 35.00, 'Laborer', NULL, 167, 12, NULL),
(392, 12.00, 0.00, 'Lead', NULL, 167, 38, NULL),
(393, 12.00, 35.00, 'Laborer', NULL, 167, 23, NULL),
(394, 12.00, 35.00, 'Laborer', NULL, 167, 24, NULL),
(395, 12.00, 35.00, 'Laborer', NULL, 167, 27, NULL),
(396, 12.00, 0.00, 'Lead', NULL, 167, 40, NULL),
(397, 12.00, 35.00, 'Laborer', NULL, 167, 32, NULL),
(398, 12.00, 35.00, 'Laborer', NULL, 167, 34, NULL),
(399, 12.00, 35.00, 'Laborer', NULL, 167, 33, NULL),
(400, 12.00, 35.00, 'Laborer', NULL, 167, 46, NULL),
(401, 10.00, 35.00, 'Laborer', NULL, 168, 12, NULL),
(402, 10.00, 35.00, 'Laborer', NULL, 168, 14, NULL),
(403, 10.00, 0.00, 'Lead', NULL, 168, 38, NULL),
(404, 10.00, 35.00, 'Laborer', NULL, 168, 24, NULL),
(405, 9.00, 0.00, 'Subcontractor', NULL, 169, 48, NULL),
(406, 9.00, 0.00, 'Subcontractor', NULL, 169, 51, NULL),
(407, 9.00, 0.00, 'Subcontractor', NULL, 169, 49, NULL),
(408, 9.00, 0.00, 'Subcontractor', NULL, 169, 50, NULL),
(409, 8.00, 0.00, 'Subcontractor', NULL, 169, 52, NULL),
(410, 8.00, 0.00, 'Subcontractor', NULL, 169, 53, NULL),
(411, 9.00, 0.00, 'Subcontractor', NULL, 170, 52, NULL),
(412, 9.00, 0.00, 'Subcontractor', NULL, 170, 53, NULL),
(413, 9.00, 0.00, 'Subcontractor', NULL, 170, 55, NULL),
(414, 10.00, 0.00, 'Subcontractor', NULL, 172, 48, NULL),
(415, 10.00, 0.00, 'Subcontractor', NULL, 172, 49, NULL),
(416, 10.00, 0.00, 'Subcontractor', NULL, 172, 50, NULL),
(417, 10.00, 0.00, 'Subcontractor', NULL, 172, 51, NULL),
(418, 10.00, 0.00, 'Lead', NULL, 173, 6, NULL),
(419, 10.00, 35.00, 'Laborer', NULL, 173, 5, NULL),
(420, 10.00, 35.00, 'Laborer', NULL, 173, 9, NULL),
(421, 10.00, 35.00, 'Laborer', NULL, 173, 22, NULL),
(422, 10.00, 35.00, 'Laborer', NULL, 173, 27, NULL),
(423, 10.00, 35.00, 'Laborer', NULL, 173, 30, NULL),
(424, 9.00, 0.00, 'Lead', NULL, 173, 4, NULL),
(425, 9.00, 35.00, 'Laborer', NULL, 173, 3, NULL),
(426, 9.00, 35.00, 'Laborer', NULL, 173, 10, NULL),
(427, 10.00, 0.00, 'Lead', NULL, 174, 4, NULL),
(428, 10.00, 35.00, 'Laborer', NULL, 174, 3, NULL),
(429, 10.00, 35.00, 'Laborer', NULL, 174, 10, NULL),
(430, 10.00, 35.00, 'Laborer', NULL, 174, 27, NULL),
(431, 10.00, 0.00, 'Lead', NULL, 174, 6, NULL),
(432, 10.00, 35.00, 'Laborer', NULL, 174, 9, NULL),
(433, 10.00, 35.00, 'Laborer', NULL, 174, 19, NULL),
(434, 10.00, 35.00, 'Laborer', NULL, 174, 21, NULL),
(435, 10.00, 0.00, 'Subcontractor', NULL, 174, 48, NULL),
(436, 10.00, 0.00, 'Subcontractor', NULL, 174, 49, NULL),
(437, 10.00, 0.00, 'Subcontractor', NULL, 174, 51, NULL),
(438, 10.00, 0.00, 'Subcontractor', NULL, 174, 50, NULL),
(439, 10.00, 0.00, 'Subcontractor', NULL, 174, 57, NULL),
(440, 8.00, 0.00, 'Subcontractor', NULL, 174, 55, NULL),
(441, 9.00, 0.00, 'Lead', NULL, 175, 4, NULL),
(442, 9.00, 35.00, 'Laborer', NULL, 175, 3, NULL),
(443, 9.00, 35.00, 'Laborer', NULL, 175, 10, NULL),
(444, 9.00, 35.00, 'Laborer', NULL, 175, 27, NULL),
(445, 9.00, 0.00, 'Lead', NULL, 175, 6, NULL),
(446, 9.00, 35.00, 'Laborer', NULL, 175, 1, NULL),
(447, 9.00, 35.00, 'Laborer', NULL, 175, 9, NULL),
(448, 9.00, 35.00, 'Laborer', NULL, 175, 19, NULL),
(449, 9.00, 35.00, 'Laborer', NULL, 175, 21, NULL),
(450, 9.00, 0.00, 'Subcontractor', NULL, 175, 48, NULL),
(451, 9.00, 0.00, 'Subcontractor', NULL, 175, 50, NULL),
(452, 9.00, 0.00, 'Subcontractor', NULL, 175, 49, NULL),
(453, 10.00, 0.00, 'Lead', NULL, 176, 4, NULL),
(454, 10.00, 35.00, 'Laborer', NULL, 176, 3, NULL),
(455, 10.00, 35.00, 'Laborer', NULL, 176, 10, NULL),
(456, 10.00, 35.00, 'Laborer', NULL, 176, 27, NULL),
(457, 9.00, 0.00, 'Lead', NULL, 176, 6, NULL),
(458, 9.00, 35.00, 'Laborer', NULL, 176, 9, NULL),
(459, 9.00, 35.00, 'Laborer', NULL, 176, 19, NULL),
(460, 10.00, 0.00, 'Subcontractor', NULL, 176, 48, NULL),
(461, 10.00, 0.00, 'Subcontractor', NULL, 176, 51, NULL),
(462, 10.00, 0.00, 'Subcontractor', NULL, 176, 50, NULL),
(463, 10.00, 0.00, 'Subcontractor', NULL, 176, 49, NULL),
(464, 10.00, 0.00, 'Subcontractor', NULL, 176, 57, NULL),
(465, 6.00, 0.00, 'Lead', NULL, 177, 4, NULL),
(466, 6.00, 35.00, 'Laborer', NULL, 177, 3, NULL),
(467, 6.00, 35.00, 'Laborer', NULL, 177, 10, NULL),
(468, 6.00, 35.00, 'Laborer', NULL, 177, 27, NULL),
(469, 8.00, 0.00, 'Lead', NULL, 177, 6, NULL),
(470, 8.00, 35.00, 'Laborer', NULL, 177, 9, NULL),
(471, 8.00, 35.00, 'Laborer', NULL, 177, 14, NULL),
(472, 8.00, 35.00, 'Laborer', NULL, 177, 19, NULL),
(473, 8.00, 35.00, 'Laborer', NULL, 177, 22, NULL),
(474, 4.00, 35.00, 'Laborer', NULL, 178, 1, NULL),
(475, 4.00, 35.00, 'Laborer', NULL, 178, 2, NULL),
(476, 4.00, 35.00, 'Laborer', NULL, 178, 13, NULL),
(477, 4.00, 35.00, 'Laborer', NULL, 178, 16, NULL),
(478, 4.00, 0.00, 'Lead', NULL, 178, 39, NULL),
(479, 14.00, 35.00, 'Laborer', NULL, 179, 1, NULL),
(480, 14.00, 35.00, 'Laborer', NULL, 179, 13, NULL),
(481, 14.00, 35.00, 'Laborer', NULL, 179, 16, NULL),
(482, 14.00, 0.00, 'Lead', NULL, 179, 39, NULL),
(483, 14.00, 35.00, 'Laborer', NULL, 179, 29, NULL),
(484, 8.00, 0.00, 'Lead', NULL, 181, 41, NULL),
(485, 8.00, 35.00, 'Laborer', NULL, 181, 11, NULL),
(486, 8.00, 35.00, 'Laborer', NULL, 181, 17, NULL),
(487, 8.00, 35.00, 'Laborer', NULL, 181, 18, NULL),
(488, 8.00, 35.00, 'Laborer', NULL, 181, 21, NULL),
(489, 10.00, 0.00, 'Lead', NULL, 182, 41, NULL),
(490, 10.00, 35.00, 'Laborer', NULL, 182, 11, NULL),
(491, 10.00, 35.00, 'Laborer', NULL, 182, 17, NULL),
(492, 10.00, 35.00, 'Laborer', NULL, 182, 18, NULL),
(493, 10.00, 0.00, 'Lead', NULL, 183, 41, NULL),
(494, 10.00, 35.00, 'Laborer', NULL, 183, 11, NULL),
(495, 10.00, 35.00, 'Laborer', NULL, 183, 18, NULL),
(496, 10.00, 35.00, 'Laborer', NULL, 183, 17, NULL),
(497, 8.00, 0.00, 'Lead', NULL, 184, 41, NULL),
(498, 8.00, 35.00, 'Laborer', NULL, 184, 11, NULL),
(499, 8.00, 35.00, 'Laborer', NULL, 184, 17, NULL),
(500, 8.00, 35.00, 'Laborer', NULL, 184, 18, NULL),
(501, 11.00, 0.00, 'Lead', NULL, 185, 41, NULL),
(502, 11.00, 35.00, 'Laborer', NULL, 185, 11, NULL),
(503, 11.00, 35.00, 'Laborer', NULL, 185, 17, NULL),
(504, 11.00, 35.00, 'Laborer', NULL, 185, 18, NULL),
(505, 9.00, 0.00, 'Lead', NULL, 186, 41, NULL),
(506, 9.00, 35.00, 'Laborer', NULL, 186, 11, NULL),
(507, 9.00, 35.00, 'Laborer', NULL, 186, 17, NULL),
(508, 9.00, 35.00, 'Laborer', NULL, 186, 18, NULL),
(509, 4.00, 0.00, 'Lead', NULL, 187, 37, NULL),
(510, 4.00, 35.00, 'Laborer', NULL, 187, 8, NULL),
(511, 4.00, 35.00, 'Laborer', NULL, 187, 24, NULL),
(512, 4.00, 35.00, 'Laborer', NULL, 187, 25, NULL),
(513, 5.00, 0.00, 'Lead', NULL, 187, 42, NULL),
(514, 5.00, 35.00, 'Laborer', NULL, 187, 2, NULL),
(515, 5.00, 35.00, 'Laborer', NULL, 187, 7, NULL),
(516, 5.00, 35.00, 'Laborer', NULL, 187, 19, NULL),
(517, 5.00, 35.00, 'Laborer', NULL, 187, 21, NULL),
(518, 5.00, 35.00, 'Laborer', NULL, 187, 47, NULL),
(519, 11.00, 0.00, 'Lead', NULL, 188, 42, NULL),
(520, 11.00, 35.00, 'Laborer', NULL, 188, 7, NULL),
(521, 11.00, 35.00, 'Laborer', NULL, 188, 8, NULL),
(522, 11.00, 35.00, 'Laborer', NULL, 188, 31, NULL),
(523, 13.00, 0.00, 'Lead', NULL, 189, 42, NULL),
(524, 13.00, 35.00, 'Laborer', NULL, 189, 7, NULL),
(525, 13.00, 35.00, 'Laborer', NULL, 189, 8, NULL),
(526, 13.00, 35.00, 'Laborer', NULL, 189, 31, NULL),
(527, 13.00, 0.00, 'Lead', NULL, 189, 43, NULL),
(528, 11.00, 0.00, 'Lead', NULL, 190, 42, NULL),
(529, 11.00, 35.00, 'Laborer', NULL, 190, 7, NULL),
(530, 11.00, 35.00, 'Laborer', NULL, 190, 21, NULL),
(531, 11.00, 35.00, 'Laborer', NULL, 190, 31, NULL),
(532, 11.00, 0.00, 'Lead', NULL, 190, 43, NULL),
(533, 7.00, 0.00, 'Lead', NULL, 191, 38, NULL),
(534, 7.00, 35.00, 'Laborer', NULL, 191, 12, NULL),
(535, 6.00, 35.00, 'Laborer', NULL, 191, 14, NULL),
(536, 4.50, 35.00, 'Laborer', NULL, 192, 23, NULL),
(537, 4.50, 35.00, 'Laborer', NULL, 192, 23, NULL),
(538, 4.50, 35.00, 'Laborer', NULL, 192, 32, NULL),
(539, 4.50, 35.00, 'Laborer', NULL, 192, 33, NULL),
(540, 4.50, 35.00, 'Laborer', NULL, 192, 34, NULL),
(541, 11.50, 0.00, 'Lead', NULL, 193, 40, NULL),
(542, 11.50, 35.00, 'Laborer', NULL, 193, 23, NULL),
(543, 11.50, 35.00, 'Laborer', NULL, 193, 32, NULL),
(544, 11.50, 35.00, 'Laborer', NULL, 193, 34, NULL),
(545, 11.50, 35.00, 'Laborer', NULL, 193, 33, NULL),
(546, 11.00, 0.00, 'Lead', NULL, 194, 40, NULL),
(547, 11.00, 35.00, 'Laborer', NULL, 194, 23, NULL),
(548, 11.00, 35.00, 'Laborer', NULL, 194, 32, NULL),
(549, 11.00, 35.00, 'Laborer', NULL, 194, 33, NULL),
(550, 11.00, 35.00, 'Laborer', NULL, 194, 34, NULL),
(551, 11.00, 0.00, 'Lead', NULL, 195, 40, NULL),
(552, 11.00, 35.00, 'Laborer', NULL, 195, 23, NULL),
(553, 11.00, 35.00, 'Laborer', NULL, 195, 32, NULL),
(554, 11.00, 35.00, 'Laborer', NULL, 195, 34, NULL),
(555, 11.00, 35.00, 'Laborer', NULL, 195, 33, NULL),
(556, 9.00, 35.00, 'Laborer', NULL, 196, 15, NULL),
(557, 9.00, 35.00, 'Laborer', NULL, 196, 5, NULL),
(558, 9.00, 35.00, 'Laborer', NULL, 196, 30, NULL),
(559, 9.00, 35.00, 'Laborer', NULL, 196, 47, NULL),
(560, 13.00, 35.00, 'Laborer', NULL, 197, 15, NULL),
(561, 13.00, 35.00, 'Laborer', NULL, 197, 5, NULL),
(562, 13.00, 35.00, 'Laborer', NULL, 197, 30, NULL),
(563, 13.00, 35.00, 'Laborer', NULL, 197, 47, NULL),
(564, 12.00, 35.00, 'Laborer', NULL, 198, 15, NULL),
(565, 12.00, 35.00, 'Laborer', NULL, 198, 5, NULL),
(566, 12.00, 35.00, 'Laborer', NULL, 198, 30, NULL),
(567, 12.00, 35.00, 'Laborer', NULL, 198, 47, NULL),
(568, 9.50, 0.00, 'Lead', NULL, 199, 39, NULL),
(569, 9.50, 35.00, 'Laborer', NULL, 199, 1, NULL),
(570, 9.50, 35.00, 'Laborer', NULL, 199, 13, NULL),
(571, 9.50, 35.00, 'Laborer', NULL, 199, 16, NULL),
(572, 9.50, 35.00, 'Laborer', NULL, 199, 29, NULL),
(573, 14.00, 0.00, 'Subcontractor', NULL, 200, 58, NULL),
(574, 14.00, 0.00, 'Subcontractor', NULL, 200, 59, NULL),
(575, 14.00, 0.00, 'Subcontractor', NULL, 200, 60, NULL),
(576, 14.00, 0.00, 'Subcontractor', NULL, 200, 61, NULL),
(577, 9.00, 0.00, 'Subcontractor', NULL, 201, 58, NULL),
(578, 9.00, 0.00, 'Subcontractor', NULL, 201, 59, NULL),
(579, 9.00, 0.00, 'Subcontractor', NULL, 201, 60, NULL),
(580, 9.00, 0.00, 'Subcontractor', NULL, 201, 61, NULL),
(581, 12.00, 0.00, 'Subcontractor', NULL, 202, 58, NULL),
(582, 12.00, 0.00, 'Subcontractor', NULL, 202, 59, NULL),
(583, 12.00, 0.00, 'Subcontractor', NULL, 202, 60, NULL),
(584, 12.00, 0.00, 'Subcontractor', NULL, 202, 61, NULL),
(585, 9.00, 0.00, 'Subcontractor', NULL, 170, 62, NULL),
(586, 9.00, 0.00, 'Subcontractor', NULL, 170, 63, NULL),
(587, 9.00, 0.00, 'Subcontractor', NULL, 170, 64, NULL),
(588, 9.00, 0.00, 'Subcontractor', NULL, 170, 65, NULL),
(589, 9.00, 0.00, 'Subcontractor', NULL, 171, 52, NULL),
(590, 9.00, 0.00, 'Subcontractor', NULL, 171, 53, NULL),
(591, 9.00, 0.00, 'Subcontractor', NULL, 171, 62, NULL),
(592, 9.00, 0.00, 'Subcontractor', NULL, 171, 63, NULL),
(593, 9.00, 0.00, 'Subcontractor', NULL, 171, 64, NULL),
(594, 9.00, 0.00, 'Subcontractor', NULL, 171, 55, NULL),
(595, 9.00, 0.00, 'Subcontractor', NULL, 171, 65, NULL),
(596, 9.00, 0.00, 'Subcontractor', NULL, 171, 66, NULL),
(597, 9.00, 0.00, 'Subcontractor', NULL, 172, 52, NULL),
(598, 9.00, 0.00, 'Subcontractor', NULL, 172, 53, NULL),
(599, 9.00, 0.00, 'Subcontractor', NULL, 172, 62, NULL),
(600, 9.00, 0.00, 'Subcontractor', NULL, 172, 63, NULL),
(601, 9.00, 0.00, 'Subcontractor', NULL, 172, 64, NULL),
(602, 9.00, 0.00, 'Subcontractor', NULL, 172, 55, NULL),
(603, 9.00, 0.00, 'Subcontractor', NULL, 172, 65, NULL),
(604, 9.00, 0.00, 'Subcontractor', NULL, 172, 66, NULL),
(605, 8.00, 0.00, 'Subcontractor', NULL, 174, 65, NULL),
(606, 8.00, 0.00, 'Subcontractor', NULL, 174, 66, NULL),
(607, 8.00, 0.00, 'Subcontractor', NULL, 175, 64, NULL),
(608, 8.00, 0.00, 'Subcontractor', NULL, 175, 65, NULL),
(609, 8.00, 0.00, 'Subcontractor', NULL, 176, 64, NULL),
(610, 8.00, 0.00, 'Subcontractor', NULL, 176, 65, NULL),
(611, 8.00, 0.00, 'Subcontractor', NULL, 176, 55, NULL),
(612, 8.00, 0.00, 'Subcontractor', NULL, 176, 66, NULL),
(613, 8.00, 0.00, 'Subcontractor', NULL, 177, 55, NULL),
(614, 8.00, 0.00, 'Subcontractor', NULL, 177, 65, NULL),
(615, 8.00, 0.00, 'Subcontractor', NULL, 177, 66, NULL),
(616, 8.00, 0.00, 'Subcontractor', NULL, 177, 64, NULL),
(617, 11.00, 35.00, 'Laborer', NULL, 203, 12, NULL),
(618, 11.00, 0.00, 'Lead', NULL, 203, 38, NULL),
(619, 11.00, 35.00, 'Laborer', NULL, 203, 24, NULL),
(620, 11.00, 0.00, 'Subcontractor', NULL, 203, 51, NULL),
(621, 10.00, 35.00, 'Laborer', NULL, 204, 1, NULL),
(622, 10.00, 35.00, 'Laborer', NULL, 204, 8, NULL),
(623, 10.00, 0.00, 'Lead', NULL, 204, 37, NULL),
(624, 10.00, 35.00, 'Laborer', NULL, 204, 25, NULL),
(625, 10.00, 35.00, 'Laborer', NULL, 205, 8, NULL),
(626, 10.00, 0.00, 'Lead', NULL, 205, 37, NULL),
(627, 10.00, 35.00, 'Laborer', NULL, 205, 28, NULL),
(628, 10.00, 35.00, 'Laborer', NULL, 205, 29, NULL),
(629, 10.00, 35.00, 'Laborer', NULL, 205, 36, NULL),
(630, 10.00, 0.00, 'Subcontractor', NULL, 205, 48, NULL),
(631, 10.00, 0.00, 'Subcontractor', NULL, 205, 50, NULL),
(632, 10.00, 0.00, 'Subcontractor', NULL, 205, 49, NULL),
(633, 10.00, 0.00, 'Subcontractor', NULL, 205, 57, NULL),
(634, 7.50, 0.00, 'Lead', NULL, 206, 39, NULL),
(635, 7.50, 35.00, 'Laborer', NULL, 206, 13, NULL),
(636, 7.50, 35.00, 'Laborer', NULL, 206, 14, NULL),
(637, 12.00, 35.00, 'Laborer', NULL, 207, 12, NULL),
(638, 12.00, 35.00, 'Laborer', NULL, 207, 14, NULL),
(639, 12.00, 0.00, 'Lead', NULL, 207, 38, NULL),
(640, 12.00, 35.00, 'Laborer', NULL, 207, 24, NULL),
(641, 9.00, 35.00, 'Laborer', NULL, 208, 12, NULL),
(642, 9.00, 0.00, 'Lead', NULL, 208, 38, NULL),
(643, 9.00, 35.00, 'Laborer', NULL, 208, 24, NULL),
(644, 0.00, 35.00, 'Laborer', NULL, 208, 31, NULL),
(645, 9.50, 0.00, 'Lead', NULL, 150, 39, NULL),
(646, 9.50, 35.00, 'Laborer', NULL, 150, 2, NULL),
(647, 9.50, 35.00, 'Laborer', NULL, 150, 13, NULL),
(648, 9.50, 35.00, 'Laborer', NULL, 150, 16, NULL),
(649, 9.50, 35.00, 'Laborer', NULL, 150, 29, NULL),
(650, 6.00, 35.00, 'Laborer', NULL, 180, 2, NULL),
(651, 6.00, 35.00, 'Laborer', NULL, 180, 13, NULL),
(652, 6.00, 35.00, 'Laborer', NULL, 180, 16, NULL),
(653, 6.00, 0.00, 'Lead', NULL, 180, 39, NULL),
(654, 9.00, 0.00, 'Lead', NULL, 209, 4, NULL),
(655, 9.00, 35.00, 'Laborer', NULL, 209, 3, NULL),
(656, 9.00, 35.00, 'Laborer', NULL, 209, 27, NULL),
(657, 10.50, 0.00, 'Lead', NULL, 209, 6, NULL),
(658, 10.50, 35.00, 'Laborer', NULL, 209, 9, NULL),
(659, 10.50, 35.00, 'Laborer', NULL, 209, 19, NULL),
(660, 10.50, 0.00, 'Lead', NULL, 209, 43, NULL),
(661, 9.00, 0.00, 'Lead', NULL, 210, 4, NULL),
(662, 9.00, 35.00, 'Laborer', NULL, 210, 3, NULL),
(663, 9.00, 35.00, 'Laborer', NULL, 210, 10, NULL),
(664, 9.00, 35.00, 'Laborer', NULL, 210, 27, NULL),
(665, 10.00, 0.00, 'Lead', NULL, 210, 6, NULL),
(666, 10.00, 35.00, 'Laborer', NULL, 210, 9, NULL),
(667, 10.00, 35.00, 'Laborer', NULL, 210, 19, NULL),
(668, 9.00, 0.00, 'Lead', NULL, 212, 4, NULL),
(669, 9.00, 35.00, 'Laborer', NULL, 212, 3, NULL),
(670, 9.00, 35.00, 'Laborer', NULL, 212, 10, NULL),
(671, 9.00, 35.00, 'Laborer', NULL, 212, 27, NULL),
(672, 10.50, 0.00, 'Lead', NULL, 212, 6, NULL),
(673, 10.50, 35.00, 'Laborer', NULL, 212, 9, NULL),
(674, 10.50, 35.00, 'Laborer', NULL, 212, 19, NULL),
(678, 8.00, 0.00, 'Subcontractor', NULL, 212, 55, NULL),
(679, 8.00, 0.00, 'Subcontractor', NULL, 212, 65, NULL),
(680, 8.00, 0.00, 'Subcontractor', NULL, 212, 64, NULL),
(681, 8.00, 0.00, 'Subcontractor', NULL, 212, 66, NULL),
(682, 10.00, 0.00, 'Lead', NULL, 214, 4, NULL),
(683, 10.00, 35.00, 'Laborer', NULL, 214, 3, NULL),
(684, 10.00, 35.00, 'Laborer', NULL, 214, 10, NULL),
(685, 10.00, 35.00, 'Laborer', NULL, 214, 27, NULL),
(686, 9.00, 0.00, 'Lead', NULL, 214, 6, NULL),
(687, 9.00, 35.00, 'Laborer', NULL, 214, 19, NULL),
(688, 9.00, 35.00, 'Laborer', NULL, 214, 31, NULL),
(689, 8.00, 0.00, 'Subcontractor', NULL, 214, 64, NULL),
(690, 8.00, 0.00, 'Subcontractor', NULL, 214, 65, NULL),
(691, 12.00, 0.00, 'Lead', NULL, 215, 4, NULL),
(692, 12.00, 35.00, 'Laborer', NULL, 215, 3, NULL),
(693, 12.00, 35.00, 'Laborer', NULL, 215, 10, NULL),
(694, 12.00, 35.00, 'Laborer', NULL, 215, 27, NULL),
(695, 12.00, 0.00, 'Lead', NULL, 215, 42, NULL),
(696, 8.00, 0.00, 'Subcontractor', NULL, 215, 64, NULL),
(697, 8.00, 0.00, 'Subcontractor', NULL, 215, 65, NULL),
(698, 8.00, 0.00, 'Subcontractor', NULL, 215, 66, NULL),
(700, 8.00, 35.00, 'Laborer', NULL, 216, 8, NULL),
(701, 8.00, 0.00, 'Lead', NULL, 216, 37, NULL),
(702, 8.00, 35.00, 'Laborer', NULL, 216, 25, NULL),
(703, 11.00, 0.00, 'Lead', NULL, 217, 37, NULL),
(704, 11.00, 35.00, 'Laborer', NULL, 217, 8, NULL),
(705, 11.00, 35.00, 'Laborer', NULL, 217, 25, NULL),
(706, 11.00, 35.00, 'Laborer', NULL, 217, 34, NULL),
(707, 8.00, 35.00, 'Laborer', NULL, 216, 18, NULL),
(708, 10.00, 0.00, 'Lead', NULL, 218, 37, NULL),
(709, 10.00, 35.00, 'Laborer', NULL, 218, 8, NULL),
(710, 10.00, 35.00, 'Laborer', NULL, 218, 25, NULL),
(711, 10.00, 0.00, 'Subcontractor', NULL, 218, 68, NULL),
(712, 12.00, 35.00, 'Laborer', NULL, 219, 5, NULL),
(713, 12.00, 35.00, 'Laborer', NULL, 219, 8, NULL),
(714, 12.00, 0.00, 'Lead', NULL, 219, 37, NULL),
(715, 12.00, 35.00, 'Laborer', NULL, 219, 30, NULL),
(716, 8.00, 35.00, 'Laborer', NULL, 220, 7, NULL),
(717, 8.00, 35.00, 'Laborer', NULL, 220, 15, NULL),
(718, 8.00, 35.00, 'Laborer', NULL, 220, 30, NULL),
(719, 8.00, 35.00, 'Laborer', NULL, 220, 31, NULL),
(720, 5.00, 35.00, 'Laborer', NULL, 221, 5, NULL),
(721, 10.00, 35.00, 'Laborer', NULL, 221, 15, NULL),
(722, 10.00, 35.00, 'Laborer', NULL, 221, 30, NULL),
(723, 10.00, 35.00, 'Laborer', NULL, 221, 47, NULL),
(724, 10.00, 35.00, 'Laborer', NULL, 222, 5, NULL),
(725, 10.00, 35.00, 'Laborer', NULL, 222, 15, NULL),
(726, 10.00, 35.00, 'Laborer', NULL, 222, 30, NULL),
(727, 10.00, 35.00, 'Laborer', NULL, 222, 47, NULL),
(728, 12.00, 0.00, 'Subcontractor', NULL, 223, 69, NULL),
(729, 12.00, 0.00, 'Subcontractor', NULL, 223, 68, NULL),
(730, 12.00, 0.00, 'Subcontractor', NULL, 223, 70, NULL),
(731, 12.00, 0.00, 'Subcontractor', NULL, 223, 71, NULL),
(732, 9.00, 0.00, 'Lead', NULL, 224, 38, NULL),
(733, 9.00, 35.00, 'Laborer', NULL, 224, 12, NULL),
(734, 9.00, 35.00, 'Laborer', NULL, 224, 24, NULL),
(735, 10.50, 0.00, 'Lead', NULL, 225, 40, NULL),
(736, 10.50, 35.00, 'Laborer', NULL, 225, 23, NULL),
(737, 10.50, 35.00, 'Laborer', NULL, 225, 34, NULL),
(738, 10.50, 35.00, 'Laborer', NULL, 225, 33, NULL),
(739, 10.50, 35.00, 'Laborer', NULL, 225, 32, NULL),
(740, 12.00, 35.00, 'Laborer', NULL, 226, 26, NULL),
(741, 12.00, 35.00, 'Laborer', NULL, 226, 28, NULL),
(742, 12.00, 35.00, 'Laborer', NULL, 226, 20, NULL),
(743, 12.00, 35.00, 'Laborer', NULL, 226, 36, NULL),
(744, 12.00, 35.00, 'Laborer', NULL, 226, 22, NULL),
(745, 12.00, 35.00, 'Laborer', NULL, 227, 26, NULL),
(746, 12.00, 35.00, 'Laborer', NULL, 227, 28, NULL),
(747, 12.00, 35.00, 'Laborer', NULL, 227, 20, NULL),
(748, 12.00, 0.00, 'Subcontractor', NULL, 227, 53, NULL),
(749, 12.00, 35.00, 'Laborer', NULL, 227, 36, NULL),
(750, 11.00, 35.00, 'Laborer', NULL, 228, 28, NULL),
(751, 11.00, 35.00, 'Laborer', NULL, 228, 20, NULL),
(752, 11.00, 35.00, 'Laborer', NULL, 228, 36, NULL),
(753, 11.00, 35.00, 'Laborer', NULL, 228, 22, NULL),
(754, 11.00, 35.00, 'Laborer', NULL, 228, 26, NULL),
(755, 12.50, 35.00, 'Laborer', NULL, 229, 28, NULL),
(756, 12.50, 35.00, 'Laborer', NULL, 229, 36, NULL),
(757, 12.50, 35.00, 'Laborer', NULL, 229, 20, NULL),
(758, 12.50, 35.00, 'Laborer', NULL, 229, 26, NULL),
(759, 11.50, 35.00, 'Laborer', NULL, 229, 47, NULL),
(760, 11.50, 35.00, 'Laborer', NULL, 229, 9, NULL),
(761, 13.00, 35.00, 'Laborer', NULL, 230, 28, NULL),
(762, 13.00, 35.00, 'Laborer', NULL, 230, 36, NULL),
(763, 13.00, 35.00, 'Laborer', NULL, 230, 20, NULL),
(764, 13.00, 35.00, 'Laborer', NULL, 230, 9, NULL),
(765, 13.00, 35.00, 'Laborer', NULL, 230, 47, NULL),
(766, 13.00, 35.00, 'Laborer', NULL, 230, 26, NULL),
(767, 11.00, 0.00, 'Lead', NULL, 231, 41, NULL),
(768, 11.00, 35.00, 'Laborer', NULL, 231, 17, NULL),
(769, 11.00, 35.00, 'Laborer', NULL, 231, 11, NULL),
(770, 12.00, 35.00, 'Laborer', NULL, 232, 7, NULL),
(771, 12.00, 35.00, 'Laborer', NULL, 232, 31, NULL),
(772, 12.00, 0.00, 'Lead', NULL, 232, 42, NULL),
(773, 11.00, 35.00, 'Laborer', NULL, 233, 7, NULL),
(774, 11.00, 35.00, 'Laborer', NULL, 233, 14, NULL),
(775, 11.00, 35.00, 'Laborer', NULL, 233, 31, NULL),
(776, 11.00, 0.00, 'Lead', NULL, 233, 42, NULL),
(777, 12.00, 35.00, 'Laborer', NULL, 234, 7, NULL),
(778, 12.00, 35.00, 'Laborer', NULL, 234, 14, NULL),
(779, 12.00, 35.00, 'Laborer', NULL, 234, 31, NULL),
(780, 12.00, 0.00, 'Lead', NULL, 234, 42, NULL),
(781, 10.00, 35.00, 'Laborer', NULL, 235, 7, NULL),
(782, 10.00, 35.00, 'Laborer', NULL, 235, 14, NULL),
(783, 10.00, 35.00, 'Laborer', NULL, 235, 15, NULL),
(784, 10.00, 0.00, 'Lead', NULL, 235, 42, NULL),
(785, 11.00, 0.00, 'Subcontractor', NULL, 236, 48, NULL),
(786, 11.00, 0.00, 'Subcontractor', NULL, 236, 51, NULL),
(787, 11.00, 0.00, 'Subcontractor', NULL, 236, 49, NULL),
(788, 11.00, 0.00, 'Subcontractor', NULL, 236, 50, NULL),
(789, 11.00, 0.00, 'Subcontractor', NULL, 236, 57, NULL),
(790, 10.00, 0.00, 'Subcontractor', NULL, 237, 48, NULL),
(791, 10.00, 0.00, 'Subcontractor', NULL, 237, 51, NULL),
(792, 10.00, 0.00, 'Subcontractor', NULL, 237, 49, NULL),
(793, 10.00, 0.00, 'Subcontractor', NULL, 237, 50, NULL),
(794, 10.00, 0.00, 'Subcontractor', NULL, 237, 57, NULL),
(795, 12.00, 0.00, 'Subcontractor', NULL, 238, 48, NULL),
(796, 12.00, 0.00, 'Subcontractor', NULL, 238, 51, NULL),
(797, 12.00, 0.00, 'Subcontractor', NULL, 238, 49, NULL),
(798, 12.00, 0.00, 'Subcontractor', NULL, 238, 50, NULL),
(799, 12.00, 0.00, 'Subcontractor', NULL, 238, 57, NULL),
(800, 9.00, 0.00, 'Subcontractor', NULL, 239, 48, NULL),
(801, 9.00, 0.00, 'Subcontractor', NULL, 239, 51, NULL),
(802, 9.00, 0.00, 'Subcontractor', NULL, 239, 49, NULL),
(803, 9.00, 0.00, 'Subcontractor', NULL, 239, 50, NULL),
(804, 9.00, 0.00, 'Subcontractor', NULL, 239, 57, NULL),
(805, 11.00, 0.00, 'Subcontractor', NULL, 240, 48, NULL),
(806, 11.00, 0.00, 'Subcontractor', NULL, 240, 51, NULL),
(807, 11.00, 0.00, 'Subcontractor', NULL, 240, 49, NULL),
(808, 11.00, 0.00, 'Subcontractor', NULL, 240, 50, NULL),
(809, 11.00, 0.00, 'Subcontractor', NULL, 240, 57, NULL),
(810, 12.50, 35.00, 'Laborer', NULL, 241, 12, NULL),
(811, 12.50, 0.00, 'Lead', NULL, 241, 38, NULL),
(812, 12.50, 35.00, 'Laborer', NULL, 241, 24, NULL),
(813, 12.50, 0.00, 'Lead', NULL, 241, 43, NULL),
(814, 10.00, 35.00, 'Laborer', NULL, 242, 12, NULL),
(815, 10.00, 0.00, 'Lead', NULL, 242, 38, NULL),
(816, 10.00, 35.00, 'Laborer', NULL, 242, 24, NULL),
(817, 10.00, 35.00, 'Laborer', NULL, 243, 12, NULL),
(818, 10.00, 0.00, 'Lead', NULL, 243, 38, NULL),
(819, 10.00, 35.00, 'Laborer', NULL, 243, 24, NULL),
(820, 10.00, 35.00, 'Laborer', NULL, 243, 22, NULL),
(821, 11.00, 35.00, 'Laborer', NULL, 244, 12, NULL),
(822, 11.00, 0.00, 'Lead', NULL, 244, 38, NULL),
(823, 11.00, 35.00, 'Laborer', NULL, 244, 22, NULL),
(824, 11.00, 35.00, 'Laborer', NULL, 244, 24, NULL),
(825, 10.00, 0.00, 'Lead', NULL, 244, 39, NULL),
(826, 10.00, 35.00, 'Laborer', NULL, 244, 1, NULL),
(827, 10.00, 35.00, 'Laborer', NULL, 244, 13, NULL),
(828, 10.00, 35.00, 'Laborer', NULL, 244, 29, NULL),
(829, 12.50, 0.00, 'Lead', NULL, 245, 39, NULL),
(830, 12.50, 35.00, 'Laborer', NULL, 245, 1, NULL),
(831, 12.50, 35.00, 'Laborer', NULL, 245, 13, NULL),
(832, 12.50, 35.00, 'Laborer', NULL, 245, 29, NULL),
(833, 12.00, 0.00, 'Lead', NULL, 246, 41, NULL),
(834, 12.00, 35.00, 'Laborer', NULL, 246, 17, NULL),
(835, 0.00, 35.00, 'Laborer', NULL, 246, 18, NULL),
(836, 12.00, 35.00, 'Laborer', NULL, 246, 21, NULL),
(837, 12.00, 35.00, 'Laborer', NULL, 246, 11, NULL),
(838, 11.00, 35.00, 'Laborer', NULL, 247, 1, NULL),
(839, 11.00, 35.00, 'Laborer', NULL, 247, 13, NULL),
(840, 11.00, 0.00, 'Lead', NULL, 247, 39, NULL),
(841, 11.00, 35.00, 'Laborer', NULL, 247, 29, NULL),
(842, 9.00, 0.00, 'Lead', NULL, 248, 39, NULL),
(843, 9.00, 35.00, 'Laborer', NULL, 248, 13, NULL),
(844, 9.00, 0.00, 'Lead', NULL, 248, 39, NULL),
(845, 9.00, 35.00, 'Laborer', NULL, 248, 29, NULL),
(846, 12.50, 20.00, 'Laborer', '#BF3173', 249, 1, NULL),
(847, 12.50, 35.00, 'Laborer', NULL, 249, 2, NULL),
(848, 12.50, 35.00, 'Laborer', NULL, 249, 13, NULL),
(849, 12.50, 35.00, 'Laborer', NULL, 249, 14, NULL),
(850, 12.50, 0.00, 'Lead', NULL, 249, 39, NULL),
(876, 10.00, 35.00, 'Laborer', NULL, 255, 15, NULL),
(877, 10.00, 35.00, 'Laborer', NULL, 255, 5, NULL),
(878, 10.00, 35.00, 'Laborer', NULL, 255, 30, NULL),
(879, 10.00, 35.00, 'Laborer', NULL, 255, 47, NULL),
(880, 12.00, 0.00, 'Lead', NULL, 256, 41, NULL),
(881, 12.00, 35.00, 'Laborer', NULL, 256, 16, NULL),
(882, 12.00, 35.00, 'Laborer', NULL, 256, 17, NULL),
(883, 12.00, 35.00, 'Laborer', NULL, 256, 11, NULL),
(884, 12.00, 35.00, 'Laborer', NULL, 256, 21, NULL),
(885, 10.00, 35.00, 'Laborer', NULL, 257, 11, NULL),
(886, 10.00, 35.00, 'Laborer', NULL, 257, 17, NULL),
(887, 10.00, 35.00, 'Laborer', NULL, 257, 18, NULL),
(888, 10.00, 35.00, 'Laborer', NULL, 257, 21, NULL),
(889, 10.00, 0.00, 'Lead', NULL, 257, 41, NULL),
(890, 12.00, 35.00, 'Laborer', NULL, 258, 11, NULL),
(891, 12.00, 35.00, 'Laborer', NULL, 258, 17, NULL),
(892, 12.00, 35.00, 'Laborer', NULL, 258, 18, NULL),
(893, 12.00, 35.00, 'Laborer', NULL, 258, 21, NULL),
(894, 12.00, 0.00, 'Lead', NULL, 258, 41, NULL),
(895, 8.00, 35.00, 'Laborer', NULL, 259, 2, NULL),
(896, 8.00, 35.00, 'Laborer', NULL, 259, 5, NULL),
(897, 8.00, 35.00, 'Laborer', NULL, 259, 19, NULL),
(898, 11.00, 0.00, 'Lead', NULL, 260, 4, NULL),
(899, 11.00, 35.00, 'Laborer', NULL, 260, 3, NULL),
(900, 11.00, 35.00, 'Laborer', NULL, 260, 10, NULL),
(901, 11.00, 35.00, 'Laborer', NULL, 260, 27, NULL),
(902, 12.00, 35.00, 'Laborer', NULL, 261, 5, NULL),
(903, 12.00, 35.00, 'Laborer', NULL, 261, 7, NULL),
(904, 12.00, 35.00, 'Laborer', NULL, 261, 15, NULL),
(905, 12.00, 35.00, 'Laborer', NULL, 261, 30, NULL),
(906, 12.00, 0.00, 'Lead', NULL, 261, 42, NULL),
(907, 9.00, 35.00, 'Laborer', NULL, 262, 12, NULL),
(908, 9.00, 0.00, 'Lead', NULL, 262, 38, NULL),
(909, 9.00, 35.00, 'Laborer', NULL, 262, 22, NULL),
(910, 9.00, 35.00, 'Laborer', NULL, 262, 24, NULL),
(911, 11.00, 35.00, 'Laborer', NULL, 263, 1, NULL),
(912, 11.00, 35.00, 'Laborer', NULL, 263, 2, NULL),
(913, 11.00, 35.00, 'Laborer', NULL, 263, 13, NULL),
(914, 11.00, 0.00, 'Lead', NULL, 263, 39, NULL),
(915, 11.00, 35.00, 'Laborer', NULL, 264, 28, NULL),
(916, 11.00, 35.00, 'Laborer', NULL, 264, 36, NULL),
(917, 11.00, 35.00, 'Laborer', NULL, 264, 20, NULL),
(918, 11.00, 35.00, 'Laborer', NULL, 264, 47, NULL),
(919, 11.00, 35.00, 'Laborer', NULL, 264, 26, NULL),
(920, 8.00, 0.00, 'Subcontractor', NULL, 260, 65, NULL),
(921, 8.00, 0.00, 'Subcontractor', NULL, 260, 64, NULL),
(922, 8.00, 0.00, 'Subcontractor', NULL, 260, 66, NULL),
(923, 2.00, 0.00, 'Lead', NULL, 266, 4, NULL),
(924, 2.00, 35.00, 'Laborer', NULL, 266, 3, NULL),
(925, 2.00, 35.00, 'Laborer', NULL, 266, 10, NULL),
(926, 2.00, 35.00, 'Laborer', NULL, 266, 27, NULL),
(927, 7.00, 0.00, 'Lead', NULL, 267, 4, NULL),
(928, 7.00, 35.00, 'Laborer', NULL, 267, 10, NULL),
(929, 7.00, 35.00, 'Laborer', NULL, 267, 19, NULL),
(930, 8.00, 0.00, 'Subcontractor', NULL, 267, 65, NULL),
(931, 8.00, 0.00, 'Subcontractor', NULL, 267, 64, NULL),
(932, 8.00, 0.00, 'Subcontractor', NULL, 267, 66, NULL),
(933, 8.00, 0.00, 'Subcontractor', NULL, 267, 55, NULL),
(934, 10.00, 0.00, 'Lead', NULL, 268, 4, NULL),
(935, 10.00, 35.00, 'Laborer', NULL, 268, 10, NULL),
(936, 10.00, 35.00, 'Laborer', NULL, 268, 19, NULL),
(937, 10.00, 35.00, 'Laborer', NULL, 268, 27, NULL),
(938, 8.00, 0.00, 'Subcontractor', NULL, 268, 65, NULL),
(939, 8.00, 0.00, 'Subcontractor', NULL, 268, 64, NULL),
(940, 8.00, 0.00, 'Subcontractor', NULL, 268, 66, NULL),
(941, 8.00, 0.00, 'Subcontractor', NULL, 268, 55, NULL),
(942, 8.00, 0.00, 'Subcontractor', NULL, 268, 72, NULL),
(949, 5.00, 0.00, 'Lead', NULL, 270, 6, NULL),
(950, 5.00, 35.00, 'Laborer', NULL, 270, 9, NULL),
(951, 5.00, 35.00, 'Laborer', NULL, 270, 19, NULL),
(952, 15.00, 35.00, 'Laborer', NULL, 271, 11, NULL),
(953, 15.00, 35.00, 'Laborer', NULL, 271, 14, NULL),
(954, 15.00, 35.00, 'Laborer', NULL, 271, 16, NULL),
(955, 15.00, 35.00, 'Laborer', NULL, 271, 17, NULL),
(956, 15.00, 35.00, 'Laborer', NULL, 271, 18, NULL),
(957, 15.00, 35.00, 'Laborer', NULL, 271, 21, NULL),
(958, 15.00, 0.00, 'Lead', NULL, 271, 41, NULL),
(959, 10.00, 35.00, 'Laborer', NULL, 272, 11, NULL),
(960, 9.00, 35.00, 'Laborer', NULL, 272, 14, NULL),
(961, 10.00, 35.00, 'Laborer', NULL, 272, 16, NULL),
(962, 10.00, 35.00, 'Laborer', NULL, 272, 17, NULL),
(963, 10.00, 35.00, 'Laborer', NULL, 272, 18, NULL),
(964, 10.00, 35.00, 'Laborer', NULL, 272, 21, NULL),
(965, 10.00, 0.00, 'Lead', NULL, 272, 41, NULL),
(966, 13.00, 0.00, 'Lead', NULL, 273, 41, NULL),
(967, 13.00, 35.00, 'Laborer', NULL, 273, 11, NULL),
(968, 13.00, 35.00, 'Laborer', NULL, 273, 18, NULL),
(969, 13.00, 35.00, 'Laborer', NULL, 273, 17, NULL),
(970, 13.00, 35.00, 'Laborer', NULL, 273, 16, NULL),
(971, 13.00, 35.00, 'Laborer', NULL, 273, 21, NULL),
(972, 3.00, 0.00, 'Lead', NULL, 274, 37, NULL),
(973, 3.00, 35.00, 'Laborer', NULL, 274, 22, NULL),
(974, 8.00, 35.00, 'Laborer', NULL, 275, 11, NULL),
(975, 8.00, 35.00, 'Laborer', NULL, 275, 17, NULL),
(976, 8.00, 0.00, 'Lead', NULL, 275, 41, NULL),
(977, 7.00, 35.00, 'Laborer', NULL, 276, 5, NULL),
(978, 7.00, 35.00, 'Laborer', NULL, 276, 15, NULL),
(979, 7.00, 35.00, 'Laborer', NULL, 276, 30, NULL),
(980, 7.00, 35.00, 'Laborer', NULL, 276, 47, NULL),
(981, 8.00, 35.00, 'Laborer', NULL, 277, 2, NULL),
(982, 8.00, 35.00, 'Laborer', NULL, 277, 9, NULL),
(983, 3.00, 35.00, 'Laborer', NULL, 278, 12, NULL),
(984, 3.00, 35.00, 'Laborer', NULL, 278, 20, NULL),
(985, 3.00, 0.00, 'Lead', NULL, 278, 38, NULL),
(986, 3.00, 35.00, 'Laborer', NULL, 278, 24, NULL),
(987, 15.50, 35.00, 'Laborer', NULL, 279, 1, NULL),
(988, 15.50, 35.00, 'Laborer', NULL, 279, 2, NULL),
(989, 15.50, 35.00, 'Laborer', NULL, 279, 13, NULL),
(990, 15.50, 0.00, 'Lead', NULL, 279, 39, NULL),
(991, 15.50, 35.00, 'Laborer', NULL, 279, 28, NULL),
(992, 15.50, 35.00, 'Laborer', NULL, 279, 29, NULL),
(993, 15.50, 35.00, 'Laborer', NULL, 279, 31, NULL),
(994, 4.00, 0.00, 'Lead', NULL, 280, 38, NULL),
(995, 4.00, 35.00, 'Laborer', NULL, 280, 12, NULL),
(996, 4.00, 35.00, 'Laborer', NULL, 280, 24, NULL),
(997, 4.00, 35.00, 'Laborer', NULL, 280, 27, NULL),
(998, 4.00, 0.00, 'Lead', NULL, 280, 42, NULL),
(999, 4.00, 35.00, 'Laborer', NULL, 280, 1, NULL),
(1000, 4.00, 35.00, 'Laborer', NULL, 280, 13, NULL),
(1001, 4.00, 0.00, 'Lead', NULL, 280, 39, NULL),
(1002, 4.00, 35.00, 'Laborer', NULL, 280, 29, NULL),
(1003, 11.00, 35.00, 'Laborer', NULL, 281, 1, NULL),
(1004, 11.00, 35.00, 'Laborer', NULL, 281, 2, NULL),
(1005, 11.00, 35.00, 'Laborer', NULL, 281, 13, NULL),
(1006, 11.00, 0.00, 'Lead', NULL, 281, 39, NULL),
(1007, 11.00, 35.00, 'Laborer', NULL, 281, 29, NULL),
(1008, 11.00, 35.00, 'Laborer', NULL, 281, 31, NULL),
(1009, 2.00, 35.00, 'Laborer', NULL, 282, 23, NULL),
(1010, 2.00, 35.00, 'Laborer', NULL, 282, 32, NULL),
(1011, 2.00, 35.00, 'Laborer', NULL, 282, 34, NULL),
(1012, 2.00, 35.00, 'Laborer', NULL, 282, 33, NULL),
(1013, 2.00, 35.00, 'Laborer', NULL, 282, 73, NULL),
(1014, 10.00, 35.00, 'Laborer', NULL, 283, 23, NULL),
(1015, 10.00, 35.00, 'Laborer', NULL, 283, 32, NULL),
(1016, 10.00, 35.00, 'Laborer', NULL, 283, 34, NULL),
(1017, 10.00, 35.00, 'Laborer', NULL, 283, 33, NULL),
(1018, 10.00, 35.00, 'Laborer', NULL, 283, 73, NULL),
(1019, 11.50, 35.00, 'Laborer', NULL, 284, 23, NULL),
(1020, 11.50, 35.00, 'Laborer', NULL, 284, 32, NULL),
(1021, 11.50, 35.00, 'Laborer', NULL, 284, 34, NULL),
(1022, 11.50, 35.00, 'Laborer', NULL, 284, 33, NULL),
(1023, 11.50, 35.00, 'Laborer', NULL, 284, 73, NULL),
(1024, 6.00, 35.00, 'Laborer', NULL, 285, 7, NULL),
(1025, 6.00, 35.00, 'Laborer', NULL, 285, 8, NULL),
(1026, 6.00, 0.00, 'Lead', NULL, 285, 42, NULL),
(1027, 6.00, 35.00, 'Laborer', NULL, 285, 36, NULL),
(1028, 6.00, 35.00, 'Subcontractor', NULL, 285, 74, NULL),
(1029, 10.00, 0.00, 'Lead', NULL, 286, 6, NULL),
(1030, 10.00, 35.00, 'Laborer', NULL, 286, 21, NULL),
(1031, 10.00, 35.00, 'Laborer', NULL, 286, 22, NULL),
(1032, 10.00, 35.00, 'Laborer', NULL, 286, 36, NULL),
(1033, 12.00, 0.00, 'Lead', NULL, 287, 42, NULL),
(1034, 12.00, 35.00, 'Laborer', NULL, 287, 7, NULL),
(1035, 12.00, 35.00, 'Laborer', NULL, 287, 8, NULL),
(1036, 12.00, 35.00, 'Laborer', NULL, 287, 9, NULL),
(1037, 12.00, 0.00, 'Lead', NULL, 287, 37, NULL),
(1038, 12.00, 35.00, 'Subcontractor', NULL, 287, 74, NULL),
(1039, 11.00, 35.00, 'Laborer', NULL, 288, 15, NULL),
(1040, 11.00, 35.00, 'Laborer', NULL, 288, 5, NULL),
(1041, 11.00, 35.00, 'Laborer', NULL, 288, 30, NULL),
(1042, 11.00, 35.00, 'Laborer', NULL, 288, 47, NULL),
(1043, 9.00, 35.00, 'Laborer', NULL, 289, 12, NULL),
(1044, 9.00, 35.00, 'Laborer', NULL, 289, 18, NULL),
(1045, 9.00, 0.00, 'Lead', NULL, 289, 38, NULL),
(1046, 9.00, 35.00, 'Laborer', NULL, 289, 24, NULL);
INSERT INTO `data_tracking_labor` (`id`, `hours`, `hourly_rate`, `role`, `color`, `data_tracking_id`, `employee_id`, `subcontractor_employee_id`) VALUES
(1047, 6.00, 35.00, 'Laborer', NULL, 290, 20, NULL),
(1048, 6.00, 35.00, 'Laborer', NULL, 290, 26, NULL),
(1049, 12.00, 35.00, 'Laborer', NULL, 291, 7, NULL),
(1050, 12.00, 35.00, 'Laborer', NULL, 291, 8, NULL),
(1051, 12.00, 35.00, 'Laborer', NULL, 291, 9, NULL),
(1052, 12.00, 0.00, 'Lead', NULL, 291, 37, NULL),
(1053, 12.00, 0.00, 'Lead', NULL, 291, 42, NULL),
(1054, 12.00, 35.00, 'Subcontractor', NULL, 291, 74, NULL),
(1055, 15.00, 35.00, 'Laborer', NULL, 292, 28, NULL),
(1056, 15.00, 35.00, 'Laborer', NULL, 292, 20, NULL),
(1057, 15.00, 35.00, 'Laborer', NULL, 292, 26, NULL),
(1058, 5.00, 35.00, 'Laborer', NULL, 293, 28, NULL),
(1059, 5.00, 35.00, 'Laborer', NULL, 293, 20, NULL),
(1060, 5.00, 35.00, 'Laborer', NULL, 293, 26, NULL),
(1061, 10.00, 0.00, 'Lead', NULL, 294, 4, NULL),
(1062, 10.00, 35.00, 'Laborer', NULL, 294, 10, NULL),
(1063, 10.00, 35.00, 'Laborer', NULL, 294, 22, NULL),
(1064, 10.00, 35.00, 'Laborer', NULL, 294, 27, NULL),
(1065, 9.00, 35.00, 'Laborer', NULL, 295, 3, NULL),
(1066, 9.00, 0.00, 'Lead', NULL, 295, 4, NULL),
(1067, 9.00, 35.00, 'Laborer', NULL, 295, 10, NULL),
(1068, 9.00, 35.00, 'Laborer', NULL, 295, 22, NULL),
(1069, 9.00, 35.00, 'Laborer', NULL, 295, 27, NULL),
(1070, 9.00, 35.00, 'Laborer', NULL, 295, 2, NULL),
(1071, 9.00, 35.00, 'Laborer', NULL, 295, 13, NULL),
(1072, 9.00, 35.00, 'Laborer', NULL, 295, 16, NULL),
(1073, 9.00, 0.00, 'Lead', NULL, 295, 39, NULL),
(1074, 9.00, 35.00, 'Laborer', NULL, 295, 31, NULL),
(1075, 9.00, 0.00, 'Lead', NULL, 297, 6, NULL),
(1076, 9.00, 35.00, 'Laborer', NULL, 297, 19, NULL),
(1077, 9.00, 0.00, 'Lead', NULL, 298, 37, NULL),
(1078, 9.00, 35.00, 'Laborer', NULL, 298, 12, NULL),
(1079, 9.00, 35.00, 'Laborer', NULL, 298, 14, NULL),
(1080, 9.00, 0.00, 'Lead', NULL, 298, 38, NULL),
(1081, 9.00, 35.00, 'Laborer', NULL, 298, 24, NULL),
(1082, 9.00, 35.00, 'Subcontractor', NULL, 298, 74, NULL),
(1083, 10.50, 35.00, 'Laborer', NULL, 299, 7, NULL),
(1084, 10.50, 0.00, 'Lead', NULL, 299, 37, NULL),
(1085, 10.50, 35.00, 'Laborer', NULL, 299, 12, NULL),
(1086, 10.50, 0.00, 'Lead', NULL, 299, 42, NULL),
(1087, 10.50, 35.00, 'Subcontractor', NULL, 299, 74, NULL),
(1089, 12.00, 35.00, 'Laborer', NULL, 300, 5, NULL),
(1090, 12.00, 35.00, 'Laborer', NULL, 300, 15, NULL),
(1091, 12.00, 35.00, 'Laborer', NULL, 300, 30, NULL),
(1092, 12.00, 35.00, 'Laborer', NULL, 300, 47, NULL),
(1093, 12.00, 35.00, 'Laborer', NULL, 301, 5, NULL),
(1094, 12.00, 35.00, 'Laborer', NULL, 301, 15, NULL),
(1095, 12.00, 35.00, 'Laborer', NULL, 301, 30, NULL),
(1096, 12.00, 35.00, 'Laborer', NULL, 301, 47, NULL),
(1097, 11.00, 35.00, 'Laborer', NULL, 302, 1, NULL),
(1098, 11.00, 35.00, 'Laborer', NULL, 302, 2, NULL),
(1099, 11.00, 35.00, 'Laborer', NULL, 302, 7, NULL),
(1100, 11.00, 35.00, 'Laborer', NULL, 302, 13, NULL),
(1101, 11.00, 35.00, 'Laborer', NULL, 302, 16, NULL),
(1102, 11.00, 0.00, 'Lead', NULL, 302, 39, NULL),
(1103, 11.00, 35.00, 'Laborer', NULL, 302, 31, NULL),
(1111, 12.00, 35.00, 'Laborer', NULL, 305, 23, NULL),
(1112, 12.00, 35.00, 'Laborer', NULL, 305, 32, NULL),
(1113, 12.00, 35.00, 'Laborer', NULL, 305, 34, NULL),
(1114, 12.00, 35.00, 'Laborer', NULL, 305, 33, NULL),
(1115, 12.00, 35.00, 'Laborer', NULL, 305, 73, NULL),
(1116, 12.50, 35.00, 'Laborer', NULL, 306, 23, NULL),
(1117, 12.50, 35.00, 'Laborer', NULL, 306, 34, NULL),
(1118, 12.50, 35.00, 'Laborer', NULL, 306, 32, NULL),
(1119, 12.50, 35.00, 'Laborer', NULL, 306, 33, NULL),
(1120, 12.50, 35.00, 'Laborer', NULL, 306, 73, NULL),
(1121, 4.00, 35.00, 'Laborer', NULL, 307, 23, NULL),
(1122, 4.00, 35.00, 'Laborer', NULL, 307, 32, NULL),
(1123, 4.00, 35.00, 'Laborer', NULL, 307, 34, NULL),
(1124, 4.00, 35.00, 'Laborer', NULL, 307, 33, NULL),
(1125, 4.00, 35.00, 'Laborer', NULL, 307, 73, NULL),
(1126, 10.00, 0.00, 'Lead', NULL, 308, 41, NULL),
(1127, 10.00, 35.00, 'Laborer', NULL, 308, 11, NULL),
(1128, 10.00, 35.00, 'Laborer', NULL, 308, 17, NULL),
(1129, 10.00, 35.00, 'Laborer', NULL, 308, 18, NULL),
(1130, 10.00, 35.00, 'Laborer', NULL, 308, 21, NULL),
(1131, 10.00, 0.00, 'Lead', NULL, 309, 41, NULL),
(1132, 10.00, 35.00, 'Laborer', NULL, 309, 11, NULL),
(1133, 10.00, 35.00, 'Laborer', NULL, 309, 17, NULL),
(1134, 10.00, 35.00, 'Laborer', NULL, 309, 18, NULL),
(1135, 10.00, 35.00, 'Laborer', NULL, 309, 21, NULL),
(1136, 12.00, 35.00, 'Laborer', NULL, 310, 11, NULL),
(1137, 12.00, 35.00, 'Laborer', NULL, 310, 17, NULL),
(1138, 12.00, 35.00, 'Laborer', NULL, 310, 18, NULL),
(1139, 12.00, 0.00, 'Lead', NULL, 310, 41, NULL),
(1140, 12.00, 0.00, 'Lead', NULL, 311, 42, NULL),
(1141, 12.00, 35.00, 'Laborer', NULL, 311, 8, NULL),
(1142, 12.00, 35.00, 'Laborer', NULL, 311, 9, NULL),
(1143, 12.00, 35.00, 'Laborer', NULL, 311, 29, NULL),
(1144, 9.00, 0.00, 'Subcontractor', NULL, 312, 48, NULL),
(1145, 9.00, 0.00, 'Subcontractor', NULL, 312, 49, NULL),
(1146, 9.00, 0.00, 'Subcontractor', NULL, 312, 50, NULL),
(1147, 9.00, 0.00, 'Subcontractor', NULL, 312, 51, NULL),
(1148, 9.00, 0.00, 'Subcontractor', NULL, 312, 57, NULL),
(1149, 8.00, 0.00, 'Subcontractor', NULL, 313, 48, NULL),
(1150, 8.00, 0.00, 'Subcontractor', NULL, 313, 49, NULL),
(1151, 8.00, 0.00, 'Subcontractor', NULL, 313, 50, NULL),
(1152, 8.00, 0.00, 'Subcontractor', NULL, 313, 51, NULL),
(1153, 8.00, 0.00, 'Subcontractor', NULL, 313, 57, NULL),
(1154, 5.00, 35.00, 'Laborer', NULL, 314, 1, NULL),
(1155, 5.00, 0.00, 'Lead', NULL, 314, 6, NULL),
(1156, 5.00, 35.00, 'Laborer', NULL, 314, 9, NULL),
(1157, 5.00, 35.00, 'Laborer', NULL, 314, 19, NULL),
(1158, 5.00, 0.00, 'Lead', NULL, 314, 38, NULL),
(1159, 8.00, 35.00, 'Laborer', NULL, 315, 11, NULL),
(1160, 8.00, 35.00, 'Laborer', NULL, 315, 17, NULL),
(1161, 8.00, 0.00, 'Lead', NULL, 315, 41, NULL),
(1162, 8.00, 35.00, 'Laborer', NULL, 316, 23, NULL),
(1163, 8.00, 35.00, 'Laborer', NULL, 316, 32, NULL),
(1164, 8.00, 35.00, 'Laborer', NULL, 316, 34, NULL),
(1165, 8.00, 35.00, 'Laborer', NULL, 316, 33, NULL),
(1166, 8.00, 35.00, 'Laborer', NULL, 316, 73, NULL),
(1167, 2.00, 35.00, 'Laborer', NULL, 317, 23, NULL),
(1168, 2.00, 35.00, 'Laborer', NULL, 317, 32, NULL),
(1169, 2.00, 35.00, 'Laborer', NULL, 317, 34, NULL),
(1170, 2.00, 35.00, 'Laborer', NULL, 317, 33, NULL),
(1171, 2.00, 35.00, 'Laborer', NULL, 317, 73, NULL),
(1172, 12.00, 35.00, 'Laborer', NULL, 318, 23, NULL),
(1173, 12.00, 35.00, 'Laborer', NULL, 318, 32, NULL),
(1174, 12.00, 35.00, 'Laborer', NULL, 318, 34, NULL),
(1175, 12.00, 35.00, 'Laborer', NULL, 318, 33, NULL),
(1176, 12.00, 35.00, 'Laborer', NULL, 318, 73, NULL),
(1177, 12.00, 35.00, 'Laborer', NULL, 319, 23, NULL),
(1178, 12.00, 35.00, 'Laborer', NULL, 319, 32, NULL),
(1179, 12.00, 35.00, 'Laborer', NULL, 319, 34, NULL),
(1180, 12.00, 35.00, 'Laborer', NULL, 319, 33, NULL),
(1181, 12.00, 35.00, 'Laborer', NULL, 319, 73, NULL),
(1182, 8.00, 0.00, 'Lead', NULL, 320, 4, NULL),
(1183, 8.00, 35.00, 'Laborer', NULL, 320, 8, NULL),
(1184, 8.00, 35.00, 'Laborer', NULL, 320, 10, NULL),
(1185, 10.00, 0.00, 'Lead', NULL, 321, 4, NULL),
(1186, 10.00, 35.00, 'Laborer', NULL, 321, 10, NULL),
(1187, 10.00, 35.00, 'Laborer', NULL, 321, 22, NULL),
(1188, 8.00, 0.00, 'Subcontractor', NULL, 321, 55, NULL),
(1189, 8.00, 0.00, 'Subcontractor', NULL, 321, 65, NULL),
(1190, 8.00, 0.00, 'Subcontractor', NULL, 321, 64, NULL),
(1191, 8.00, 0.00, 'Subcontractor', NULL, 321, 66, NULL),
(1192, 8.00, 0.00, 'Subcontractor', NULL, 321, 75, NULL),
(1193, 12.00, 0.00, 'Lead', NULL, 322, 4, NULL),
(1194, 12.00, 35.00, 'Laborer', NULL, 322, 3, NULL),
(1195, 12.00, 35.00, 'Laborer', NULL, 322, 10, NULL),
(1196, 12.00, 35.00, 'Laborer', NULL, 322, 22, NULL),
(1197, 8.00, 0.00, 'Subcontractor', NULL, 322, 55, NULL),
(1198, 8.00, 0.00, 'Subcontractor', NULL, 322, 65, NULL),
(1199, 8.00, 0.00, 'Subcontractor', NULL, 322, 64, NULL),
(1200, 8.00, 0.00, 'Subcontractor', NULL, 322, 66, NULL),
(1201, 8.00, 0.00, 'Subcontractor', NULL, 322, 75, NULL),
(1202, 11.00, 0.00, 'Lead', NULL, 323, 4, NULL),
(1203, 11.00, 35.00, 'Laborer', NULL, 323, 3, NULL),
(1204, 11.00, 35.00, 'Laborer', NULL, 323, 10, NULL),
(1205, 11.00, 35.00, 'Laborer', NULL, 323, 22, NULL),
(1206, 11.00, 0.00, 'Lead', NULL, 323, 37, NULL),
(1207, 11.00, 35.00, 'Laborer', NULL, 323, 25, NULL),
(1208, 11.00, 35.00, 'Laborer', NULL, 323, 27, NULL),
(1209, 8.00, 0.00, 'Subcontractor', NULL, 323, 55, NULL),
(1210, 8.00, 0.00, 'Subcontractor', NULL, 323, 65, NULL),
(1211, 8.00, 0.00, 'Subcontractor', NULL, 323, 64, NULL),
(1212, 8.00, 0.00, 'Subcontractor', NULL, 323, 66, NULL),
(1213, 8.00, 0.00, 'Subcontractor', NULL, 323, 75, NULL),
(1214, 8.00, 0.00, 'Subcontractor', NULL, 324, 55, NULL),
(1215, 8.00, 0.00, 'Subcontractor', NULL, 324, 65, NULL),
(1216, 8.00, 0.00, 'Subcontractor', NULL, 324, 64, NULL),
(1217, 8.00, 0.00, 'Subcontractor', NULL, 324, 66, NULL),
(1218, 10.00, 0.00, 'Lead', NULL, 325, 37, NULL),
(1219, 10.00, 35.00, 'Laborer', NULL, 325, 12, NULL),
(1220, 10.00, 0.00, 'Lead', NULL, 325, 38, NULL),
(1221, 10.00, 35.00, 'Laborer', NULL, 325, 24, NULL),
(1222, 10.00, 35.00, 'Laborer', NULL, 325, 27, NULL),
(1223, 11.00, 35.00, 'Laborer', NULL, 326, 12, NULL),
(1224, 11.00, 0.00, 'Lead', NULL, 326, 38, NULL),
(1225, 11.00, 35.00, 'Laborer', NULL, 326, 24, NULL),
(1226, 11.00, 35.00, 'Laborer', NULL, 326, 27, NULL),
(1227, 12.00, 35.00, 'Laborer', NULL, 327, 15, NULL),
(1228, 12.00, 35.00, 'Laborer', NULL, 327, 47, NULL),
(1229, 12.00, 35.00, 'Laborer', NULL, 327, 5, NULL),
(1230, 12.00, 35.00, 'Laborer', NULL, 327, 22, NULL),
(1231, 12.00, 35.00, 'Laborer', NULL, 327, 30, NULL),
(1232, 10.00, 35.00, 'Laborer', NULL, 328, 5, NULL),
(1233, 10.00, 35.00, 'Laborer', NULL, 328, 15, NULL),
(1234, 10.00, 35.00, 'Laborer', NULL, 328, 30, NULL),
(1235, 10.00, 35.00, 'Laborer', NULL, 328, 47, NULL),
(1236, 10.00, 35.00, 'Laborer', NULL, 329, 2, NULL),
(1237, 10.00, 35.00, 'Laborer', NULL, 329, 9, NULL),
(1238, 10.00, 35.00, 'Laborer', NULL, 329, 13, NULL),
(1239, 10.00, 35.00, 'Laborer', NULL, 329, 16, NULL),
(1240, 10.00, 0.00, 'Lead', NULL, 329, 39, NULL),
(1241, 10.00, 35.00, 'Laborer', NULL, 329, 29, NULL),
(1242, 1.00, 250.00, 'Laborer', NULL, 329, 76, NULL),
(1243, 11.50, 35.00, 'Laborer', NULL, 330, 2, NULL),
(1244, 11.50, 35.00, 'Laborer', NULL, 330, 13, NULL),
(1245, 11.50, 35.00, 'Laborer', NULL, 330, 16, NULL),
(1246, 11.50, 0.00, 'Lead', NULL, 330, 39, NULL),
(1247, 11.50, 35.00, 'Laborer', NULL, 330, 29, NULL),
(1248, 11.50, 35.00, 'Laborer', NULL, 330, 31, NULL),
(1249, 10.00, 35.00, 'Laborer', NULL, 331, 28, NULL),
(1250, 10.00, 35.00, 'Laborer', NULL, 331, 36, NULL),
(1251, 10.00, 35.00, 'Laborer', NULL, 331, 26, NULL),
(1252, 12.00, 35.00, 'Laborer', NULL, 332, 28, NULL),
(1253, 12.00, 35.00, 'Laborer', NULL, 332, 36, NULL),
(1254, 12.00, 35.00, 'Laborer', NULL, 332, 24, NULL),
(1255, 12.00, 35.00, 'Lead', NULL, 332, 26, NULL),
(1256, 12.00, 35.00, 'Laborer', NULL, 332, 14, NULL),
(1257, 10.00, 35.00, 'Laborer', NULL, 333, 28, NULL),
(1258, 10.00, 35.00, 'Laborer', NULL, 333, 36, NULL),
(1259, 10.00, 35.00, 'Laborer', NULL, 333, 20, NULL),
(1260, 10.00, 0.00, 'Lead', NULL, 333, 42, NULL),
(1261, 10.00, 35.00, 'Lead', NULL, 333, 26, NULL),
(1262, 10.50, 35.00, 'Laborer', NULL, 334, 28, NULL),
(1263, 10.50, 35.00, 'Laborer', NULL, 334, 36, NULL),
(1264, 11.50, 35.00, 'Lead', NULL, 334, 26, NULL),
(1265, 11.50, 35.00, 'Laborer', NULL, 334, 14, NULL),
(1266, 11.00, 35.00, 'Laborer', NULL, 335, 28, NULL),
(1267, 11.00, 35.00, 'Laborer', NULL, 335, 36, NULL),
(1268, 11.00, 35.00, 'Laborer', NULL, 335, 14, NULL),
(1269, 11.00, 35.00, 'Lead', NULL, 335, 26, NULL),
(1270, 9.50, 35.00, 'Laborer', NULL, 336, 28, NULL),
(1271, 9.50, 35.00, 'Laborer', NULL, 336, 36, NULL),
(1272, 9.50, 35.00, 'Lead', NULL, 336, 26, NULL),
(1273, 8.00, 0.00, 'Subcontractor', NULL, 337, 55, NULL),
(1274, 8.00, 0.00, 'Subcontractor', NULL, 337, 65, NULL),
(1275, 8.00, 0.00, 'Subcontractor', NULL, 337, 64, NULL),
(1276, 8.00, 0.00, 'Subcontractor', NULL, 337, 66, NULL),
(1277, 11.00, 0.00, 'Lead', NULL, 338, 6, NULL),
(1278, 11.00, 35.00, 'Laborer', NULL, 338, 9, NULL),
(1279, 11.00, 35.00, 'Laborer', NULL, 338, 19, NULL),
(1280, 10.00, 0.00, 'Lead', NULL, 339, 6, NULL),
(1281, 10.00, 35.00, 'Laborer', NULL, 339, 9, NULL),
(1282, 10.00, 35.00, 'Laborer', NULL, 339, 19, NULL),
(1283, 10.00, 0.00, 'Lead', NULL, 340, 6, NULL),
(1284, 10.00, 35.00, 'Laborer', NULL, 340, 9, NULL),
(1285, 10.00, 35.00, 'Laborer', NULL, 340, 19, NULL),
(1286, 10.00, 0.00, 'Lead', NULL, 341, 6, NULL),
(1287, 10.00, 35.00, 'Laborer', NULL, 341, 9, NULL),
(1288, 10.00, 35.00, 'Laborer', NULL, 341, 19, NULL),
(1289, 10.00, 0.00, 'Lead', NULL, 342, 6, NULL),
(1290, 10.00, 35.00, 'Laborer', NULL, 342, 9, NULL),
(1291, 10.00, 35.00, 'Laborer', NULL, 342, 19, NULL),
(1292, 11.00, 35.00, 'Laborer', NULL, 343, 8, NULL),
(1293, 11.00, 0.00, 'Lead', NULL, 343, 37, NULL),
(1294, 11.00, 35.00, 'Laborer', NULL, 343, 20, NULL),
(1295, 11.00, 35.00, 'Laborer', NULL, 343, 25, NULL),
(1296, 12.00, 0.00, 'Lead', NULL, 344, 37, NULL),
(1297, 12.00, 35.00, 'Laborer', NULL, 344, 20, NULL),
(1298, 12.00, 35.00, 'Laborer', NULL, 344, 25, NULL),
(1299, 12.00, 35.00, 'Laborer', NULL, 345, 15, NULL),
(1300, 12.00, 35.00, 'Laborer', NULL, 345, 47, NULL),
(1301, 12.00, 35.00, 'Laborer', NULL, 345, 5, NULL),
(1302, 12.00, 35.00, 'Laborer', NULL, 345, 30, NULL),
(1303, 10.00, 0.00, 'Lead', NULL, 346, 37, NULL),
(1304, 10.00, 35.00, 'Laborer', NULL, 346, 21, NULL),
(1305, 10.00, 35.00, 'Laborer', NULL, 346, 25, NULL),
(1306, 10.00, 35.00, 'Laborer', NULL, 346, 31, NULL),
(1307, 11.00, 0.00, 'Lead', NULL, 347, 38, NULL),
(1308, 11.00, 35.00, 'Laborer', NULL, 347, 20, NULL),
(1309, 11.00, 35.00, 'Laborer', NULL, 347, 12, NULL),
(1310, 11.00, 35.00, 'Laborer', NULL, 347, 24, NULL),
(1311, 11.00, 35.00, 'Laborer', NULL, 347, 27, NULL),
(1312, 11.00, 35.00, 'Laborer', NULL, 348, 28, NULL),
(1313, 11.00, 35.00, 'Laborer', NULL, 348, 36, NULL),
(1314, 11.00, 35.00, 'Laborer', NULL, 348, 20, NULL),
(1315, 11.00, 35.00, 'Lead', NULL, 348, 26, NULL),
(1316, 10.00, 35.00, 'Lead', NULL, 349, 26, NULL),
(1317, 10.00, 35.00, 'Laborer', NULL, 349, 28, NULL),
(1318, 10.00, 35.00, 'Laborer', NULL, 349, 36, NULL),
(1319, 9.00, 35.00, 'Laborer', NULL, 350, 23, NULL),
(1320, 9.00, 35.00, 'Laborer', NULL, 350, 73, NULL),
(1321, 9.00, 35.00, 'Laborer', NULL, 350, 32, NULL),
(1322, 9.00, 35.00, 'Laborer', NULL, 350, 34, NULL),
(1323, 9.00, 35.00, 'Laborer', NULL, 350, 33, NULL),
(1324, 14.00, 35.00, 'Laborer', NULL, 351, 11, NULL),
(1325, 14.00, 35.00, 'Laborer', NULL, 351, 17, NULL),
(1326, 14.00, 35.00, 'Laborer', NULL, 351, 18, NULL),
(1327, 14.00, 0.00, 'Lead', NULL, 351, 41, NULL),
(1328, 10.00, 35.00, 'Laborer', NULL, 352, 11, NULL),
(1329, 10.00, 35.00, 'Laborer', NULL, 352, 17, NULL),
(1330, 10.00, 35.00, 'Laborer', NULL, 352, 18, NULL),
(1331, 10.00, 0.00, 'Lead', NULL, 352, 41, NULL),
(1332, 10.00, 35.00, 'Laborer', NULL, 353, 11, NULL),
(1333, 10.00, 35.00, 'Laborer', NULL, 353, 17, NULL),
(1334, 10.00, 35.00, 'Laborer', NULL, 353, 18, NULL),
(1335, 10.00, 0.00, 'Lead', NULL, 353, 41, NULL),
(1336, 12.00, 35.00, 'Laborer', NULL, 354, 11, NULL),
(1337, 12.00, 35.00, 'Laborer', NULL, 354, 17, NULL),
(1338, 12.00, 35.00, 'Laborer', NULL, 354, 18, NULL),
(1339, 12.00, 0.00, 'Lead', NULL, 354, 41, NULL),
(1340, 11.00, 35.00, 'Laborer', NULL, 355, 11, NULL),
(1341, 11.00, 35.00, 'Laborer', NULL, 355, 17, NULL),
(1342, 11.00, 35.00, 'Laborer', NULL, 355, 18, NULL),
(1343, 11.00, 0.00, 'Lead', NULL, 355, 41, NULL),
(1344, 12.00, 35.00, 'Laborer', NULL, 356, 1, NULL),
(1345, 12.00, 35.00, 'Laborer', NULL, 356, 7, NULL),
(1346, 12.00, 0.00, 'Lead', NULL, 356, 42, NULL),
(1347, 12.00, 35.00, 'Subcontractor', NULL, 356, 74, NULL),
(1348, 12.00, 35.00, 'Laborer', NULL, 357, 1, NULL),
(1349, 12.00, 35.00, 'Laborer', NULL, 357, 7, NULL),
(1350, 12.00, 35.00, 'Subcontractor', NULL, 357, 74, NULL),
(1351, 12.00, 0.00, 'Lead', NULL, 357, 42, NULL),
(1352, 11.00, 35.00, 'Laborer', NULL, 358, 1, NULL),
(1353, 11.00, 35.00, 'Laborer', NULL, 358, 7, NULL),
(1354, 11.00, 35.00, 'Subcontractor', NULL, 358, 74, NULL),
(1355, 11.00, 0.00, 'Lead', NULL, 358, 42, NULL),
(1356, 10.00, 35.00, 'Laborer', NULL, 359, 1, NULL),
(1357, 10.00, 35.00, 'Laborer', NULL, 359, 7, NULL),
(1358, 10.00, 35.00, 'Subcontractor', NULL, 359, 74, NULL),
(1359, 10.00, 0.00, 'Lead', NULL, 359, 42, NULL),
(1360, 11.00, 35.00, 'Laborer', NULL, 360, 1, NULL),
(1361, 11.00, 0.00, 'Lead', NULL, 360, 42, NULL),
(1362, 11.00, 35.00, 'Subcontractor', NULL, 360, 74, NULL),
(1363, 12.00, 35.00, 'Laborer', NULL, 361, 7, NULL),
(1364, 12.00, 35.00, 'Laborer', NULL, 361, 13, NULL),
(1365, 12.00, 0.00, 'Lead', NULL, 361, 42, NULL),
(1366, 12.00, 35.00, 'Subcontractor', NULL, 361, 74, NULL),
(1367, 12.00, 35.00, 'Laborer', NULL, 361, 5, NULL),
(1368, 12.00, 35.00, 'Laborer', NULL, 361, 8, NULL),
(1369, 12.00, 35.00, 'Laborer', NULL, 361, 9, NULL),
(1370, 12.00, 0.00, 'Lead', NULL, 361, 37, NULL),
(1371, 12.00, 35.00, 'Laborer', NULL, 361, 36, NULL),
(1372, 8.00, 0.00, 'Subcontractor', NULL, 362, 48, NULL),
(1373, 8.00, 0.00, 'Subcontractor', NULL, 362, 49, NULL),
(1374, 8.00, 0.00, 'Subcontractor', NULL, 362, 50, NULL),
(1375, 8.00, 0.00, 'Subcontractor', NULL, 362, 51, NULL),
(1376, 8.00, 0.00, 'Subcontractor', NULL, 362, 57, NULL),
(1377, 10.00, 35.00, 'Laborer', NULL, 363, 2, NULL),
(1378, 10.00, 35.00, 'Laborer', NULL, 363, 16, NULL),
(1379, 10.00, 35.00, 'Laborer', NULL, 363, 21, NULL),
(1380, 1.00, 250.00, 'Laborer', NULL, 363, 76, NULL),
(1381, 11.00, 35.00, 'Laborer', NULL, 364, 2, NULL),
(1382, 11.00, 35.00, 'Laborer', NULL, 364, 21, NULL),
(1383, 11.00, 35.00, 'Laborer', NULL, 364, 31, NULL),
(1384, 9.00, 35.00, 'Laborer', NULL, 365, 73, NULL),
(1385, 9.00, 35.00, 'Laborer', NULL, 365, 23, NULL),
(1386, 9.00, 35.00, 'Laborer', NULL, 365, 34, NULL),
(1387, 9.00, 35.00, 'Laborer', NULL, 365, 33, NULL),
(1388, 9.00, 35.00, 'Laborer', NULL, 365, 32, NULL),
(1389, 10.00, 0.00, 'Subcontractor', NULL, 366, 58, NULL),
(1390, 10.00, 0.00, 'Subcontractor', NULL, 366, 61, NULL),
(1391, 10.00, 0.00, 'Subcontractor', NULL, 366, 59, NULL),
(1392, 10.00, 0.00, 'Subcontractor', NULL, 366, 60, NULL),
(1393, 14.00, 0.00, 'Subcontractor', NULL, 367, 58, NULL),
(1394, 14.00, 0.00, 'Subcontractor', NULL, 367, 61, NULL),
(1395, 14.00, 0.00, 'Subcontractor', NULL, 367, 59, NULL),
(1396, 14.00, 0.00, 'Subcontractor', NULL, 367, 60, NULL),
(1397, 12.00, 35.00, 'Laborer', NULL, 368, 47, NULL),
(1398, 12.00, 35.00, 'Laborer', NULL, 368, 5, NULL),
(1399, 12.00, 35.00, 'Laborer', NULL, 368, 15, NULL),
(1400, 12.00, 35.00, 'Laborer', NULL, 368, 30, NULL),
(1401, 12.00, 35.00, 'Laborer', NULL, 369, 47, NULL),
(1402, 12.00, 35.00, 'Laborer', NULL, 369, 5, NULL),
(1403, 12.00, 35.00, 'Laborer', NULL, 369, 15, NULL),
(1404, 12.00, 35.00, 'Laborer', NULL, 369, 30, NULL),
(1405, 13.00, 35.00, 'Laborer', NULL, 370, 23, NULL),
(1406, 13.00, 35.00, 'Laborer', NULL, 370, 73, NULL),
(1407, 13.00, 35.00, 'Laborer', NULL, 370, 32, NULL),
(1408, 13.00, 35.00, 'Laborer', NULL, 370, 34, NULL),
(1409, 13.00, 35.00, 'Laborer', NULL, 370, 33, NULL),
(1410, 9.00, 35.00, 'Laborer', NULL, 371, 12, NULL),
(1411, 9.00, 0.00, 'Lead', NULL, 371, 38, NULL),
(1412, 9.00, 35.00, 'Laborer', NULL, 371, 24, NULL),
(1413, 9.00, 35.00, 'Laborer', NULL, 371, 27, NULL),
(1414, 13.50, 0.00, 'Lead', NULL, 372, 39, NULL),
(1415, 13.50, 35.00, 'Laborer', NULL, 372, 13, NULL),
(1416, 13.50, 35.00, 'Laborer', NULL, 372, 29, NULL),
(1417, 13.50, 35.00, 'Laborer', NULL, 372, 31, NULL),
(1418, 10.00, 0.00, 'Subcontractor', NULL, 373, 48, NULL),
(1419, 10.00, 0.00, 'Subcontractor', NULL, 373, 49, NULL),
(1420, 10.00, 0.00, 'Subcontractor', NULL, 373, 50, NULL),
(1421, 10.00, 0.00, 'Subcontractor', NULL, 373, 51, NULL),
(1422, 10.00, 0.00, 'Subcontractor', NULL, 373, 57, NULL),
(1423, 11.00, 35.00, 'Laborer', NULL, 374, 12, NULL),
(1424, 11.00, 0.00, 'Lead', NULL, 374, 38, NULL),
(1425, 11.00, 35.00, 'Laborer', NULL, 374, 24, NULL),
(1426, 11.00, 35.00, 'Laborer', NULL, 375, 12, NULL),
(1427, 11.00, 0.00, 'Lead', NULL, 375, 38, NULL),
(1428, 11.00, 35.00, 'Laborer', NULL, 375, 24, NULL),
(1429, 11.00, 35.00, 'Laborer', NULL, 375, 27, NULL),
(1430, 11.00, 35.00, 'Laborer', NULL, 376, 13, NULL),
(1431, 11.00, 35.00, 'Laborer', NULL, 376, 16, NULL),
(1432, 11.00, 0.00, 'Lead', NULL, 376, 39, NULL),
(1433, 11.00, 35.00, 'Laborer', NULL, 376, 29, NULL),
(1434, 10.00, 35.00, 'Laborer', NULL, 377, 13, NULL),
(1435, 10.00, 35.00, 'Laborer', NULL, 377, 16, NULL),
(1436, 10.00, 0.00, 'Lead', NULL, 377, 39, NULL),
(1437, 10.00, 35.00, 'Laborer', NULL, 377, 29, NULL),
(1438, 8.50, 35.00, 'Laborer', NULL, 378, 13, NULL),
(1439, 8.50, 35.00, 'Laborer', NULL, 378, 16, NULL),
(1440, 8.50, 0.00, 'Lead', NULL, 378, 39, NULL),
(1441, 8.50, 35.00, 'Laborer', NULL, 378, 29, NULL),
(1442, 9.00, 0.00, 'Subcontractor', NULL, 379, 58, NULL),
(1443, 9.00, 0.00, 'Subcontractor', NULL, 379, 61, NULL),
(1444, 9.00, 0.00, 'Subcontractor', NULL, 379, 59, NULL),
(1445, 9.00, 0.00, 'Subcontractor', NULL, 379, 60, NULL),
(1446, 9.00, 0.00, 'Subcontractor', NULL, 380, 58, NULL),
(1447, 9.00, 0.00, 'Subcontractor', NULL, 380, 61, NULL),
(1448, 9.00, 0.00, 'Subcontractor', NULL, 380, 59, NULL),
(1449, 9.00, 0.00, 'Subcontractor', NULL, 380, 60, NULL),
(1450, 9.00, 0.00, 'Subcontractor', NULL, 381, 58, NULL),
(1451, 9.00, 0.00, 'Subcontractor', NULL, 381, 61, NULL),
(1452, 9.00, 0.00, 'Subcontractor', NULL, 381, 59, NULL),
(1453, 9.00, 0.00, 'Subcontractor', NULL, 381, 60, NULL),
(1454, 8.00, 0.00, 'Lead', NULL, 382, 4, NULL),
(1455, 8.00, 35.00, 'Laborer', NULL, 382, 2, NULL),
(1456, 8.00, 35.00, 'Laborer', NULL, 382, 8, NULL),
(1457, 9.00, 35.00, 'Laborer', NULL, 383, 2, NULL),
(1458, 9.00, 0.00, 'Lead', NULL, 383, 4, NULL),
(1459, 9.00, 35.00, 'Laborer', NULL, 383, 8, NULL),
(1460, 12.00, 0.00, 'Lead', NULL, 384, 37, NULL),
(1461, 12.00, 35.00, 'Laborer', NULL, 384, 21, NULL),
(1462, 12.00, 35.00, 'Laborer', NULL, 384, 23, NULL),
(1463, 12.00, 35.00, 'Laborer', NULL, 384, 31, NULL),
(1464, 12.00, 35.00, 'Laborer', NULL, 385, 47, NULL),
(1465, 12.00, 35.00, 'Laborer', NULL, 385, 5, NULL),
(1466, 12.00, 35.00, 'Laborer', NULL, 385, 15, NULL),
(1467, 12.00, 35.00, 'Laborer', NULL, 385, 30, NULL),
(1468, 5.00, 20.00, 'Laborer', '#34BFA3', 386, 35, NULL);

-- --------------------------------------------------------

--
-- Estructura de tabla para la tabla `data_tracking_material`
--

CREATE TABLE `data_tracking_material` (
  `id` int(11) NOT NULL,
  `quantity` decimal(18,2) DEFAULT NULL,
  `price` decimal(18,2) DEFAULT NULL,
  `data_tracking_id` int(11) NOT NULL,
  `material_id` int(11) NOT NULL
) ENGINE=InnoDB DEFAULT CHARSET=utf8;

--
-- Volcado de datos para la tabla `data_tracking_material`
--

INSERT INTO `data_tracking_material` (`id`, `quantity`, `price`, `data_tracking_id`, `material_id`) VALUES
(1, 1.00, 100.00, 83, 5),
(2, 1.00, 250.00, 138, 6),
(3, 5.00, 250.00, 188, 6),
(4, 1.00, 500.00, 206, 30),
(5, 14.00, 250.00, 207, 6),
(9, 2.00, 250.00, 233, 6),
(10, 2.00, 250.00, 234, 6),
(11, 1.00, 250.00, 290, 6),
(12, 5.00, 1.50, 386, 20);

-- --------------------------------------------------------

--
-- Estructura de tabla para la tabla `data_tracking_subcontract`
--

CREATE TABLE `data_tracking_subcontract` (
  `id` int(11) NOT NULL,
  `quantity` decimal(18,2) DEFAULT NULL,
  `price` decimal(18,2) DEFAULT NULL,
  `notes` text,
  `data_tracking_id` int(11) DEFAULT NULL,
  `subcontractor_id` int(11) DEFAULT NULL,
  `item_id` int(11) DEFAULT NULL,
  `project_item_id` int(11) DEFAULT NULL
) ENGINE=InnoDB DEFAULT CHARSET=utf8mb4;

--
-- Volcado de datos para la tabla `data_tracking_subcontract`
--

INSERT INTO `data_tracking_subcontract` (`id`, `quantity`, `price`, `notes`, `data_tracking_id`, `subcontractor_id`, `item_id`, `project_item_id`) VALUES
(3, 0.00, 44.00, '', 260, NULL, NULL, 1501),
(4, 50.00, 101.00, '', 257, NULL, NULL, 1334),
(5, 58.00, 17.00, '', 219, NULL, NULL, 627),
(6, 6.10, 67.00, '', 219, NULL, NULL, 627),
(7, 22.72, 55.00, '', 219, NULL, NULL, 627),
(8, 6.10, 67.00, '', 218, NULL, NULL, 627),
(9, 3.00, 285.00, '', 218, NULL, NULL, 627),
(10, 3.00, 385.00, '', 261, NULL, NULL, 1476),
(12, 0.00, 313.00, '', 271, NULL, NULL, 1504),
(13, 0.00, 313.00, '', 273, NULL, NULL, 1504),
(14, 0.00, 88.00, '', 279, NULL, NULL, 972),
(15, 0.00, 88.00, '', 281, NULL, NULL, 972),
(16, 0.00, 31.50, '', 284, NULL, NULL, 100),
(17, 0.00, 17.25, '', 291, NULL, NULL, 86),
(18, 0.00, 25.00, '', 288, NULL, NULL, 1570),
(19, 0.00, 2600.00, '', 289, NULL, NULL, 182),
(20, 0.00, 0.01, '', 290, NULL, NULL, 767),
(24, 9.00, 211.00, '', 226, NULL, NULL, 63),
(25, 14.00, 211.00, '', 229, NULL, NULL, 63),
(26, 9.00, 211.00, '', 230, NULL, NULL, 63),
(27, 14.00, 211.00, '', 264, NULL, NULL, 63),
(28, 106.00, 26.00, '', 233, NULL, NULL, 852),
(29, 33.73, 80.00, '', 233, NULL, NULL, 852),
(30, 14.75, 63.00, '', 237, NULL, NULL, 1352),
(31, 34.79, 63.00, '', 238, NULL, NULL, 1352),
(32, 18.01, 63.00, '', 239, NULL, NULL, 1352),
(33, 81.50, 63.00, '', 240, NULL, NULL, 1352),
(34, 21.68, 66.00, '', 247, NULL, NULL, 1538),
(35, 6.70, 66.00, '', 248, NULL, NULL, 1538),
(36, 0.00, 78.00, '', 292, NULL, NULL, 1701),
(37, 0.00, 78.00, '', 293, NULL, NULL, 1701),
(38, 0.00, 52.75, '', 295, NULL, NULL, 1501),
(41, 0.00, 302.00, '', 295, NULL, NULL, 1501),
(42, 0.00, 83.00, '', 295, NULL, NULL, 1501),
(43, 0.00, 56.50, '', 295, NULL, NULL, 1501),
(44, 0.00, 37.00, '', 298, NULL, NULL, 249),
(45, 0.00, 380.25, '', 299, NULL, NULL, 249),
(46, 0.00, 37.00, '', 299, NULL, NULL, 249),
(49, 0.00, 254.00, '', 300, NULL, NULL, 395),
(50, 0.00, 38.50, '', 301, NULL, NULL, 395),
(51, 0.00, 38.50, '', 301, NULL, NULL, 395),
(52, 0.00, 69.00, '', 301, NULL, NULL, 395),
(53, 0.00, 600.00, '', 301, NULL, NULL, 395),
(54, 0.00, 24.00, '', 302, NULL, NULL, 972),
(55, 0.00, 88.00, '', 302, NULL, NULL, 972),
(58, 0.00, 31.50, '', 305, NULL, NULL, 100),
(59, 0.00, 31.50, 'CURB MACHINE', 306, NULL, NULL, 100),
(60, 0.00, 17.25, '', 311, NULL, NULL, 86),
(61, 0.00, 70.00, '', 312, NULL, NULL, 1352),
(62, 0.00, 30.00, '', 312, NULL, NULL, 1352),
(63, 0.00, 31.50, '', 318, NULL, NULL, 100),
(64, 0.00, 31.50, '', 319, NULL, NULL, 100),
(65, 0.00, 148.00, '', 319, NULL, NULL, 100),
(66, 0.00, 52.75, '', 321, NULL, NULL, 1501),
(67, 0.00, 56.50, '', 321, NULL, NULL, 1501),
(68, 0.00, 44.00, '', 321, NULL, NULL, 1501),
(69, 0.00, 83.00, '', 322, NULL, NULL, 1501),
(70, 0.00, 44.00, '', 322, NULL, NULL, 1501),
(71, 0.00, 83.00, '', 323, NULL, NULL, 1501),
(72, 0.00, 56.50, '', 323, NULL, NULL, 1501),
(73, 0.00, 93.00, '', 323, NULL, NULL, 1501),
(74, 0.00, 44.00, '', 324, NULL, NULL, 1501),
(75, 0.00, 47.00, '', 326, NULL, NULL, 531),
(76, 0.00, 25.00, '', 327, NULL, NULL, 1570),
(77, 0.00, 30.00, '', 329, NULL, NULL, 972),
(78, 0.00, 27.00, '', 329, NULL, NULL, 972),
(79, 0.00, 123.00, '', 329, NULL, NULL, 972),
(80, 0.00, 124.00, '', 330, NULL, NULL, 972),
(81, 0.00, 28.00, '', 332, NULL, NULL, 1722),
(82, 0.00, 28.00, '', 332, NULL, NULL, 1722),
(83, 0.00, 28.00, '', 333, NULL, NULL, 1722),
(84, 0.00, 325.00, '', 334, NULL, NULL, 1722),
(85, 0.00, 73.00, '', 334, NULL, NULL, 1722),
(86, 0.00, 157.00, '', 335, NULL, NULL, 1722),
(87, 0.00, 73.00, '', 335, NULL, NULL, 1722),
(88, 0.00, 157.00, '', 336, NULL, NULL, 1722),
(89, 0.00, 44.00, '', 337, NULL, NULL, 1501),
(90, 0.00, 56.50, '', 337, NULL, NULL, 1501),
(91, 0.00, 650.00, '', 339, NULL, NULL, 36),
(92, 0.00, 650.00, '', 342, NULL, NULL, 36),
(93, 0.00, 30.00, '', 343, NULL, NULL, 1352),
(94, 0.00, 30.00, '', 344, NULL, NULL, 1352),
(95, 0.00, 254.00, '', 345, NULL, NULL, 395),
(96, 0.00, 47.00, '', 347, NULL, NULL, 531),
(97, 0.00, 73.00, '', 348, NULL, NULL, 1722),
(98, 0.00, 73.00, '', 349, NULL, NULL, 1722),
(99, 0.00, 31.50, '', 350, NULL, NULL, 100),
(100, 0.00, 58.00, '', 351, NULL, NULL, 744),
(101, 0.00, 58.00, '', 352, NULL, NULL, 744),
(102, 0.00, 58.00, '', 353, NULL, NULL, 744),
(103, 0.00, 2300.00, '', 354, NULL, NULL, 744),
(104, 0.00, 58.00, '', 355, NULL, NULL, 744),
(105, 0.00, 2300.00, '', 355, NULL, NULL, 744),
(106, 0.00, 90.00, '', 356, NULL, NULL, 506),
(107, 0.00, 30.50, '', 357, NULL, NULL, 506),
(108, 0.00, 52.00, '', 357, NULL, NULL, 506),
(109, 0.00, 90.00, '', 357, NULL, NULL, 506),
(110, 0.00, 30.50, '', 358, NULL, NULL, 506),
(111, 0.00, 26.00, '', 358, NULL, NULL, 506),
(112, 0.00, 52.00, '', 359, NULL, NULL, 506),
(113, 0.00, 52.00, '', 360, NULL, NULL, 506),
(115, 0.00, 35.00, '', 362, NULL, NULL, 1538),
(116, 0.00, 35.00, '', 363, NULL, NULL, 1538),
(117, 0.00, 63.00, '', 363, NULL, NULL, 1538),
(118, 0.00, 63.00, '', 364, NULL, NULL, 1538),
(119, 0.00, 35.00, '', 364, NULL, NULL, 1538),
(120, 0.00, 35.00, '', 365, NULL, NULL, 1538),
(121, 0.00, 35.00, '', 366, NULL, NULL, 1476),
(122, 0.00, 47.00, '', 366, NULL, NULL, 1476),
(123, 0.00, 35.00, '', 367, NULL, NULL, 1476),
(124, 0.00, 47.00, '', 367, NULL, NULL, 1476),
(125, 0.00, 47.00, '', 368, NULL, NULL, 1476),
(126, 0.00, 47.00, '', 369, NULL, NULL, 1476),
(127, 0.00, 35.00, '', 370, NULL, NULL, 1476),
(128, 0.00, 47.00, '', 370, NULL, NULL, 1476),
(129, 0.00, 38.00, '', 371, NULL, NULL, 1743),
(130, 0.00, 60.00, '', 372, NULL, NULL, 249),
(131, 0.00, 380.25, '', 373, NULL, NULL, 249),
(132, 0.00, 33.00, '', 374, NULL, NULL, 380),
(133, 0.00, 33.00, '', 375, NULL, NULL, 380),
(134, 0.00, 90.00, '', 377, NULL, NULL, 1334),
(135, 0.00, 90.00, '', 378, NULL, NULL, 1334),
(136, 0.00, 30.00, '', 378, NULL, NULL, 1334),
(137, 0.00, 32.00, '', 379, NULL, NULL, 735),
(138, 0.00, 32.00, '', 380, NULL, NULL, 735),
(139, 0.00, 71.00, '', 380, NULL, NULL, 735),
(140, 0.00, 32.00, '', 381, NULL, NULL, 735),
(141, 0.00, 285.00, '\n', 384, NULL, NULL, 627),
(142, 0.00, 21.00, '', 384, NULL, NULL, 627),
(143, 0.00, 34.50, '', 384, NULL, NULL, 627),
(144, 0.00, 31.00, '', 385, NULL, NULL, 1570),
(145, 0.00, 3.00, '\n', 385, NULL, NULL, 1570);

-- --------------------------------------------------------

--
-- Estructura de tabla para la tabla `district`
--

CREATE TABLE `district` (
  `district_id` int(11) NOT NULL,
  `description` varchar(255) DEFAULT NULL,
  `status` tinyint(1) DEFAULT NULL
) ENGINE=InnoDB DEFAULT CHARSET=utf8mb4;

--
-- Volcado de datos para la tabla `district`
--

INSERT INTO `district` (`district_id`, `description`, `status`) VALUES
(1, 'District 1', 1),
(2, 'District 2', 1),
(3, 'District 3', 1),
(4, 'District 4', 1),
(5, 'District 5', 1);

-- --------------------------------------------------------

--
-- Estructura de tabla para la tabla `employee`
--

CREATE TABLE `employee` (
  `employee_id` int(11) NOT NULL,
  `name` varchar(255) NOT NULL,
  `hourly_rate` float(8,2) DEFAULT NULL,
  `position` varchar(255) DEFAULT NULL,
  `color` varchar(50) DEFAULT NULL,
  `address` text,
  `phone` varchar(50) DEFAULT NULL,
  `cert_rate_type` varchar(255) DEFAULT NULL,
  `social_security_number` varchar(50) DEFAULT NULL,
  `apprentice_percentage` decimal(18,2) DEFAULT NULL,
  `work_code` varchar(50) DEFAULT NULL,
  `gender` varchar(255) DEFAULT NULL,
  `race_id` int(11) DEFAULT NULL,
  `date_hired` date DEFAULT NULL,
  `date_terminated` date DEFAULT NULL,
  `reason_terminated` varchar(255) DEFAULT NULL,
  `time_card_notes` varchar(255) DEFAULT NULL,
  `regular_rate_per_hour` decimal(18,2) DEFAULT NULL,
  `overtime_rate_per_hour` decimal(18,2) DEFAULT NULL,
  `special_rate_per_hour` decimal(18,2) DEFAULT NULL,
  `trade_licenses_info` text,
  `notes` text,
  `is_osha_10_certified` tinyint(1) DEFAULT NULL,
  `is_veteran` tinyint(1) DEFAULT NULL,
  `status` tinyint(1) DEFAULT NULL
) ENGINE=InnoDB DEFAULT CHARSET=utf8;

--
-- Volcado de datos para la tabla `employee`
--

INSERT INTO `employee` (`employee_id`, `name`, `hourly_rate`, `position`, `color`, `address`, `phone`, `cert_rate_type`, `social_security_number`, `apprentice_percentage`, `work_code`, `gender`, `race_id`, `date_hired`, `date_terminated`, `reason_terminated`, `time_card_notes`, `regular_rate_per_hour`, `overtime_rate_per_hour`, `special_rate_per_hour`, `trade_licenses_info`, `notes`, `is_osha_10_certified`, `is_veteran`, `status`) VALUES
(1, 'Andres Mendoza', 20.00, 'Laborer', NULL, NULL, NULL, NULL, NULL, NULL, NULL, NULL, NULL, NULL, NULL, NULL, NULL, NULL, NULL, NULL, NULL, NULL, NULL, NULL, 1),
(2, 'Angel Orona', 20.00, 'Laborer', NULL, NULL, NULL, NULL, NULL, NULL, NULL, NULL, NULL, NULL, NULL, NULL, NULL, NULL, NULL, NULL, NULL, NULL, NULL, NULL, 1),
(3, 'Camilo Romero', 20.00, 'Laborer', NULL, NULL, NULL, NULL, NULL, NULL, NULL, NULL, NULL, NULL, NULL, NULL, NULL, NULL, NULL, NULL, NULL, NULL, NULL, NULL, 1),
(4, 'Carlos Arroyo', 25.00, 'Lead', '#BF3142', NULL, NULL, NULL, NULL, NULL, NULL, NULL, NULL, NULL, NULL, NULL, NULL, NULL, NULL, NULL, NULL, NULL, NULL, NULL, 1),
(5, 'Carlos Jose Loasiga', 20.00, 'Laborer', NULL, NULL, NULL, NULL, NULL, NULL, NULL, NULL, NULL, NULL, NULL, NULL, NULL, NULL, NULL, NULL, NULL, NULL, NULL, NULL, 1),
(6, 'Cruz Cortez', 25.00, 'Lead', '#3147BF', NULL, NULL, NULL, NULL, NULL, NULL, NULL, NULL, NULL, NULL, NULL, NULL, NULL, NULL, NULL, NULL, NULL, NULL, NULL, 1),
(7, 'David Sendejas (Jose Perez)', 20.00, 'Laborer', NULL, NULL, NULL, NULL, NULL, NULL, NULL, NULL, NULL, NULL, NULL, NULL, NULL, NULL, NULL, NULL, NULL, NULL, NULL, NULL, 1),
(8, 'Dennis Alvarez', 20.00, 'Laborer', NULL, NULL, NULL, NULL, NULL, NULL, NULL, NULL, NULL, NULL, NULL, NULL, NULL, NULL, NULL, NULL, NULL, NULL, NULL, NULL, 1),
(9, 'Eliud Pazos', 20.00, 'Laborer', NULL, NULL, NULL, NULL, NULL, NULL, NULL, NULL, NULL, NULL, NULL, NULL, NULL, NULL, NULL, NULL, NULL, NULL, NULL, NULL, 1),
(10, 'Emilio Romero', 20.00, 'Laborer', NULL, NULL, NULL, NULL, NULL, NULL, NULL, NULL, NULL, NULL, NULL, NULL, NULL, NULL, NULL, NULL, NULL, NULL, NULL, NULL, 1),
(11, 'Fernando Arredondo', 20.00, 'Laborer', NULL, NULL, NULL, NULL, NULL, NULL, NULL, NULL, NULL, NULL, NULL, NULL, NULL, NULL, NULL, NULL, NULL, NULL, NULL, NULL, 1),
(12, 'Francisco Narciso', 20.00, 'Laborer', NULL, NULL, NULL, NULL, NULL, NULL, NULL, NULL, NULL, NULL, NULL, NULL, NULL, NULL, NULL, NULL, NULL, NULL, NULL, NULL, 1),
(13, 'Gadiel Urias Mendoza', 20.00, 'Laborer', NULL, NULL, NULL, NULL, NULL, NULL, NULL, NULL, NULL, NULL, NULL, NULL, NULL, NULL, NULL, NULL, NULL, NULL, NULL, NULL, 1),
(14, 'Geoffrey Fabio Restrepo', 20.00, 'Laborer', NULL, NULL, NULL, NULL, NULL, NULL, NULL, NULL, NULL, NULL, NULL, NULL, NULL, NULL, NULL, NULL, NULL, NULL, NULL, NULL, 1),
(15, 'Gerardo Alvarado', 20.00, 'Laborer', NULL, NULL, NULL, NULL, NULL, NULL, NULL, NULL, NULL, NULL, NULL, NULL, NULL, NULL, NULL, NULL, NULL, NULL, NULL, NULL, 1),
(16, 'Hector Camarillo', 20.00, 'Laborer', NULL, NULL, NULL, NULL, NULL, NULL, NULL, NULL, NULL, NULL, NULL, NULL, NULL, NULL, NULL, NULL, NULL, NULL, NULL, NULL, 1),
(17, 'Helmer Osciel Cruz', 20.00, 'Laborer', NULL, NULL, NULL, NULL, NULL, NULL, NULL, NULL, NULL, NULL, NULL, NULL, NULL, NULL, NULL, NULL, NULL, NULL, NULL, NULL, 1),
(18, 'Homero Mares', 20.00, 'Laborer', NULL, NULL, NULL, NULL, NULL, NULL, NULL, NULL, NULL, NULL, NULL, NULL, NULL, NULL, NULL, NULL, NULL, NULL, NULL, NULL, 1),
(19, 'Jesus Martinez Galvez', 20.00, 'Laborer', NULL, NULL, NULL, NULL, NULL, NULL, NULL, NULL, NULL, NULL, NULL, NULL, NULL, NULL, NULL, NULL, NULL, NULL, NULL, NULL, 1),
(20, 'Jordan Vicuna Hernandez', 20.00, 'Laborer', NULL, NULL, NULL, NULL, NULL, NULL, NULL, NULL, NULL, NULL, NULL, NULL, NULL, NULL, NULL, NULL, NULL, NULL, NULL, NULL, 1),
(21, 'Jose Camarillo', 20.00, 'Laborer', NULL, NULL, NULL, NULL, NULL, NULL, NULL, NULL, NULL, NULL, NULL, NULL, NULL, NULL, NULL, NULL, NULL, NULL, NULL, NULL, 1),
(22, 'Jose Manuel Martinez', 20.00, 'Laborer', NULL, NULL, NULL, NULL, NULL, NULL, NULL, NULL, NULL, NULL, NULL, NULL, NULL, NULL, NULL, NULL, NULL, NULL, NULL, NULL, 1),
(23, 'Juan Cazares', 20.00, 'Laborer', NULL, NULL, NULL, NULL, NULL, NULL, NULL, NULL, NULL, NULL, NULL, NULL, NULL, NULL, NULL, NULL, NULL, NULL, NULL, NULL, 1),
(24, 'Juan Trejo', 20.00, 'Laborer', NULL, NULL, NULL, NULL, NULL, NULL, NULL, NULL, NULL, NULL, NULL, NULL, NULL, NULL, NULL, NULL, NULL, NULL, NULL, NULL, 1),
(25, 'Kevin Garcia', 20.00, 'Laborer', NULL, NULL, NULL, NULL, NULL, NULL, NULL, NULL, NULL, NULL, NULL, NULL, NULL, NULL, NULL, NULL, NULL, NULL, NULL, NULL, 1),
(26, 'Luis G.Cordova', 20.00, 'Laborer', NULL, NULL, NULL, NULL, NULL, NULL, NULL, NULL, NULL, NULL, NULL, NULL, NULL, NULL, NULL, NULL, NULL, NULL, NULL, NULL, 1),
(27, 'Miguel Garcia', 20.00, 'Laborer', NULL, NULL, NULL, NULL, NULL, NULL, NULL, NULL, NULL, NULL, NULL, NULL, NULL, NULL, NULL, NULL, NULL, NULL, NULL, NULL, 1),
(28, 'Noel Josias Mendoza', 20.00, 'Laborer', NULL, NULL, NULL, NULL, NULL, NULL, NULL, NULL, NULL, NULL, NULL, NULL, NULL, NULL, NULL, NULL, NULL, NULL, NULL, NULL, 1),
(29, 'Orlais Lores-Mayeta', 20.00, 'Laborer', NULL, NULL, NULL, NULL, NULL, NULL, NULL, NULL, NULL, NULL, NULL, NULL, NULL, NULL, NULL, NULL, NULL, NULL, NULL, NULL, 1),
(30, 'Oscar Alvarado', 20.00, 'Laborer', NULL, NULL, NULL, NULL, NULL, NULL, NULL, NULL, NULL, NULL, NULL, NULL, NULL, NULL, NULL, NULL, NULL, NULL, NULL, NULL, 1),
(31, 'Pedro Garcia', 20.00, 'Laborer', NULL, NULL, NULL, NULL, NULL, NULL, NULL, NULL, NULL, NULL, NULL, NULL, NULL, NULL, NULL, NULL, NULL, NULL, NULL, NULL, 1),
(32, 'Raul Cazares', 20.00, 'Laborer', NULL, NULL, NULL, NULL, NULL, NULL, NULL, NULL, NULL, NULL, NULL, NULL, NULL, NULL, NULL, NULL, NULL, NULL, NULL, NULL, 1),
(33, 'Roberto Alvarado', 20.00, 'Laborer', NULL, NULL, NULL, NULL, NULL, NULL, NULL, NULL, NULL, NULL, NULL, NULL, NULL, NULL, NULL, NULL, NULL, NULL, NULL, NULL, 1),
(34, 'Ruben Murillo', 20.00, 'Laborer', NULL, NULL, NULL, NULL, NULL, NULL, NULL, NULL, NULL, NULL, NULL, NULL, NULL, NULL, NULL, NULL, NULL, NULL, NULL, NULL, 1),
(35, '\"Tate\" Vincente Bly', 34.00, 'Laborer', '#142EC7', '123 William Street, Nueva York, EE. UU.', '(343) 243-2432', '', '4543543', 0.00, '', '', 4, '2025-11-01', '2025-11-30', '', '', 0.00, 0.00, 0.00, '', '', 1, 1, 1),
(36, 'Wilbert Rutilio', 20.00, 'Laborer', NULL, NULL, NULL, NULL, NULL, NULL, NULL, NULL, NULL, NULL, NULL, NULL, NULL, NULL, NULL, NULL, NULL, NULL, NULL, NULL, 1),
(37, 'Francisco Gutierrez', 25.00, 'Lead', '#34BFA3', NULL, NULL, NULL, NULL, NULL, NULL, NULL, NULL, NULL, NULL, NULL, NULL, NULL, NULL, NULL, NULL, NULL, NULL, NULL, 1),
(38, 'Jose Duarte', 25.00, 'Lead', '#BFBA31', NULL, NULL, NULL, NULL, NULL, NULL, NULL, NULL, NULL, NULL, NULL, NULL, NULL, NULL, NULL, NULL, NULL, NULL, NULL, 1),
(39, 'Julian Bautista', 25.00, 'Lead', '#BF8231', NULL, NULL, NULL, NULL, NULL, NULL, NULL, NULL, NULL, NULL, NULL, NULL, NULL, NULL, NULL, NULL, NULL, NULL, NULL, 1),
(40, 'Miguel Murillo', 25.00, 'Lead', '#AFB5C7', NULL, NULL, NULL, NULL, NULL, NULL, NULL, NULL, NULL, NULL, NULL, NULL, NULL, NULL, NULL, NULL, NULL, NULL, NULL, 1),
(41, 'Victor Cordova', 25.00, 'Lead', '#BF9231', NULL, NULL, NULL, NULL, NULL, NULL, NULL, NULL, NULL, NULL, NULL, NULL, NULL, NULL, NULL, NULL, NULL, NULL, NULL, 1),
(42, 'Victor Soriano', 25.00, 'Lead', '#BF3157', NULL, NULL, NULL, NULL, NULL, NULL, NULL, NULL, NULL, NULL, NULL, NULL, NULL, NULL, NULL, NULL, NULL, NULL, NULL, 1),
(43, 'Victor Suarez', 25.00, 'Lead', '#BA31BF', NULL, NULL, NULL, NULL, NULL, NULL, NULL, NULL, NULL, NULL, NULL, NULL, NULL, NULL, NULL, NULL, NULL, NULL, NULL, 1),
(44, 'Juan Avalos', 20.00, 'Laborer', NULL, NULL, NULL, NULL, NULL, NULL, NULL, NULL, NULL, NULL, NULL, NULL, NULL, NULL, NULL, NULL, NULL, NULL, NULL, NULL, 1),
(45, 'Juan Manuel Sanchez Garcia', 20.00, 'Laborer', NULL, NULL, NULL, NULL, NULL, NULL, NULL, NULL, NULL, NULL, NULL, NULL, NULL, NULL, NULL, NULL, NULL, NULL, NULL, NULL, 1),
(46, 'Jesus Avalos', 20.00, 'Laborer', NULL, NULL, NULL, NULL, NULL, NULL, NULL, NULL, NULL, NULL, NULL, NULL, NULL, NULL, NULL, NULL, NULL, NULL, NULL, NULL, 1),
(47, 'Alfredo Chegue', 20.00, 'Laborer', NULL, NULL, NULL, NULL, NULL, NULL, NULL, NULL, NULL, NULL, NULL, NULL, NULL, NULL, NULL, NULL, NULL, NULL, NULL, NULL, 1),
(48, 'Victorino Luna', 25.00, 'Subcontractor', NULL, NULL, NULL, NULL, NULL, NULL, NULL, NULL, NULL, NULL, NULL, NULL, NULL, NULL, NULL, NULL, NULL, NULL, NULL, NULL, 1),
(49, 'Abram Sanchez', 25.00, 'Subcontractor', NULL, NULL, NULL, NULL, NULL, NULL, NULL, NULL, NULL, NULL, NULL, NULL, NULL, NULL, NULL, NULL, NULL, NULL, NULL, NULL, 1),
(50, 'Armando Bautista', 25.00, 'Subcontractor', NULL, NULL, NULL, NULL, NULL, NULL, NULL, NULL, NULL, NULL, NULL, NULL, NULL, NULL, NULL, NULL, NULL, NULL, NULL, NULL, 1),
(51, 'Sergio Rodriguez', 25.00, 'Subcontractor', NULL, NULL, NULL, NULL, NULL, NULL, NULL, NULL, NULL, NULL, NULL, NULL, NULL, NULL, NULL, NULL, NULL, NULL, NULL, NULL, 1),
(52, 'Osvaldo Rosales', 25.00, 'Subcontractor', NULL, NULL, NULL, NULL, NULL, NULL, NULL, NULL, NULL, NULL, NULL, NULL, NULL, NULL, NULL, NULL, NULL, NULL, NULL, NULL, 1),
(53, 'Jose Luis Rosales', 25.00, 'Subcontractor', NULL, NULL, NULL, NULL, NULL, NULL, NULL, NULL, NULL, NULL, NULL, NULL, NULL, NULL, NULL, NULL, NULL, NULL, NULL, NULL, 1),
(54, 'Saul Olguin', 25.00, 'Subcontractor', NULL, NULL, NULL, NULL, NULL, NULL, NULL, NULL, NULL, NULL, NULL, NULL, NULL, NULL, NULL, NULL, NULL, NULL, NULL, NULL, 1),
(55, 'Isael Olguin', 25.00, 'Subcontractor', NULL, NULL, NULL, NULL, NULL, NULL, NULL, NULL, NULL, NULL, NULL, NULL, NULL, NULL, NULL, NULL, NULL, NULL, NULL, NULL, 1),
(56, 'Luis Oliver', 25.00, 'Subcontractor', NULL, NULL, NULL, NULL, NULL, NULL, NULL, NULL, NULL, NULL, NULL, NULL, NULL, NULL, NULL, NULL, NULL, NULL, NULL, NULL, 1),
(57, 'Christopher Sandoval', 25.00, 'Subcontractor', NULL, NULL, NULL, NULL, NULL, NULL, NULL, NULL, NULL, NULL, NULL, NULL, NULL, NULL, NULL, NULL, NULL, NULL, NULL, NULL, 1),
(58, 'Victor Garcia', 25.00, 'Subcontractor', NULL, NULL, NULL, NULL, NULL, NULL, NULL, NULL, NULL, NULL, NULL, NULL, NULL, NULL, NULL, NULL, NULL, NULL, NULL, NULL, 1),
(59, 'Daniel Diaz', 25.00, 'Subcontractor', NULL, NULL, NULL, NULL, NULL, NULL, NULL, NULL, NULL, NULL, NULL, NULL, NULL, NULL, NULL, NULL, NULL, NULL, NULL, NULL, 1),
(60, 'Lucas Hernandez', 25.00, 'Subcontractor', NULL, NULL, NULL, NULL, NULL, NULL, NULL, NULL, NULL, NULL, NULL, NULL, NULL, NULL, NULL, NULL, NULL, NULL, NULL, NULL, 1),
(61, 'Edmundo Martinez', 25.00, 'Subcontractor', NULL, NULL, NULL, NULL, NULL, NULL, NULL, NULL, NULL, NULL, NULL, NULL, NULL, NULL, NULL, NULL, NULL, NULL, NULL, NULL, 1),
(62, 'Luis Fernando Rosales', 25.00, 'Subcontractor', NULL, NULL, NULL, NULL, NULL, NULL, NULL, NULL, NULL, NULL, NULL, NULL, NULL, NULL, NULL, NULL, NULL, NULL, NULL, NULL, 1),
(63, 'Guillermo Cuevas', 25.00, 'Subcontractor', NULL, NULL, NULL, NULL, NULL, NULL, NULL, NULL, NULL, NULL, NULL, NULL, NULL, NULL, NULL, NULL, NULL, NULL, NULL, NULL, 1),
(64, 'Gerardo Yacxi', 25.00, 'Subcontractor', NULL, NULL, NULL, NULL, NULL, NULL, NULL, NULL, NULL, NULL, NULL, NULL, NULL, NULL, NULL, NULL, NULL, NULL, NULL, NULL, 1),
(65, 'Saul Cano', 25.00, 'Subcontractor', NULL, NULL, NULL, NULL, NULL, NULL, NULL, NULL, NULL, NULL, NULL, NULL, NULL, NULL, NULL, NULL, NULL, NULL, NULL, NULL, 1),
(66, 'Silvano Escorza', 25.00, 'Subcontractor', NULL, NULL, NULL, NULL, NULL, NULL, NULL, NULL, NULL, NULL, NULL, NULL, NULL, NULL, NULL, NULL, NULL, NULL, NULL, NULL, 1),
(67, 'Test test', 25.00, 'Subcontractor', NULL, NULL, NULL, NULL, NULL, NULL, NULL, NULL, NULL, NULL, NULL, NULL, NULL, NULL, NULL, NULL, NULL, NULL, NULL, NULL, 1),
(68, 'Francisco Duran', 25.00, 'Subcontractor', NULL, NULL, NULL, NULL, NULL, NULL, NULL, NULL, NULL, NULL, NULL, NULL, NULL, NULL, NULL, NULL, NULL, NULL, NULL, NULL, 1),
(69, 'Francisco Camarillo', 25.00, 'Subcontractor', NULL, NULL, NULL, NULL, NULL, NULL, NULL, NULL, NULL, NULL, NULL, NULL, NULL, NULL, NULL, NULL, NULL, NULL, NULL, NULL, 1),
(70, 'Arcadio Duran', 25.00, 'Subcontractor', NULL, NULL, NULL, NULL, NULL, NULL, NULL, NULL, NULL, NULL, NULL, NULL, NULL, NULL, NULL, NULL, NULL, NULL, NULL, NULL, 1),
(71, 'Octavio Perez', 25.00, 'Subcontractor', NULL, NULL, NULL, NULL, NULL, NULL, NULL, NULL, NULL, NULL, NULL, NULL, NULL, NULL, NULL, NULL, NULL, NULL, NULL, NULL, 1),
(72, 'Ilse Sanchez', 25.00, 'Subcontractor', NULL, NULL, NULL, NULL, NULL, NULL, NULL, NULL, NULL, NULL, NULL, NULL, NULL, NULL, NULL, NULL, NULL, NULL, NULL, NULL, 1),
(73, 'Jose Covarrubias', 20.00, 'Laborer', NULL, NULL, NULL, NULL, NULL, NULL, NULL, NULL, NULL, NULL, NULL, NULL, NULL, NULL, NULL, NULL, NULL, NULL, NULL, NULL, 1),
(74, 'Brayan Moya', 20.00, 'Laborer', NULL, NULL, NULL, NULL, NULL, NULL, NULL, NULL, NULL, NULL, NULL, NULL, NULL, NULL, NULL, NULL, NULL, NULL, NULL, NULL, 1),
(75, 'Mauricio Lopez', 25.00, 'Subcontractor', NULL, NULL, NULL, NULL, NULL, NULL, NULL, NULL, NULL, NULL, NULL, NULL, NULL, NULL, NULL, NULL, NULL, NULL, NULL, NULL, 1),
(76, 'Armando Bautista-Laborer', 20.00, 'Laborer', NULL, NULL, NULL, NULL, NULL, NULL, NULL, NULL, NULL, NULL, NULL, NULL, NULL, NULL, NULL, NULL, NULL, NULL, NULL, NULL, 1);

-- --------------------------------------------------------

--
-- Estructura de tabla para la tabla `equation`
--

CREATE TABLE `equation` (
  `equation_id` int(11) NOT NULL,
  `description` varchar(255) DEFAULT NULL,
  `equation` varchar(255) DEFAULT NULL,
  `status` tinyint(1) DEFAULT NULL
) ENGINE=InnoDB DEFAULT CHARSET=utf8mb4;

--
-- Volcado de datos para la tabla `equation`
--

INSERT INTO `equation` (`equation_id`, `description`, `equation`, `status`) VALUES
(7, 'CLASS B RETAINING WALL', 'x', 1),
(8, 'C&G 8x30 IN', 'x/13', 1),
(9, 'C&G 6x30 IN', 'x/18', 1),
(10, 'C&G 8x24 IN', 'x/15', 1),
(11, 'SY, 4 IN', 'x*4/36', 1),
(12, 'SY, 8 IN', 'x*8/36', 1),
(13, 'CONC DRAINAGE DITCH - ERS05066', 'x*3/20', 1),
(14, 'C&G 6X24 IN', 'x/20', 1),
(15, 'CATCH BASIN, TOP & THROAT', 'x*3', 1),
(16, 'DROP INLET', 'x/4', 1),
(17, 'SY, 5 IN', 'x*5/36', 1),
(18, 'SLOPE DRAIN ', 'x*6/36', 1),
(19, 'DRIVEWAY CONCRETE, 8 IN TK', 'x*8/36', 1),
(20, 'SPILLWAY', 'x*5/2', 1),
(21, 'SLOPE PAVING 4IN', 'x*4/36', 1),
(22, 'SY, 6 IN', 'x*6/36', 1),
(23, 'HEADER CURB', 'x/33', 1),
(24, 'WHEELCHAIR RAMP TP A', 'x*5/2', 1),
(25, 'WHEELCHAIR RAMP TP B', 'x*27/10', 1),
(26, 'WHEELCHAIR RAMP TP C', 'x*27/10', 1),
(28, 'SF, 4 IN', 'X*4/324', 1),
(29, 'SPILLWAY SPCL DES', 'x*5', 1),
(30, 'V GUTTER', 'x/10', 1),
(31, 'APPROACH SLAB', 'x*10/36', 1),
(32, 'C&G 8X32 IN', 'x/11.8', 1),
(33, 'COA STD SIDEWALK FLUME LF', 'x*(2/5)', 1),
(34, 'GRANITE CURB', 'x/75', 1),
(35, 'Conc Driveway, 4 IN', 'x*4/36', 1),
(36, 'Conc Driveway, 8 IN', 'x*8/36', 1),
(37, 'Conc Driveway, 6 IN', 'x*6/36', 1),
(38, 'PLAIN PC PVMT CL 3 CONC', 'x*10/36', 1),
(39, 'CONC MEDIAN 7 1/2', 'X*7.5/36', 1),
(40, 'SF, 8 IN', 'x*8/324', 1),
(41, 'SF, 6 IN', 'x*6/324', 1),
(42, 'CABLE BARRIER MOW STRIP', 'x*(41/830)', 1);

-- --------------------------------------------------------

--
-- Estructura de tabla para la tabla `estimate`
--

CREATE TABLE `estimate` (
  `estimate_id` int(11) NOT NULL,
  `project_id` varchar(255) DEFAULT NULL,
  `name` varchar(255) DEFAULT NULL,
  `bid_deadline` datetime DEFAULT NULL,
  `county` varchar(255) DEFAULT NULL,
  `priority` varchar(50) DEFAULT NULL,
  `bid_no` varchar(50) DEFAULT NULL,
  `work_hour` varchar(50) DEFAULT NULL,
  `phone` text,
  `email` text,
  `job_walk` datetime DEFAULT NULL,
  `rfi_due_date` datetime DEFAULT NULL,
  `project_start` datetime DEFAULT NULL,
  `project_end` datetime DEFAULT NULL,
  `submitted_date` datetime DEFAULT NULL,
  `awarded_date` datetime DEFAULT NULL,
  `lost_date` datetime DEFAULT NULL,
  `location` text,
  `sector` varchar(50) DEFAULT NULL,
  `bid_description` text,
  `bid_instructions` text,
  `plan_link` text,
  `quote_received` tinyint(1) DEFAULT NULL,
  `project_stage_id` int(11) DEFAULT NULL,
  `proposal_type_id` int(11) DEFAULT NULL,
  `status_id` int(11) DEFAULT NULL,
  `district_id` int(11) DEFAULT NULL,
  `county_id` int(11) DEFAULT NULL,
  `company_id` int(11) DEFAULT NULL,
  `contact_id` int(11) DEFAULT NULL,
  `plan_downloading_id` int(11) DEFAULT NULL
) ENGINE=InnoDB DEFAULT CHARSET=utf8mb4;

--
-- Volcado de datos para la tabla `estimate`
--

INSERT INTO `estimate` (`estimate_id`, `project_id`, `name`, `bid_deadline`, `county`, `priority`, `bid_no`, `work_hour`, `phone`, `email`, `job_walk`, `rfi_due_date`, `project_start`, `project_end`, `submitted_date`, `awarded_date`, `lost_date`, `location`, `sector`, `bid_description`, `bid_instructions`, `plan_link`, `quote_received`, `project_stage_id`, `proposal_type_id`, `status_id`, `district_id`, `county_id`, `company_id`, `contact_id`, `plan_downloading_id`) VALUES
(2, '345435435', 'Test bid deadline', '2025-06-14 17:00:00', 'Florida', 'Low', '456456', '54', '955383354,323434543543', 'cyborgmnk@gmail.com,brianmarcelcurbelomarquez@gmail.com', '2025-06-14 12:00:00', '2025-06-17 12:00:00', '2025-06-09 12:00:00', '2025-06-17 12:00:00', '2025-06-25 12:00:00', '2025-06-26 12:00:00', '2025-06-26 12:00:00', 'Chambers Street, Nueva York, EE. UU.', 'Private', 'dfgdf gfd g', 'undefined', 'undefined', 0, 1, 3, 1, 2, 59, 6, 9, 1),
(3, 'tdfgdfgg', 'Other project', '2025-08-03 15:00:00', 'Florida', 'Low', '435435', '67', '955383354', 'geydismarquezplanes@gmail.com', '2025-08-02 12:00:00', NULL, NULL, NULL, NULL, NULL, NULL, '123 Street view', '', '', 'undefined', 'undefined', 0, 3, 1, 2, 1, 45, 35, 10, NULL),
(6, '435345', 'Test Metronic 8', '2025-09-09 12:00:00', NULL, 'Low', '435435', '345', '323434543543', 'brianmarcelcurbelomarquez@gmail.com', '2025-09-07 12:00:00', '2025-09-09 12:00:00', '2025-09-13 12:00:00', '2025-09-14 12:00:00', '2025-09-26 12:00:00', '2025-09-24 12:00:00', '2025-09-11 12:00:00', 'Paso el Roble 50', 'Private', 'test', 'undefined', 'undefined', 1, 2, 1, 1, 1, 61, NULL, NULL, 1);

-- --------------------------------------------------------

--
-- Estructura de tabla para la tabla `estimate_bid_deadline`
--

CREATE TABLE `estimate_bid_deadline` (
  `id` int(11) NOT NULL,
  `bid_deadline` datetime DEFAULT NULL,
  `tag` varchar(50) DEFAULT NULL,
  `address` text,
  `estimate_id` int(11) DEFAULT NULL,
  `company_id` int(11) DEFAULT NULL
) ENGINE=InnoDB DEFAULT CHARSET=utf8mb4;

--
-- Volcado de datos para la tabla `estimate_bid_deadline`
--

INSERT INTO `estimate_bid_deadline` (`id`, `bid_deadline`, `tag`, `address`, `estimate_id`, `company_id`) VALUES
(1, '2025-06-14 17:00:00', 'High Priority', 'dsf sdf dsfsd', 2, 16),
(6, '2025-08-03 15:00:00', '', '', 3, 14),
(7, '2025-09-09 03:00:00', '', '', 6, 13);

-- --------------------------------------------------------

--
-- Estructura de tabla para la tabla `estimate_company`
--

CREATE TABLE `estimate_company` (
  `id` int(11) NOT NULL,
  `estimate_id` int(11) DEFAULT NULL,
  `company_id` int(11) DEFAULT NULL,
  `contact_id` int(11) DEFAULT NULL
) ENGINE=InnoDB DEFAULT CHARSET=utf8mb4;

--
-- Volcado de datos para la tabla `estimate_company`
--

INSERT INTO `estimate_company` (`id`, `estimate_id`, `company_id`, `contact_id`) VALUES
(1, 2, 6, 9),
(2, 3, 35, 10),
(3, 2, 13, 11),
(4, 6, 13, 11);

-- --------------------------------------------------------

--
-- Estructura de tabla para la tabla `estimate_estimator`
--

CREATE TABLE `estimate_estimator` (
  `id` int(11) NOT NULL,
  `estimate_id` int(11) DEFAULT NULL,
  `user_id` int(11) DEFAULT NULL
) ENGINE=InnoDB DEFAULT CHARSET=utf8mb4;

--
-- Volcado de datos para la tabla `estimate_estimator`
--

INSERT INTO `estimate_estimator` (`id`, `estimate_id`, `user_id`) VALUES
(105, 2, 2),
(106, 6, 2),
(107, 3, 2);

-- --------------------------------------------------------

--
-- Estructura de tabla para la tabla `estimate_project_type`
--

CREATE TABLE `estimate_project_type` (
  `id` int(11) NOT NULL,
  `estimate_id` int(11) DEFAULT NULL,
  `type_id` int(11) DEFAULT NULL
) ENGINE=InnoDB DEFAULT CHARSET=utf8mb4;

--
-- Volcado de datos para la tabla `estimate_project_type`
--

INSERT INTO `estimate_project_type` (`id`, `estimate_id`, `type_id`) VALUES
(112, 2, 1),
(113, 2, 4),
(114, 6, 1),
(115, 3, 2),
(116, 3, 3);

-- --------------------------------------------------------

--
-- Estructura de tabla para la tabla `estimate_quote`
--

CREATE TABLE `estimate_quote` (
  `id` int(11) NOT NULL,
  `quantity` decimal(18,6) DEFAULT NULL,
  `price` decimal(18,6) DEFAULT NULL,
  `yield_calculation` varchar(50) DEFAULT NULL,
  `estimate_id` int(11) DEFAULT NULL,
  `item_id` int(11) DEFAULT NULL,
  `equation_id` int(11) DEFAULT NULL
) ENGINE=InnoDB DEFAULT CHARSET=utf8mb4;

--
-- Volcado de datos para la tabla `estimate_quote`
--

INSERT INTO `estimate_quote` (`id`, `quantity`, `price`, `yield_calculation`, `estimate_id`, `item_id`, `equation_id`) VALUES
(1, 10.000000, 100.000000, 'none', 2, 211, NULL),
(3, 10.000000, 200.000000, 'none', 3, 153, NULL),
(4, 100.000000, NULL, 'same', 2, 228, NULL),
(5, 10.000000, NULL, 'none', 2, 72, NULL),
(6, 15.000000, NULL, 'none', 2, 129, NULL),
(7, 10.000000, 110.000000, 'same', 6, 247, NULL),
(9, 10.000000, 150.000000, 'none', 3, 300, NULL);

-- --------------------------------------------------------

--
-- Estructura de tabla para la tabla `function`
--

CREATE TABLE `function` (
  `function_id` int(11) NOT NULL,
  `url` varchar(50) DEFAULT NULL,
  `description` varchar(255) NOT NULL
) ENGINE=InnoDB DEFAULT CHARSET=utf8mb4;

--
-- Volcado de datos para la tabla `function`
--

INSERT INTO `function` (`function_id`, `url`, `description`) VALUES
(1, 'home', 'Home'),
(2, 'rol', 'Roles'),
(3, 'users', 'Users'),
(4, 'log', 'Logs'),
(5, 'unit', 'Unit of Measurement'),
(6, 'item', 'Items'),
(7, 'inspectors', 'Inspectors'),
(8, 'company', 'Companies'),
(9, 'projects', 'Projects'),
(10, 'data_tracking', 'Data Tracking'),
(11, 'invoice', 'Invoices'),
(12, 'notification', 'Notifications'),
(13, 'equation', 'Equations'),
(14, 'employees', 'Employees'),
(15, 'materials', 'Materials'),
(16, 'overhead', 'Overhead Price'),
(17, 'advertisement', 'Advertisements'),
(18, 'subcontractor', 'Subcontractor'),
(19, 'reporte_subcontractor', 'Subcontractors'),
(20, 'reporte_employee', 'Employees'),
(21, 'conc_vendor', 'Concrete Vendors'),
(22, 'schedule', 'Schedule Document'),
(23, 'reminder', 'Reminders'),
(24, 'project_stage', 'Project Stages'),
(25, 'project_type', 'Project Type'),
(26, 'proposal_type', 'Proposal Type'),
(27, 'plan_status', 'Plan Status'),
(28, 'district', 'District'),
(29, 'estimate', 'Estimates'),
(30, 'plan_downloading', 'Plans Downloading'),
(31, 'holiday', 'Holidays'),
(32, 'county', 'County'),
(33, 'payment', 'Payments'),
(34, 'race', 'Races'),
(35, 'employee_rrhh', 'Employees'),
(36, 'concrete_class', 'Concrete Class');

-- --------------------------------------------------------

--
-- Estructura de tabla para la tabla `holiday`
--

CREATE TABLE `holiday` (
  `holiday_id` int(11) NOT NULL,
  `day` date DEFAULT NULL,
  `description` varchar(255) DEFAULT NULL
) ENGINE=InnoDB DEFAULT CHARSET=utf8mb4;

--
-- Volcado de datos para la tabla `holiday`
--

INSERT INTO `holiday` (`holiday_id`, `day`, `description`) VALUES
(1, '2025-07-04', '4th of July'),
(2, '2025-09-12', 'Dia Independencia');

-- --------------------------------------------------------

--
-- Estructura de tabla para la tabla `inspector`
--

CREATE TABLE `inspector` (
  `inspector_id` int(11) NOT NULL,
  `name` varchar(255) DEFAULT NULL,
  `phone` varchar(255) DEFAULT NULL,
  `email` varchar(255) DEFAULT NULL,
  `status` tinyint(1) DEFAULT NULL,
  `created_at` datetime DEFAULT NULL,
  `updated_at` datetime DEFAULT NULL
) ENGINE=InnoDB DEFAULT CHARSET=utf8mb4;

--
-- Volcado de datos para la tabla `inspector`
--

INSERT INTO `inspector` (`inspector_id`, `name`, `phone`, `email`, `status`, `created_at`, `updated_at`) VALUES
(7, 'JAMES VINSON', '', '', 1, '2025-01-20 15:36:39', NULL),
(8, 'HUNTER WARR', '', '', 1, '2025-02-03 20:35:57', NULL),
(9, 'KURT MARTIN', '', '', 1, '2025-02-05 19:43:32', NULL),
(10, 'JASON MYERS', '', '', 1, '2025-02-24 20:08:25', NULL),
(11, 'CEDRIC HOWARD', '', '', 1, '2025-02-24 20:17:52', NULL),
(12, 'CHANCE BELCHER', '', '', 1, '2025-02-24 21:25:08', NULL);

-- --------------------------------------------------------

--
-- Estructura de tabla para la tabla `invoice`
--

CREATE TABLE `invoice` (
  `invoice_id` int(11) NOT NULL,
  `number` varchar(50) DEFAULT NULL,
  `start_date` date DEFAULT NULL,
  `end_date` date DEFAULT NULL,
  `notes` text,
  `paid` tinyint(1) DEFAULT NULL,
  `created_at` datetime DEFAULT NULL,
  `updated_at` datetime DEFAULT NULL,
  `project_id` int(11) DEFAULT NULL,
  `txn_id` varchar(255) DEFAULT NULL,
  `edit_sequence` varchar(255) DEFAULT NULL
) ENGINE=InnoDB DEFAULT CHARSET=utf8mb4;

--
-- Volcado de datos para la tabla `invoice`
--

INSERT INTO `invoice` (`invoice_id`, `number`, `start_date`, `end_date`, `notes`, `paid`, `created_at`, `updated_at`, `project_id`, `txn_id`, `edit_sequence`) VALUES
(3, '2', '2023-12-01', '2025-01-31', 'test test test', 0, '2025-01-10 14:42:23', '2025-11-14 03:01:32', 53, NULL, NULL),
(8, '4', '2025-01-01', '2025-01-31', '', 0, '2025-02-05 19:22:41', '2025-11-14 03:01:27', 53, NULL, NULL),
(10, '6', '2025-01-01', '2025-01-31', '', 0, '2025-02-05 19:38:37', '2025-02-05 19:43:56', 52, NULL, NULL),
(11, '7', '2025-01-01', '2025-01-31', '', 0, '2025-02-05 19:56:05', NULL, 87, NULL, NULL),
(12, '8', '2025-01-01', '2025-01-31', '', 0, '2025-02-05 20:19:37', NULL, 87, NULL, NULL),
(13, '9', '2025-01-01', '2025-01-31', '', 0, '2025-02-05 20:24:03', NULL, 87, NULL, NULL),
(14, '10', '2025-01-01', '2025-01-31', '', 0, '2025-02-05 20:26:13', NULL, 87, NULL, NULL),
(15, '11', '2025-01-01', '2025-01-31', '', 0, '2025-02-05 20:28:09', '2025-02-10 15:46:18', 87, NULL, NULL),
(16, '1', '2025-02-01', '2025-02-26', 'test', 0, '2025-02-26 15:23:01', '2025-09-10 22:52:19', 127, '34234443534534534555', '23423432'),
(18, '1', '2025-10-01', '2025-10-31', 'test', 0, '2025-11-14 03:04:17', NULL, 171, NULL, NULL),
(22, '1', '2025-09-01', '2025-09-30', '', 1, '2025-11-21 02:09:32', '2025-11-27 01:44:30', 254, NULL, NULL),
(23, '2', '2025-10-01', '2025-10-31', '', 1, '2025-11-21 02:09:59', NULL, 254, NULL, NULL),
(24, '3', '2025-11-01', '2025-11-30', '', 0, '2025-11-21 02:10:17', NULL, 254, NULL, NULL);

-- --------------------------------------------------------

--
-- Estructura de tabla para la tabla `invoice_attachment`
--

CREATE TABLE `invoice_attachment` (
  `id` int(11) NOT NULL,
  `name` varchar(255) DEFAULT NULL,
  `file` varchar(255) DEFAULT NULL,
  `invoice_id` int(11) DEFAULT NULL
) ENGINE=InnoDB DEFAULT CHARSET=utf8mb4;

-- --------------------------------------------------------

--
-- Estructura de tabla para la tabla `invoice_item`
--

CREATE TABLE `invoice_item` (
  `id` int(11) NOT NULL,
  `quantity_from_previous` decimal(18,6) DEFAULT NULL,
  `unpaid_from_previous` decimal(18,6) NOT NULL,
  `quantity` decimal(18,6) DEFAULT NULL,
  `price` decimal(18,2) DEFAULT NULL,
  `paid_qty` decimal(18,6) DEFAULT NULL,
  `unpaid_qty` decimal(18,6) DEFAULT NULL,
  `quantity_brought_forward` decimal(18,6) DEFAULT NULL,
  `paid_amount` decimal(18,6) DEFAULT NULL,
  `paid_amount_total` decimal(18,6) DEFAULT NULL,
  `invoice_id` int(11) DEFAULT NULL,
  `project_item_id` int(11) DEFAULT NULL,
  `txn_id` varchar(255) DEFAULT NULL
) ENGINE=InnoDB DEFAULT CHARSET=utf8mb4;

--
-- Volcado de datos para la tabla `invoice_item`
--

INSERT INTO `invoice_item` (`id`, `quantity_from_previous`, `unpaid_from_previous`, `quantity`, `price`, `paid_qty`, `unpaid_qty`, `quantity_brought_forward`, `paid_amount`, `paid_amount_total`, `invoice_id`, `project_item_id`, `txn_id`) VALUES
(1, NULL, 0.000000, NULL, 34.00, NULL, NULL, NULL, NULL, NULL, 0, 60, NULL),
(74, 131.560000, 0.000000, NULL, 50.00, 0.000000, NULL, NULL, 0.000000, 0.000000, 8, 392, NULL),
(75, 0.000000, 0.000000, 241.890000, 107.00, 0.000000, NULL, NULL, 0.000000, 0.000000, 8, 393, NULL),
(76, 0.000000, 0.000000, 7.000000, 386.00, 0.000000, NULL, NULL, 0.000000, 0.000000, 8, 394, NULL),
(80, 0.000000, 0.000000, NULL, 54.00, 0.000000, NULL, NULL, 0.000000, 0.000000, 10, 380, NULL),
(81, 0.000000, 0.000000, NULL, 143.00, 0.000000, NULL, NULL, 0.000000, 0.000000, 10, 381, NULL),
(82, 0.000000, 0.000000, NULL, 143.00, 0.000000, NULL, NULL, 0.000000, 0.000000, 10, 382, NULL),
(83, 0.000000, 0.000000, NULL, 33.00, 0.000000, NULL, NULL, 0.000000, 0.000000, 10, 383, NULL),
(84, 0.000000, 0.000000, 392.000000, 32.00, 0.000000, NULL, NULL, 0.000000, 0.000000, 10, 384, NULL),
(85, 0.000000, 0.000000, 163.000000, 51.00, 0.000000, NULL, NULL, 0.000000, 0.000000, 10, 385, NULL),
(86, 0.000000, 0.000000, NULL, 131.00, 0.000000, NULL, NULL, 0.000000, 0.000000, 10, 386, NULL),
(87, 0.000000, 0.000000, 1.500000, 2500.00, 0.000000, NULL, NULL, 0.000000, 0.000000, 10, 387, NULL),
(88, 0.000000, 0.000000, 1.000000, 600.00, 0.000000, NULL, NULL, 0.000000, 0.000000, 10, 388, NULL),
(89, 0.000000, 0.000000, NULL, 340.00, 0.000000, NULL, NULL, 0.000000, 0.000000, 10, 389, NULL),
(90, 0.000000, 0.000000, NULL, 263.00, 0.000000, NULL, NULL, 0.000000, 0.000000, 10, 390, NULL),
(91, 0.000000, 0.000000, NULL, 369.00, 0.000000, NULL, NULL, 0.000000, 0.000000, 10, 391, NULL),
(92, 0.000000, 0.000000, 20.690000, 47.25, 0.000000, NULL, NULL, 0.000000, 0.000000, 11, 627, NULL),
(93, 0.000000, 0.000000, NULL, 57.00, 0.000000, NULL, NULL, 0.000000, 0.000000, 11, 628, NULL),
(94, 0.000000, 0.000000, 359.220000, 34.50, 0.000000, NULL, NULL, 0.000000, 0.000000, 11, 629, NULL),
(95, 0.000000, 0.000000, 46.600000, 67.00, 0.000000, NULL, NULL, 0.000000, 0.000000, 11, 630, NULL),
(96, 0.000000, 0.000000, 1.000000, 1500.00, 0.000000, NULL, NULL, 0.000000, 0.000000, 11, 631, NULL),
(97, 0.000000, 0.000000, NULL, 31.50, 0.000000, NULL, NULL, 0.000000, 0.000000, 11, 632, NULL),
(98, 0.000000, 0.000000, NULL, 67.00, 0.000000, NULL, NULL, 0.000000, 0.000000, 11, 633, NULL),
(99, 0.000000, 0.000000, 84.610000, 53.00, 0.000000, NULL, NULL, 0.000000, 0.000000, 11, 634, NULL),
(100, 0.000000, 0.000000, NULL, 55.00, 0.000000, NULL, NULL, 0.000000, 0.000000, 11, 635, NULL),
(101, 0.000000, 0.000000, NULL, 23.00, 0.000000, NULL, NULL, 0.000000, 0.000000, 11, 636, NULL),
(102, 0.000000, 0.000000, NULL, 21.00, 0.000000, NULL, NULL, 0.000000, 0.000000, 11, 637, NULL),
(103, 0.000000, 0.000000, 648.000000, 17.00, 0.000000, NULL, NULL, 0.000000, 0.000000, 11, 638, NULL),
(104, 0.000000, 0.000000, 532.000000, 17.00, 0.000000, NULL, NULL, 0.000000, 0.000000, 11, 639, NULL),
(105, 0.000000, 0.000000, 1.000000, 285.00, 0.000000, NULL, NULL, 0.000000, 0.000000, 11, 640, NULL),
(106, 0.000000, 0.000000, 3.500000, 1600.00, 0.000000, NULL, NULL, 0.000000, 0.000000, 11, 641, NULL),
(107, 0.000000, 0.000000, NULL, 1600.00, 0.000000, NULL, NULL, 0.000000, 0.000000, 11, 642, NULL),
(108, 0.000000, 0.000000, NULL, 680.00, 0.000000, NULL, NULL, 0.000000, 0.000000, 11, 643, NULL),
(109, 20.690000, 0.000000, NULL, 47.25, 0.000000, NULL, NULL, 0.000000, 0.000000, 12, 627, NULL),
(110, 0.000000, 0.000000, 24.800000, 57.00, 0.000000, NULL, NULL, 0.000000, 0.000000, 12, 628, NULL),
(111, 359.220000, 0.000000, 294.780000, 34.50, 0.000000, NULL, NULL, 0.000000, 0.000000, 12, 629, NULL),
(112, 46.600000, 0.000000, 46.600000, 67.00, 0.000000, NULL, NULL, 0.000000, 0.000000, 12, 630, NULL),
(113, 1.000000, 0.000000, 1.000000, 1500.00, 0.000000, NULL, NULL, 0.000000, 0.000000, 12, 631, NULL),
(114, 0.000000, 0.000000, NULL, 31.50, 0.000000, NULL, NULL, 0.000000, 0.000000, 12, 632, NULL),
(115, 0.000000, 0.000000, NULL, 67.00, 0.000000, NULL, NULL, 0.000000, 0.000000, 12, 633, NULL),
(116, 84.610000, 0.000000, 37.220000, 53.00, 0.000000, NULL, NULL, 0.000000, 0.000000, 12, 634, NULL),
(117, 0.000000, 0.000000, 18.930000, 55.00, 0.000000, NULL, NULL, 0.000000, 0.000000, 12, 635, NULL),
(118, 0.000000, 0.000000, NULL, 23.00, 0.000000, NULL, NULL, 0.000000, 0.000000, 12, 636, NULL),
(119, 0.000000, 0.000000, NULL, 21.00, 0.000000, NULL, NULL, 0.000000, 0.000000, 12, 637, NULL),
(120, 648.000000, 0.000000, 692.000000, 17.00, 0.000000, NULL, NULL, 0.000000, 0.000000, 12, 638, NULL),
(121, 532.000000, 0.000000, 593.000000, 17.00, 0.000000, NULL, NULL, 0.000000, 0.000000, 12, 639, NULL),
(122, 1.000000, 0.000000, NULL, 285.00, 0.000000, NULL, NULL, 0.000000, 0.000000, 12, 640, NULL),
(123, 3.500000, 0.000000, 1.000000, 1600.00, 0.000000, NULL, NULL, 0.000000, 0.000000, 12, 641, NULL),
(124, 0.000000, 0.000000, NULL, 1600.00, 0.000000, NULL, NULL, 0.000000, 0.000000, 12, 642, NULL),
(125, 0.000000, 0.000000, NULL, 680.00, 0.000000, NULL, NULL, 0.000000, 0.000000, 12, 643, NULL),
(126, 20.690000, 0.000000, NULL, 47.25, 0.000000, NULL, NULL, 0.000000, 0.000000, 13, 627, NULL),
(127, 24.800000, 0.000000, 24.800000, 57.00, 0.000000, NULL, NULL, 0.000000, 0.000000, 13, 628, NULL),
(128, 654.000000, 0.000000, 294.780000, 34.50, 0.000000, NULL, NULL, 0.000000, 0.000000, 13, 629, NULL),
(129, 93.200000, 0.000000, 17.330000, 67.00, 0.000000, NULL, NULL, 0.000000, 0.000000, 13, 630, NULL),
(130, 2.000000, 0.000000, 1.000000, 1500.00, 0.000000, NULL, NULL, 0.000000, 0.000000, 13, 631, NULL),
(131, 0.000000, 0.000000, NULL, 31.50, 0.000000, NULL, NULL, 0.000000, 0.000000, 13, 632, NULL),
(132, 0.000000, 0.000000, NULL, 67.00, 0.000000, NULL, NULL, 0.000000, 0.000000, 13, 633, NULL),
(133, 121.830000, 0.000000, 37.220000, 53.00, 0.000000, NULL, NULL, 0.000000, 0.000000, 13, 634, NULL),
(134, 18.930000, 0.000000, 18.930000, 55.00, 0.000000, NULL, NULL, 0.000000, 0.000000, 13, 635, NULL),
(135, 0.000000, 0.000000, NULL, 23.00, 0.000000, NULL, NULL, 0.000000, 0.000000, 13, 636, NULL),
(136, 0.000000, 0.000000, NULL, 21.00, 0.000000, NULL, NULL, 0.000000, 0.000000, 13, 637, NULL),
(137, 1340.000000, 0.000000, 692.000000, 17.00, 0.000000, NULL, NULL, 0.000000, 0.000000, 13, 638, NULL),
(138, 1125.000000, 0.000000, 593.000000, 17.00, 0.000000, NULL, NULL, 0.000000, 0.000000, 13, 639, NULL),
(139, 1.000000, 0.000000, NULL, 285.00, 0.000000, NULL, NULL, 0.000000, 0.000000, 13, 640, NULL),
(140, 4.500000, 0.000000, 1.000000, 1600.00, 0.000000, NULL, NULL, 0.000000, 0.000000, 13, 641, NULL),
(141, 0.000000, 0.000000, NULL, 1600.00, 0.000000, NULL, NULL, 0.000000, 0.000000, 13, 642, NULL),
(142, 0.000000, 0.000000, NULL, 680.00, 0.000000, NULL, NULL, 0.000000, 0.000000, 13, 643, NULL),
(143, 20.690000, 0.000000, NULL, 47.25, 0.000000, NULL, NULL, 0.000000, 0.000000, 14, 627, NULL),
(144, 49.600000, 0.000000, 24.800000, 57.00, 0.000000, NULL, NULL, 0.000000, 0.000000, 14, 628, NULL),
(145, 948.780000, 0.000000, 294.840000, 34.50, 0.000000, NULL, NULL, 0.000000, 0.000000, 14, 629, NULL),
(146, 110.530000, 0.000000, 17.330000, 67.00, 0.000000, NULL, NULL, 0.000000, 0.000000, 14, 630, NULL),
(147, 3.000000, 0.000000, 1.000000, 1500.00, 0.000000, NULL, NULL, 0.000000, 0.000000, 14, 631, NULL),
(148, 0.000000, 0.000000, NULL, 31.50, 0.000000, NULL, NULL, 0.000000, 0.000000, 14, 632, NULL),
(149, 0.000000, 0.000000, NULL, 67.00, 0.000000, NULL, NULL, 0.000000, 0.000000, 14, 633, NULL),
(150, 159.050000, 0.000000, 37.220000, 53.00, 0.000000, NULL, NULL, 0.000000, 0.000000, 14, 634, NULL),
(151, 37.860000, 0.000000, 18.930000, 55.00, 0.000000, NULL, NULL, 0.000000, 0.000000, 14, 635, NULL),
(152, 0.000000, 0.000000, NULL, 23.00, 0.000000, NULL, NULL, 0.000000, 0.000000, 14, 636, NULL),
(153, 0.000000, 0.000000, NULL, 21.00, 0.000000, NULL, NULL, 0.000000, 0.000000, 14, 637, NULL),
(154, 2032.000000, 0.000000, 692.000000, 17.00, 0.000000, NULL, NULL, 0.000000, 0.000000, 14, 638, NULL),
(155, 1718.000000, 0.000000, 593.000000, 17.00, 0.000000, NULL, NULL, 0.000000, 0.000000, 14, 639, NULL),
(156, 1.000000, 0.000000, NULL, 285.00, 0.000000, NULL, NULL, 0.000000, 0.000000, 14, 640, NULL),
(157, 5.500000, 0.000000, 1.000000, 1600.00, 0.000000, NULL, NULL, 0.000000, 0.000000, 14, 641, NULL),
(158, 0.000000, 0.000000, NULL, 1600.00, 0.000000, NULL, NULL, 0.000000, 0.000000, 14, 642, NULL),
(159, 0.000000, 0.000000, NULL, 680.00, 0.000000, NULL, NULL, 0.000000, 0.000000, 14, 643, NULL),
(160, 20.690000, 0.000000, NULL, 47.25, 0.000000, NULL, NULL, 0.000000, 0.000000, 15, 627, NULL),
(161, 74.400000, 0.000000, 24.800000, 57.00, 0.000000, NULL, NULL, 0.000000, 0.000000, 15, 628, NULL),
(162, 1243.620000, 0.000000, 294.720000, 34.50, 0.000000, NULL, NULL, 0.000000, 0.000000, 15, 629, NULL),
(163, 127.860000, 0.000000, 17.330000, 67.00, 0.000000, NULL, NULL, 0.000000, 0.000000, 15, 630, NULL),
(164, 4.000000, 0.000000, 1.000000, 1500.00, 0.000000, NULL, NULL, 0.000000, 0.000000, 15, 631, NULL),
(165, 0.000000, 0.000000, NULL, 31.50, 0.000000, NULL, NULL, 0.000000, 0.000000, 15, 632, NULL),
(166, 0.000000, 0.000000, NULL, 67.00, 0.000000, NULL, NULL, 0.000000, 0.000000, 15, 633, NULL),
(167, 196.270000, 0.000000, 37.220000, 53.00, 0.000000, NULL, NULL, 0.000000, 0.000000, 15, 634, NULL),
(168, 56.790000, 0.000000, 18.930000, 55.00, 0.000000, NULL, NULL, 0.000000, 0.000000, 15, 635, NULL),
(169, 0.000000, 0.000000, NULL, 23.00, 0.000000, NULL, NULL, 0.000000, 0.000000, 15, 636, NULL),
(170, 0.000000, 0.000000, NULL, 21.00, 0.000000, NULL, NULL, 0.000000, 0.000000, 15, 637, NULL),
(171, 2724.000000, 0.000000, 692.000000, 17.00, 0.000000, NULL, NULL, 0.000000, 0.000000, 15, 638, NULL),
(172, 2311.000000, 0.000000, 593.000000, 17.00, 0.000000, NULL, NULL, 0.000000, 0.000000, 15, 639, NULL),
(173, 1.000000, 0.000000, NULL, 285.00, 0.000000, NULL, NULL, 0.000000, 0.000000, 15, 640, NULL),
(174, 6.500000, 0.000000, 1.000000, 1600.00, 0.000000, NULL, NULL, 0.000000, 0.000000, 15, 641, NULL),
(175, 0.000000, 0.000000, NULL, 1600.00, 0.000000, NULL, NULL, 0.000000, 0.000000, 15, 642, NULL),
(176, 0.000000, 0.000000, NULL, 680.00, 0.000000, NULL, NULL, 0.000000, 0.000000, 15, 643, NULL),
(177, 0.000000, 0.000000, 81.000000, 246.00, 81.000000, NULL, NULL, 19926.000000, 19926.000000, 16, 852, NULL),
(178, 0.000000, 0.000000, 0.000000, 78.00, 0.000000, NULL, NULL, 0.000000, 0.000000, 16, 853, NULL),
(179, 0.000000, 0.000000, 0.000000, 114.00, 0.000000, NULL, NULL, 0.000000, 0.000000, 16, 854, NULL),
(180, 0.000000, 0.000000, 246.490000, 121.00, 246.490000, NULL, NULL, 29825.290000, 29825.290000, 16, 855, NULL),
(181, 0.000000, 0.000000, 0.000000, 1900.00, 0.000000, NULL, NULL, 0.000000, 0.000000, 16, 856, NULL),
(182, 0.000000, 0.000000, 0.000000, 102.00, 0.000000, NULL, NULL, 0.000000, 0.000000, 16, 857, NULL),
(183, 0.000000, 0.000000, 33.730000, 80.00, 33.730000, NULL, NULL, 2698.400000, 2698.400000, 16, 858, NULL),
(184, 0.000000, 0.000000, 106.000000, 26.00, 106.000000, NULL, NULL, 2756.000000, 2756.000000, 16, 859, NULL),
(185, 0.000000, 0.000000, 60.000000, 31.00, 60.000000, NULL, NULL, 1860.000000, 1860.000000, 16, 860, NULL),
(186, 0.000000, 0.000000, 0.000000, 31.00, 0.000000, NULL, NULL, 0.000000, 0.000000, 16, 861, NULL),
(187, 152.450000, 152.450000, 152.450000, 50.00, NULL, NULL, 0.000000, NULL, NULL, 3, 392, NULL),
(188, 462.890000, 462.890000, 221.000000, 107.00, NULL, NULL, 0.000000, NULL, NULL, 3, 393, NULL),
(189, 14.000000, 14.000000, 7.000000, 386.00, NULL, NULL, 0.000000, NULL, NULL, 3, 394, NULL),
(193, 0.000000, 0.000000, 0.000000, 125.00, NULL, NULL, 0.000000, NULL, NULL, 18, 1076, NULL),
(194, 0.000000, 0.000000, 0.000000, 175.00, NULL, NULL, 0.000000, NULL, NULL, 18, 1077, NULL),
(195, 0.000000, 0.000000, 0.000000, 2400.00, NULL, NULL, 0.000000, NULL, NULL, 18, 1078, NULL),
(196, 0.000000, 0.000000, 0.000000, 55.00, NULL, NULL, 0.000000, NULL, NULL, 18, 1079, NULL),
(227, 0.000000, 0.000000, 15.000000, 18.00, 15.000000, 0.000000, 0.000000, 270.000000, 270.000000, 22, 1639, NULL),
(228, 0.000000, 0.000000, 0.000000, 35.00, 0.000000, 0.000000, 0.000000, 0.000000, 0.000000, 22, 1533, NULL),
(229, 0.000000, 0.000000, 0.000000, 32.00, 0.000000, 0.000000, 0.000000, 0.000000, 0.000000, 22, 1534, NULL),
(230, 0.000000, 0.000000, 0.000000, 35.00, 0.000000, 0.000000, 0.000000, 0.000000, 0.000000, 22, 1640, NULL),
(231, 0.000000, 0.000000, 0.000000, 35.00, 0.000000, 0.000000, 0.000000, 0.000000, 0.000000, 22, 1642, NULL),
(232, 0.000000, 0.000000, 0.000000, 24.00, 0.000000, 0.000000, 0.000000, 0.000000, 0.000000, 22, 1645, NULL),
(233, 0.000000, 0.000000, 0.000000, 3.00, 0.000000, 0.000000, 0.000000, 0.000000, 0.000000, 22, 1698, NULL),
(234, 0.000000, 0.000000, 0.000000, 15.00, 0.000000, 0.000000, 0.000000, 0.000000, 0.000000, 22, 1699, NULL),
(235, 0.000000, 0.000000, 0.000000, 15.00, 0.000000, 0.000000, 0.000000, 0.000000, 0.000000, 22, 1700, NULL),
(236, 0.000000, 0.000000, 0.000000, 15.00, 0.000000, 0.000000, 0.000000, 0.000000, 0.000000, 22, 1702, NULL),
(237, 15.000000, 0.000000, 5.000000, 18.00, 5.000000, 0.000000, 0.000000, 90.000000, 630.000000, 23, 1639, NULL),
(238, 0.000000, 0.000000, 0.000000, 35.00, 0.000000, 0.000000, 0.000000, 0.000000, 0.000000, 23, 1533, NULL),
(239, 0.000000, 0.000000, 0.000000, 32.00, 0.000000, 0.000000, 0.000000, 0.000000, 0.000000, 23, 1534, NULL),
(240, 0.000000, 0.000000, 0.000000, 35.00, 0.000000, 0.000000, 0.000000, 0.000000, 0.000000, 23, 1640, NULL),
(241, 0.000000, 0.000000, 0.000000, 35.00, 0.000000, 0.000000, 0.000000, 0.000000, 0.000000, 23, 1642, NULL),
(242, 0.000000, 0.000000, 0.000000, 24.00, 0.000000, 0.000000, 0.000000, 0.000000, 0.000000, 23, 1645, NULL),
(243, 0.000000, 0.000000, 0.000000, 3.00, 0.000000, 0.000000, 0.000000, 0.000000, 0.000000, 23, 1698, NULL),
(244, 0.000000, 0.000000, 0.000000, 15.00, 0.000000, 0.000000, 0.000000, 0.000000, 0.000000, 23, 1699, NULL),
(245, 0.000000, 0.000000, 0.000000, 15.00, 0.000000, 0.000000, 0.000000, 0.000000, 0.000000, 23, 1700, NULL),
(246, 0.000000, 0.000000, 0.000000, 15.00, 0.000000, 0.000000, 0.000000, 0.000000, 0.000000, 23, 1702, NULL),
(247, 20.000000, 0.000000, 10.000000, 18.00, NULL, 10.000000, 0.000000, NULL, NULL, 24, 1639, NULL),
(248, 0.000000, 0.000000, 0.000000, 35.00, NULL, 0.000000, 0.000000, NULL, NULL, 24, 1533, NULL),
(249, 0.000000, 0.000000, 0.000000, 32.00, NULL, 0.000000, 0.000000, NULL, NULL, 24, 1534, NULL),
(250, 0.000000, 0.000000, 0.000000, 35.00, NULL, 0.000000, 0.000000, NULL, NULL, 24, 1640, NULL),
(251, 0.000000, 0.000000, 0.000000, 35.00, NULL, 0.000000, 0.000000, NULL, NULL, 24, 1642, NULL),
(252, 0.000000, 0.000000, 0.000000, 24.00, NULL, 0.000000, 0.000000, NULL, NULL, 24, 1645, NULL),
(253, 0.000000, 0.000000, 0.000000, 3.00, NULL, 0.000000, 0.000000, NULL, NULL, 24, 1698, NULL),
(254, 0.000000, 0.000000, 0.000000, 15.00, NULL, 0.000000, 0.000000, NULL, NULL, 24, 1699, NULL),
(255, 0.000000, 0.000000, 0.000000, 15.00, NULL, 0.000000, 0.000000, NULL, NULL, 24, 1700, NULL),
(256, 0.000000, 0.000000, 0.000000, 15.00, NULL, 0.000000, 0.000000, NULL, NULL, 24, 1702, NULL);

-- --------------------------------------------------------

--
-- Estructura de tabla para la tabla `invoice_item_notes`
--

CREATE TABLE `invoice_item_notes` (
  `id` int(11) NOT NULL,
  `notes` text,
  `date` date DEFAULT NULL,
  `invoice_item_id` int(11) DEFAULT NULL
) ENGINE=InnoDB DEFAULT CHARSET=utf8mb4;

-- --------------------------------------------------------

--
-- Estructura de tabla para la tabla `invoice_notes`
--

CREATE TABLE `invoice_notes` (
  `id` int(11) NOT NULL,
  `notes` text,
  `date` date DEFAULT NULL,
  `invoice_id` int(11) DEFAULT NULL
) ENGINE=InnoDB DEFAULT CHARSET=utf8mb4;

-- --------------------------------------------------------

--
-- Estructura de tabla para la tabla `item`
--

CREATE TABLE `item` (
  `item_id` int(11) NOT NULL,
  `name` varchar(255) DEFAULT NULL,
  `description` varchar(255) DEFAULT NULL,
  `price` float(8,2) DEFAULT NULL,
  `yield_calculation` varchar(50) DEFAULT NULL,
  `status` tinyint(1) DEFAULT NULL,
  `created_at` datetime DEFAULT NULL,
  `updated_at` datetime DEFAULT NULL,
  `unit_id` int(11) DEFAULT NULL,
  `equation_id` int(11) DEFAULT NULL,
  `txn_id` varchar(255) DEFAULT NULL,
  `edit_sequence` varchar(255) DEFAULT NULL
) ENGINE=InnoDB DEFAULT CHARSET=utf8mb4;

--
-- Volcado de datos para la tabla `item`
--

INSERT INTO `item` (`item_id`, `name`, `description`, `price`, `yield_calculation`, `status`, `created_at`, `updated_at`, `unit_id`, `equation_id`, `txn_id`, `edit_sequence`) VALUES
(25, 'CLASS B CONCRETE RETAINING WALL', 'CLASS B CONCRETE RETAINING WALL', 650.00, 'same', 1, '2024-07-08 14:37:28', '2024-07-24 20:12:05', 11, NULL, NULL, NULL),
(26, 'C&G 8x30 IN, TP 2', 'C&G 8x30 IN, TP 2', NULL, 'equation', 1, '2024-07-08 14:59:49', NULL, 12, 8, NULL, NULL),
(27, 'C&G 8x30 IN, TP 7', 'C&G 8x30 IN, TP 7', NULL, 'equation', 1, '2024-07-08 15:00:21', NULL, 12, 8, NULL, NULL),
(28, 'C&G 6x30 IN, TP 2', 'C&G 6x30 IN, TP 2', NULL, 'equation', 1, '2024-07-08 15:01:23', NULL, 12, 9, NULL, NULL),
(29, 'C&G 6x30 IN, TP 7', 'C&G 6x30 IN, TP 7', NULL, 'equation', 1, '2024-07-08 15:01:48', NULL, 12, 9, NULL, NULL),
(30, 'C&G 8x24 IN, TP 2', 'C&G 8x24 IN, TP 2', NULL, 'equation', 1, '2024-07-08 15:05:26', NULL, 12, 10, NULL, NULL),
(31, 'CONC SIDEWALK, 4 IN', 'CONC SIDEWALK, 4 IN', NULL, 'equation', 1, '2024-07-08 15:08:59', '2025-03-31 23:16:21', 13, 11, NULL, NULL),
(32, 'CONC SIDEWALK, 8 IN', 'CONC SIDEWALK, 8 IN', NULL, 'equation', 1, '2024-07-08 15:09:42', NULL, 13, 12, NULL, NULL),
(33, 'CONC DRAINAGE DITCH', 'CONC DRAINAGE DITCH', NULL, 'equation', 1, '2024-07-08 15:22:41', NULL, 12, 13, NULL, NULL),
(34, 'CWM04099 CONC DRIVEWAY, 6 IN', 'CWM04099 CONC DRIVEWAY, 6 IN', 4900.00, 'none', 1, '2024-07-08 16:10:43', NULL, 14, NULL, NULL, NULL),
(35, 'C&G 6X24 IN, TP 2', 'C&G 6X24 IN, TP 2', NULL, 'equation', 1, '2024-07-08 18:30:45', NULL, 12, 14, NULL, NULL),
(36, 'C&G 6X24 IN, TP 7', 'C&G 6X24 IN, TP 7', NULL, 'equation', 1, '2024-07-08 18:31:12', NULL, 12, 14, NULL, NULL),
(37, 'CONC CATCH BASIN TOP & THROAT', 'CONC CATCH BASIN TOP & THROAT', NULL, 'equation', 1, '2024-07-08 18:36:39', NULL, 15, 15, NULL, NULL),
(38, 'CONC DROP INLET', 'CONC DROP INLET', NULL, 'equation', 1, '2024-07-08 18:37:50', NULL, 15, 16, NULL, NULL),
(39, 'DRIVEWAY CONCRETE, 8 IN TK', 'DRIVEWAY CONCRETE, 8 IN TK', 88.00, 'equation', 1, '2024-07-08 19:33:33', '2024-07-24 20:13:13', 13, 12, NULL, NULL),
(40, 'CONC SLOPE DRAIN', 'CONC SLOPE DRAIN', 174.00, 'equation', 1, '2024-07-08 19:39:58', NULL, 13, 18, NULL, NULL),
(41, 'CONC SPILLWAY TP 3', 'CONC SPILLWAY TP 3', 1800.00, 'equation', 1, '2024-07-08 19:39:58', NULL, 15, 20, NULL, NULL),
(42, 'CONC SLOPE PAV, 4 IN', 'CONC SLOPE PAV, 4 IN', 78.00, 'equation', 1, '2024-07-08 19:42:54', '2024-07-24 20:13:55', 13, 11, NULL, NULL),
(43, 'CURB CUT WHEELCHAIR RAMP, 6 IN, TP A, TP B, TP C, TP D', 'CURB CUT WHEELCHAIR RAMP, 6 IN, TP A, TP B, TP C, TP D', 275.00, 'equation', 1, '2024-07-09 15:59:34', NULL, 13, 12, NULL, NULL),
(44, 'CONC MEDIAN, 6 IN', 'CONC MEDIAN, 6 IN', 190.00, 'equation', 1, '2024-07-09 16:36:51', NULL, 13, 22, NULL, NULL),
(45, 'CONC HEADER CURB, 6 IN, TP 2', 'CONC HEADER CURB, 6 IN, TP 2', 90.00, 'equation', 1, '2024-07-09 16:36:51', NULL, 12, 23, NULL, NULL),
(46, 'CONC HEADER CURB, 6 IN, TP 7', 'CONC HEADER CURB, 6 IN, TP 7', 95.00, 'equation', 1, '2024-07-09 16:36:51', NULL, 12, 23, NULL, NULL),
(47, 'CURB CUT WHEELCHAIR RAMP, TP A', 'CURB CUT WHEELCHAIR RAMP, TP A', 2200.00, 'equation', 1, '2024-07-09 16:36:51', NULL, 15, 24, NULL, NULL),
(48, 'CURB CUT WHEELCHAIR RAMP, TP B', 'CURB CUT WHEELCHAIR RAMP, TP B', 2300.00, 'equation', 1, '2024-07-09 16:36:51', NULL, 15, 25, NULL, NULL),
(49, 'CURB CUT WHEELCHAIR RAMP, TP C', 'CURB CUT WHEELCHAIR RAMP, TP C', 2300.00, 'equation', 1, '2024-07-09 16:36:51', NULL, 15, 26, NULL, NULL),
(50, 'CURB CUT WHEELCHAIR RAMP, TP D ', 'CURB CUT WHEELCHAIR RAMP, TP D ', 2100.00, 'same', 1, '2024-07-09 16:36:51', NULL, 15, NULL, NULL, NULL),
(51, 'CLASS B CONC', 'CLASS B CONC', 486.00, 'same', 1, '2024-07-09 16:36:51', NULL, 11, NULL, NULL, NULL),
(52, 'CLASS B CONC, BASE OR PVMT WIDENING', 'CLASS B CONC, BASE OR PVMT WIDENING', 386.00, 'same', 1, '2024-07-09 16:36:51', NULL, 11, NULL, NULL, NULL),
(53, 'ADJUST DROP INLET TO GRADE', 'ADJUST DROP INLET TO GRADE', 3500.00, 'equation', 1, '2024-07-09 18:26:45', NULL, 15, 16, NULL, NULL),
(54, 'RECONSTRUCT MINOR DRAINAGE STRUCTURE', 'RECONSTRUCT MINOR DRAINAGE STRUCTURE', 3500.00, 'same', 1, '2024-07-09 18:26:45', NULL, 15, NULL, NULL, NULL),
(55, 'Test Sidewalk, 4 IN ', 'Test Sidewalk, 4 IN ', 4.00, 'equation', 1, '2024-07-24 20:04:49', NULL, 16, 28, NULL, NULL),
(56, 'REINF CONC SLOPE PAVEMENT', 'REINF CONC SLOPE PAVEMENT', 92.50, 'equation', 1, '2024-10-03 16:41:01', '2025-02-13 17:11:32', 13, 17, NULL, NULL),
(57, 'CONCRETE COMBINED CURB & GUTTER', 'CONCRETE COMBINED CURB & GUTTER', 536.00, 'same', 1, '2024-10-03 16:46:59', NULL, 11, NULL, NULL, NULL),
(58, 'PORTLAND CEMENT CONCRETE DITCH PAVING', 'PORTLAND CEMENT CONCRETE DITCH PAVING', 753.00, 'same', 1, '2024-10-03 16:48:50', NULL, 11, NULL, NULL, NULL),
(59, 'CONCRETE CURB RAMP', 'CONCRETE CURB RAMP', 17.50, 'equation', 1, '2024-10-03 16:50:05', '2025-02-13 17:12:19', 16, 40, NULL, NULL),
(60, 'BOND', 'BOND', 18244.80, 'none', 1, '2024-10-03 16:52:45', NULL, 14, NULL, NULL, NULL),
(61, 'PLAIN CONC DITCH PAVING 4 IN', 'PLAIN CONC DITCH PAVING 4 IN', 61.00, 'equation', 1, '2024-10-03 17:18:34', NULL, 13, 11, NULL, NULL),
(62, 'CONC SPILLWAY SPCL DES', 'CONC SPILLWAY SPCL DES', 5500.00, 'equation', 1, '2024-10-03 17:24:03', NULL, 15, 29, NULL, NULL),
(63, 'CONC MEDIAN, 4 IN', 'CONC MEDIAN, 4 IN', 49.00, 'equation', 1, '2024-10-03 17:26:21', NULL, 13, 11, NULL, NULL),
(64, 'CONC MEDIAN 7 1/2 IN', 'CONC MEDIAN 7 1/2 IN', 129.00, 'equation', 1, '2024-10-03 17:28:28', '2025-02-12 15:31:27', 13, 39, NULL, NULL),
(65, 'C&G 8x24 IN TP 7', 'C&G 8x24 IN TP 7', 31.00, 'equation', 1, '2024-10-03 17:33:54', NULL, 12, 10, NULL, NULL),
(66, 'Conc Driveway, 4 IN', 'Conc Driveway, 4 IN', 32.00, 'equation', 1, '2024-10-04 15:31:21', '2025-02-12 14:17:03', 13, 35, NULL, NULL),
(67, 'Conc Driveway, 8 IN', 'Conc Driveway, 8 IN', 63.00, 'equation', 1, '2024-10-04 15:31:52', '2025-02-12 14:17:39', 13, 36, NULL, NULL),
(68, 'CONC SIDEWALK, 6 IN', 'CONC SIDEWALK, 6 IN', 40.50, 'equation', 1, '2024-10-04 15:33:18', '2025-01-20 20:35:28', 16, 22, NULL, NULL),
(69, 'CONC VALLEY GUTTER, 8 IN', 'CONC VALLEY GUTTER, 8 IN', 50.80, 'equation', 1, '2024-10-04 15:35:06', '2025-01-20 20:24:37', 13, 12, NULL, NULL),
(70, 'CONC HEADER CURB, 10 IN, TP 4', 'CONC HEADER CURB, 10 IN, TP 4', 21.00, 'equation', 1, '2024-10-04 15:36:25', '2025-02-12 14:55:14', 12, 23, NULL, NULL),
(71, 'CONC HEADER CURB, 8X14 IN, TP 2', 'CONC HEADER CURB, 8X14 IN, TP 2', 17.00, 'equation', 1, '2024-10-04 15:38:03', '2025-02-13 17:12:29', 12, 23, NULL, NULL),
(72, 'C&G 8X30 IN, TP2 Machine', 'C&G 8X30 IN, TP2 Machine', 10.80, 'equation', 1, '2024-10-04 16:08:21', NULL, 12, 8, NULL, NULL),
(73, 'C&g 8X30IN, TP7 Machine', 'C&g 8X30IN, TP7 Machine', 10.80, 'equation', 1, '2024-10-04 16:09:32', NULL, 12, 8, NULL, NULL),
(74, 'DRIVEWAY CONCRETE, 6 in tk', 'DRIVEWAY CONCRETE, 6 in tk', 78.00, 'equation', 1, '2024-10-04 18:32:08', '2025-02-13 17:12:38', 13, 22, NULL, NULL),
(75, 'SHARED USE PATH 6 IN CONC', 'SHARED USE PATH 6 IN CONC', 69.00, 'equation', 1, '2024-10-04 18:33:06', '2025-02-13 17:12:59', 16, 41, NULL, NULL),
(76, 'PLAIN PC CONC PVMT, CL 3 CONC, 10 IN', 'PLAIN PC CONC PVMT, CL 3 CONC, 10 IN', 228.00, 'equation', 1, '2024-10-04 19:03:24', '2025-02-12 15:08:10', 13, 38, NULL, NULL),
(77, 'Conc Driveway, 6 IN', 'Conc Driveway, 6 IN', 70.00, 'equation', 1, '2024-10-04 19:13:11', '2025-02-12 14:17:20', 13, 37, NULL, NULL),
(78, 'CONC V GUTTER', 'CONC V GUTTER', 38.00, 'equation', 1, '2024-10-04 19:23:31', '2025-01-20 20:20:28', 12, 30, NULL, NULL),
(79, 'CONC VALLEY GUTTER, 6 IN', 'CONC VALLEY GUTTER, 6 IN', 82.00, 'equation', 1, '2024-10-04 19:25:55', '2025-01-20 20:25:11', 13, 22, NULL, NULL),
(80, 'C&G 8x30 IN, TP 1', 'C&G 8x30 IN, TP 1', 37.00, 'equation', 1, '2024-10-04 19:29:27', NULL, 12, 8, NULL, NULL),
(81, 'C&G 8X30 IN, TP 9', 'C&G 8X30 IN, TP 9', 35.00, 'equation', 1, '2024-10-04 19:31:56', '2025-02-13 17:13:09', 12, 8, NULL, NULL),
(82, 'CONC HEADER CURB, 8 IN', 'CONC HEADER CURB, 8 IN', 34.00, 'equation', 1, '2024-10-10 15:40:38', '2025-02-13 17:13:17', 12, 23, NULL, NULL),
(83, 'CONC HEADER CURB, 8 IN, TP 3', 'CONC HEADER CURB, 8 IN, TP 3', 34.00, 'equation', 1, '2024-10-10 15:42:50', '2025-02-13 17:13:27', 12, 23, NULL, NULL),
(84, 'CONC DOWELED INTERGRAL CURB, TP 7, INCL DOWELS', 'CONC DOWELED INTERGRAL CURB, TP 7, INCL DOWELS', 22.50, 'equation', 1, '2024-10-10 15:44:01', '2025-02-13 17:14:45', 12, 23, NULL, NULL),
(85, 'C&G, 6X30 IN, TP9', 'C&G, 6X30 IN, TP9', 27.00, 'equation', 1, '2024-10-10 15:45:24', '2025-02-13 17:14:58', 12, 9, NULL, NULL),
(86, 'LABOR - CONC SLOPE PAVING 4\"', 'LABOR - CONC SLOPE PAVING 4\"', 161.00, 'none', 1, '2024-10-10 19:02:09', '2025-02-13 17:15:06', 13, NULL, NULL, NULL),
(87, 'Cable Barrier (Concrete Mow Strip)', 'Cable Barrier (Concrete Mow Strip)', 69.00, 'equation', 1, '2024-10-11 13:05:30', '2025-02-13 17:18:24', 12, 42, NULL, NULL),
(88, 'Cable Barrier Terminal (Concrete Mow Strip)', 'Cable Barrier Terminal (Concrete Mow Strip)', 69.00, 'equation', 1, '2024-10-11 13:06:08', '2025-02-13 17:21:04', 12, 42, NULL, NULL),
(89, 'Catch Basin, GP 1, Top and Throat, Including Ring and Cover', 'Catch Basin, GP 1, Top and Throat, Including Ring and Cover', 3700.00, 'equation', 1, '2024-10-11 13:51:33', NULL, 15, 15, NULL, NULL),
(90, 'Drop Inlet, Gp 1, Tops for GDOT Std 1019A and 1019B', 'Drop Inlet, Gp 1, Tops for GDOT Std 1019A and 1019B', 700.00, 'equation', 1, '2024-10-11 13:54:24', NULL, 15, 16, NULL, NULL),
(91, 'V-DITCH', 'V-DITCH', 135.00, 'equation', 1, '2024-10-16 15:20:25', '2025-02-13 17:24:14', 13, 11, NULL, NULL),
(92, 'DITCH BEHIND SOIL NAIL WALLS', 'DITCH BEHIND SOIL NAIL WALLS', 174.00, '', 1, '2024-10-16 15:21:15', NULL, 13, NULL, NULL, NULL),
(93, 'SUB-CONC FLUMES', 'SUB-CONC FLUMES', 184.00, '', 1, '2024-10-16 15:22:54', NULL, 13, NULL, NULL, NULL),
(94, 'V-DITCH WALLKS, 6 IN', 'V-DITCH WALLKS, 6 IN', 111.50, '', 1, '2024-10-16 18:46:09', NULL, 13, NULL, NULL, NULL),
(95, 'ADA SIDEWALK RAMP', 'ADA SIDEWALK RAMP', 1050.00, 'equation', 1, '2024-10-16 18:56:44', '2025-02-13 17:27:40', 15, 25, NULL, NULL),
(96, 'CONC SLOPE DRAIN 5 IN FOR SPILLWAY TP 3', 'CONC SLOPE DRAIN 5 IN FOR SPILLWAY TP 3', 99.00, 'equation', 1, '2024-10-16 18:57:30', '2025-02-13 17:27:21', 13, 17, NULL, NULL),
(97, 'D-33 CIP THROAT & TOP', 'D-33 CIP THROAT & TOP', 350.00, 'equation', 1, '2024-10-16 19:06:31', '2025-02-13 17:27:57', 15, 15, NULL, NULL),
(98, 'D-4 CIP THROAT & TOP', 'D-4 CIP THROAT & TOP', 850.00, 'equation', 1, '2024-10-16 19:07:03', '2025-02-13 17:28:06', 15, 15, NULL, NULL),
(99, 'CATCH BASIN CIP SPILL & TOP SINGLE OR DOUBLE', 'CATCH BASIN CIP SPILL & TOP SINGLE OR DOUBLE', 2100.00, 'equation', 1, '2024-10-16 19:07:55', '2025-02-13 17:28:15', 15, 15, NULL, NULL),
(100, 'FINE GRADING', 'FINE GRADING', 7.00, 'none', 1, '2024-10-16 19:08:17', '2025-02-13 17:28:21', 13, NULL, NULL, NULL),
(101, 'EXTRA CONCRETE', 'EXTRA CONCRETE', 150.00, 'same', 1, '2024-10-16 20:13:42', '2025-02-13 16:58:43', 11, NULL, NULL, NULL),
(102, 'DETECTABLE WARNING STRIPS', 'DETECTABLE WARNING STRIPS', 25.00, 'none', 1, '2024-10-16 20:44:49', '2025-01-20 20:26:03', 16, NULL, NULL, NULL),
(103, 'CONC OPENING NIGHT FEE', 'CONC OPENING NIGHT FEE', 3500.00, 'same', 1, '2024-10-16 20:47:40', NULL, 15, NULL, NULL, NULL),
(104, 'CONC SPILLWAY, ALL TYPES', 'CONC SPILLWAY, ALL TYPES', 2100.00, 'equation', 1, '2024-10-16 20:51:09', '2025-02-13 17:28:30', 15, 20, NULL, NULL),
(105, 'Transition Curbs', 'Transition Curbs', 500.00, '', 1, '2024-10-17 13:00:51', NULL, 15, NULL, NULL, NULL),
(106, 'REINF CONC APPROACH SLAB', 'REINF CONC APPROACH SLAB', 360.00, 'equation', 1, '2024-10-17 13:28:17', '2025-02-13 17:28:38', 13, 31, NULL, NULL),
(107, 'STAMPED CONC, 8 IN SIDEWALK', 'STAMPED CONC, 8 IN SIDEWALK', 207.00, 'equation', 1, '2024-10-17 14:27:43', '2025-02-13 17:28:48', 13, 12, NULL, NULL),
(108, 'COLORED STAMPED CONC, 4 IN SIDEWALK', 'COLORED STAMPED CONC, 4 IN SIDEWALK', 138.00, 'equation', 1, '2024-10-17 19:18:03', '2025-02-13 17:29:33', 13, 11, NULL, NULL),
(109, 'CONC MEDIAN 4 IN (DITCH PAVING UNDER WALLS)', 'CONC MEDIAN 4 IN (DITCH PAVING UNDER WALLS)', 48.00, 'equation', 1, '2024-10-17 19:35:06', '2025-02-13 17:29:42', 13, 11, NULL, NULL),
(110, 'PLAIN CONC DITCH PAVING 4 IN (CONC PUMP TRUCK)', 'PLAIN CONC DITCH PAVING 4 IN (CONC PUMP TRUCK)', 1658.37, 'equation', 1, '2024-10-17 19:36:35', '2025-02-24 21:23:04', 15, 11, NULL, NULL),
(111, 'PLAIN CONC DITCH PAVING 4 IN (EXTRA LABOR)', 'PLAIN CONC DITCH PAVING 4 IN (EXTRA LABOR)', 1200.00, 'none', 1, '2024-10-17 19:38:07', '2025-02-13 16:59:04', 15, NULL, NULL, NULL),
(112, 'CATCH BASIN SPILLWAYS, THROATS, & TOPS (BIGGER TOPS)', 'CATCH BASIN SPILLWAYS, THROATS, & TOPS (BIGGER TOPS)', 3100.00, 'equation', 1, '2024-10-17 19:39:31', '2025-02-19 20:32:20', 15, 15, NULL, NULL),
(113, 'Change order prior to 3-23-23', 'Change order prior to 3-23-23', 66914.00, '', 1, '2024-10-18 14:27:13', NULL, 15, NULL, NULL, NULL),
(114, 'CONC CURB HEADER 3 IN, TP 0', 'CONC CURB HEADER 3 IN, TP 0', 23.00, '', 1, '2024-10-18 17:20:59', NULL, 12, NULL, NULL, NULL),
(115, 'CONC CURB HEADER 4 IN, TP 9', 'CONC CURB HEADER 4 IN, TP 9', 24.00, 'equation', 1, '2024-10-18 17:21:28', '2025-02-13 22:26:29', 12, 23, NULL, NULL),
(116, 'CLASS B CONC (FOR SPILLWAYS)', 'CLASS B CONC (FOR SPILLWAYS)', 350.00, 'same', 1, '2024-10-18 17:32:38', '2025-02-13 17:24:57', 11, NULL, NULL, NULL),
(117, 'CLASS B CONC (FOR FLUMES)', 'CLASS B CONC (FOR FLUMES)', 620.00, 'same', 1, '2024-10-18 17:33:13', '2025-02-13 17:25:01', 11, NULL, NULL, NULL),
(118, 'BAR REINF STEEL (FOR FLUMES)', 'BAR REINF STEEL (FOR FLUMES)', 2.80, '', 1, '2024-10-18 17:34:18', NULL, 12, NULL, NULL, NULL),
(119, 'CONC SPILLWAY TP 1', 'CONC SPILLWAY TP 1', 2300.00, 'equation', 1, '2024-10-18 17:35:14', '2025-01-20 20:38:11', 15, 20, NULL, NULL),
(120, 'CONC SPILLWAY TP 4', 'CONC SPILLWAY TP 4', 2150.00, 'equation', 1, '2024-10-18 17:36:42', '2025-01-20 20:10:43', 15, 20, NULL, NULL),
(121, 'CONC SIDEWALK 6 IN SIDE TRAIL A', 'CONC SIDEWALK 6 IN SIDE TRAIL A', 56.00, '', 1, '2024-10-18 19:04:25', NULL, 13, NULL, NULL, NULL),
(122, 'CLASS A CONC MAIN TRAIL', 'CLASS A CONC MAIN TRAIL', 260.00, 'same', 1, '2024-10-18 19:05:58', '2025-02-13 17:25:07', 11, NULL, NULL, NULL),
(123, 'CHANGE ORDER DEDUCTION', 'CHANGE ORDER DEDUCTION', 19895.05, '', 1, '2024-10-18 19:25:21', NULL, 15, NULL, NULL, NULL),
(124, 'CLASS A CONC INCL REINF STEEL (TURN DOWN SIDEWALK)', 'CLASS A CONC INCL REINF STEEL (TURN DOWN SIDEWALK)', 600.00, 'same', 1, '2024-10-18 19:46:16', '2025-02-13 17:25:12', 11, NULL, NULL, NULL),
(125, 'CONC SIDEWALK 8 IN', 'CONC SIDEWALK 8 IN', 76.00, 'none', 1, '2024-10-18 20:32:23', '2025-03-31 23:23:55', 13, NULL, NULL, NULL),
(126, 'C&G 8X20 IN TP 7', 'C&G 8X20 IN TP 7', 23.00, '', 1, '2024-10-18 21:05:00', NULL, 12, NULL, NULL, NULL),
(127, 'CL B CONC APRONS', 'CL B CONC APRONS', 600.00, 'same', 1, '2024-10-21 14:35:55', '2025-02-13 17:25:16', 11, NULL, NULL, NULL),
(128, 'CONC SPILLWAY TP 2', 'CONC SPILLWAY TP 2', 2400.00, 'equation', 1, '2024-10-21 14:37:17', '2025-01-20 20:10:12', 15, 20, NULL, NULL),
(129, 'C&G 30\"', 'C&G 30\"', 30.00, '', 1, '2024-10-21 15:32:47', NULL, 12, NULL, NULL, NULL),
(130, 'C&G 8x32 IN, TP9', 'C&G 8x32 IN, TP9', 51.00, 'equation', 1, '2024-10-21 16:00:11', '2025-02-10 13:56:39', 12, 32, NULL, NULL),
(131, 'PLAIN PC CONC PVMT, CL 3 CONC, 8 IN TK (STAMPED)', 'PLAIN PC CONC PVMT, CL 3 CONC, 8 IN TK (STAMPED)', 340.00, '', 1, '2024-10-21 16:04:06', NULL, 13, NULL, NULL, NULL),
(132, 'PLAIN PC CONC PVMT, CL 3 CONC, 10 IN TK W/MONOLITHIC CURB FACE 4 IN', 'PLAIN PC CONC PVMT, CL 3 CONC, 10 IN TK W/MONOLITHIC CURB FACE 4 IN', 263.00, '', 1, '2024-10-21 16:04:55', NULL, 13, NULL, NULL, NULL),
(133, 'DETECTABLE WARNING SURFACE', 'DETECTABLE WARNING SURFACE', 56.00, 'none', 1, '2024-10-21 19:20:03', '2025-01-20 20:26:17', 16, NULL, NULL, NULL),
(134, 'JUNCTION BOX', 'JUNCTION BOX', 500.00, '', 1, '2024-10-22 18:55:49', NULL, 15, NULL, NULL, NULL),
(135, 'CONC SIDE BARRIER TP 2 S/ CONC MATERIAL', 'CONC SIDE BARRIER TP 2 S/ CONC MATERIAL', 174.00, '', 1, '2024-10-22 18:56:33', NULL, 12, NULL, NULL, NULL),
(136, 'CONC SLOPE PAV, 6 IN', 'CONC SLOPE PAV, 6 IN', 125.00, '', 1, '2024-10-23 13:47:37', NULL, 13, NULL, NULL, NULL),
(137, 'CLASS A CONC RETAINING WALL', 'CLASS A CONC RETAINING WALL', 1350.00, 'same', 1, '2024-10-23 15:00:35', '2025-02-13 17:25:21', 11, NULL, NULL, NULL),
(138, 'CONC HEADER CURB 4 IN TP1', 'CONC HEADER CURB 4 IN TP1', 38.00, 'equation', 1, '2024-10-23 15:30:46', '2025-02-12 14:53:46', 12, 23, NULL, NULL),
(139, 'BAR REINF STEEL', 'BAR REINF STEEL', 2.85, '', 1, '2024-10-23 17:24:02', '2024-10-23 18:01:06', 17, NULL, NULL, NULL),
(140, 'SUBCONTRACTOR MOBILIZATION', 'SUBCONTRACTOR MOBILIZATION', 6200.00, '', 1, '2024-10-23 17:24:47', NULL, 15, NULL, NULL, NULL),
(141, 'CONC CURB TP 1', 'CONC CURB TP 1', 39.00, '', 1, '2024-10-23 17:41:35', NULL, 12, NULL, NULL, NULL),
(142, 'CONC CURB TP 7', 'CONC CURB TP 7', 32.00, '', 1, '2024-10-23 17:41:52', NULL, 12, NULL, NULL, NULL),
(143, 'CONC CURB TP 9', 'CONC CURB TP 9', 33.00, '', 1, '2024-10-23 17:42:10', NULL, 12, NULL, NULL, NULL),
(144, 'CONCRETE MEDIAN 10 IN', 'CONCRETE MEDIAN 10 IN', 261.00, '', 1, '2024-10-23 17:44:39', NULL, 13, NULL, NULL, NULL),
(145, 'PREFAB HIGHWAY BRIDGE BR NO -1', 'PREFAB HIGHWAY BRIDGE BR NO -1', 20000.00, '', 1, '2024-10-24 15:00:59', NULL, 15, NULL, NULL, NULL),
(146, 'PLAIN PC CONC PVMT CL 3 CONC 6 IN THK', 'PLAIN PC CONC PVMT CL 3 CONC 6 IN THK', 172.00, '', 1, '2024-10-24 17:56:51', '2025-02-12 15:07:52', 13, NULL, NULL, NULL),
(147, 'CONC VALLEY GUTTER WITH CURB 6 IN', 'CONC VALLEY GUTTER WITH CURB 6 IN', 95.00, '', 1, '2024-10-28 15:23:35', NULL, 13, NULL, NULL, NULL),
(148, 'C&G 6X18 IN TP 2', 'C&G 6X18 IN TP 2', 23.50, '', 1, '2024-10-28 15:24:56', NULL, 12, NULL, NULL, NULL),
(149, 'BRICK PAVERS', 'BRICK PAVERS', 8.00, '', 1, '2024-10-28 15:26:29', NULL, 16, NULL, NULL, NULL),
(150, 'CONC GUTTER 6IN', 'CONC GUTTER 6IN', 25.00, '', 1, '2024-10-28 15:31:14', NULL, 12, NULL, NULL, NULL),
(151, 'BRICK PAVERS RESET', 'BRICK PAVERS RESET', 8.00, '', 1, '2024-10-28 15:33:34', NULL, 16, NULL, NULL, NULL),
(152, 'CONC DWL INT CURB TP 7 DOWELS', 'CONC DWL INT CURB TP 7 DOWELS', 23.00, 'none', 1, '2024-10-28 17:45:20', NULL, 12, NULL, NULL, NULL),
(153, '6 IN HEADER CURB', '6 IN HEADER CURB', 19.00, '', 1, '2024-10-28 17:48:23', NULL, 12, NULL, NULL, NULL),
(154, 'PLAIN CONC PVMT CL 3 CONC 10 IN THK & STAMPED', 'PLAIN CONC PVMT CL 3 CONC 10 IN THK & STAMPED', 251.00, 'equation', 1, '2024-10-29 14:40:31', '2025-02-12 15:06:24', 13, 38, NULL, NULL),
(155, 'CONC MEDIA 6 IN (INCLUDES COLOR)', 'CONC MEDIA 6 IN (INCLUDES COLOR)', 164.00, '', 1, '2024-10-29 14:43:09', NULL, 13, NULL, NULL, NULL),
(156, 'CATCH BASIN GP 1 (TOP&THROAT)', 'CATCH BASIN GP 1 (TOP&THROAT)', 1600.00, 'equation', 1, '2024-10-29 18:59:26', '2025-02-19 20:31:16', 15, 15, NULL, NULL),
(157, 'CATCH BASIN GP 2 (TOP&THROAT)', 'CATCH BASIN GP 2 (TOP&THROAT)', 1600.00, 'equation', 1, '2024-10-29 18:59:41', '2025-02-19 20:31:52', 15, 15, NULL, NULL),
(158, 'CONCRETE MEDIAN 6 IN (INCL STAMP &COLORED CONC)', 'CONCRETE MEDIAN 6 IN (INCL STAMP &COLORED CONC)', 109.00, '', 1, '2024-10-29 20:36:19', NULL, 13, NULL, NULL, NULL),
(159, 'DROP INLET GP 1 (TOP SET UP)', 'DROP INLET GP 1 (TOP SET UP)', 200.00, '', 1, '2024-10-29 20:37:58', NULL, 15, NULL, NULL, NULL),
(160, 'STR STEEL', 'STR STEEL', 2.75, '', 1, '2024-11-01 17:47:49', NULL, 17, NULL, NULL, NULL),
(161, 'REMOVE CONC C&G (MISC)', 'REMOVE CONC C&G (MISC)', 40.00, '', 1, '2024-11-04 16:59:55', NULL, 12, NULL, NULL, NULL),
(162, 'INSTALL CONC C&G (MISC)', 'INSTALL CONC C&G (MISC)', 35.00, '', 1, '2024-11-04 17:00:29', NULL, 12, NULL, NULL, NULL),
(163, 'R&R SW 4 IN (CONTINGENCY ITEM)', 'R&R SW 4 IN (CONTINGENCY ITEM)', 17.00, 'equation', 1, '2024-11-04 17:01:12', '2025-02-13 17:26:28', 16, 28, NULL, NULL),
(164, 'R&R CONC DWY APRONS 6IN (CONTINGENCY ITEM)', 'R&R CONC DWY APRONS 6IN (CONTINGENCY ITEM)', 19.00, 'equation', 1, '2024-11-04 17:01:52', '2025-02-13 17:26:17', 16, 41, NULL, NULL),
(165, 'SODDING FOR CURB & SW REPAIRS (CONTINGENCY ITEM)', 'SODDING FOR CURB & SW REPAIRS (CONTINGENCY ITEM)', 22.00, 'none', 1, '2024-11-04 17:02:32', '2025-02-13 17:26:03', 13, NULL, NULL, NULL),
(166, 'DRIVEWAY CONC, 4 IN TK', 'DRIVEWAY CONC, 4 IN TK', 71.00, '', 1, '2024-11-05 15:50:34', NULL, 13, NULL, NULL, NULL),
(167, 'CONC SIDEWALK 4 IN STAMPED', 'CONC SIDEWALK 4 IN STAMPED', 155.00, '', 1, '2024-11-05 15:51:35', NULL, 13, NULL, NULL, NULL),
(168, 'CONC SIDEWALK 8 IN W/RAMPS', 'CONC SIDEWALK 8 IN W/RAMPS', 143.00, '', 1, '2024-11-05 15:52:14', NULL, 13, NULL, NULL, NULL),
(169, 'CONC DRAINAGE FLUME', 'CONC DRAINAGE FLUME', 187.00, '', 1, '2024-11-05 20:15:51', NULL, 13, NULL, NULL, NULL),
(170, 'SPECIAL DESIGN SPILLWAY LOW POINT', 'SPECIAL DESIGN SPILLWAY LOW POINT', 6700.00, '', 1, '2024-11-05 21:26:00', NULL, 15, NULL, NULL, NULL),
(171, 'DAY TIME C&G 8X30 IN TP 2', 'DAY TIME C&G 8X30 IN TP 2', 29.00, 'equation', 1, '2024-11-08 14:56:18', NULL, 12, 8, NULL, NULL),
(172, 'NIGHT TIME C&G 8X30 IN TP 2', 'NIGHT TIME C&G 8X30 IN TP 2', 48.00, 'equation', 1, '2024-11-08 14:56:43', NULL, 12, 8, NULL, NULL),
(173, 'SPECIAL DESIGN CATCH BASIN', 'SPECIAL DESIGN CATCH BASIN', 6000.00, 'none', 1, '2024-11-25 13:02:26', NULL, 15, NULL, NULL, NULL),
(174, 'CONC BRIDGE 6.5\'-LABOR ONLY', 'CONC BRIDGE 6.5\'-LABOR ONLY', 49.00, 'same', 1, '2024-11-25 13:11:23', NULL, 13, NULL, NULL, NULL),
(175, 'PRICE PER PLANS', 'PRICE PER PLANS', 42494.92, 'none', 1, '2024-11-26 16:38:48', NULL, 15, NULL, NULL, NULL),
(176, 'DROP INLET, GP 1', 'DROP INLET, GP 1', 3200.00, '', 1, '2024-11-27 21:03:02', NULL, 15, NULL, NULL, NULL),
(177, 'CONC MEDIAN 4 IN (COLORED & STAMPED)', 'CONC MEDIAN 4 IN (COLORED & STAMPED)', 144.00, '', 1, '2024-12-02 16:11:34', NULL, 13, NULL, NULL, NULL),
(178, 'ROUND ABOUT DIVIDER - MONOLITHIC INTEGRAL CONC MEDIAN 3 IN TP 9', 'ROUND ABOUT DIVIDER - MONOLITHIC INTEGRAL CONC MEDIAN 3 IN TP 9', 12.50, '', 1, '2024-12-02 16:15:20', NULL, 12, NULL, NULL, NULL),
(179, 'CLASS A CONC', 'CLASS A CONC', 1300.00, 'same', 1, '2024-12-02 17:01:25', '2025-02-13 17:25:29', 11, NULL, NULL, NULL),
(180, 'CONC MEDIAN 6 IN TP 2 FACE', 'CONC MEDIAN 6 IN TP 2 FACE', 134.00, '', 1, '2024-12-02 21:09:27', NULL, 13, NULL, NULL, NULL),
(181, 'PLAIN CONC PVMT CL 3 CONC, 10 IN', 'PLAIN CONC PVMT CL 3 CONC, 10 IN', 194.00, 'equation', 1, '2024-12-03 13:44:51', '2025-02-12 15:08:35', 13, 38, NULL, NULL),
(182, 'CONC HEADER CURB 6 IN TP 9', 'CONC HEADER CURB 6 IN TP 9', 30.00, 'equation', 1, '2024-12-03 13:46:52', '2025-02-12 14:54:38', 12, 23, NULL, NULL),
(183, 'TRAFFIC CONTROL', 'TRAFFIC CONTROL', 5000.00, '', 1, '2024-12-04 20:21:22', NULL, 14, NULL, NULL, NULL),
(184, 'CONC HEADER CURB', 'CONC HEADER CURB', 50.00, '', 1, '2024-12-04 21:21:23', NULL, 12, NULL, NULL, NULL),
(185, 'MEDIAN NOSE 6IN', 'MEDIAN NOSE 6IN', 500.00, '', 1, '2024-12-04 21:21:56', NULL, 15, NULL, NULL, NULL),
(186, 'CATCH BASIN TOP', 'CATCH BASIN TOP', 1500.00, 'same', 1, '2024-12-04 21:24:26', '2025-02-19 20:31:38', 15, NULL, NULL, NULL),
(187, 'CONC VALLEY GUTTER WITH CURB 8 IN', 'CONC VALLEY GUTTER WITH CURB 8 IN', 153.00, '', 1, '2024-12-11 19:06:35', NULL, 13, NULL, NULL, NULL),
(188, 'MONOLITHIC INTEGRAL MEDIAN 6IN TK TP 7', 'MONOLITHIC INTEGRAL MEDIAN 6IN TK TP 7', 103.00, '', 1, '2025-01-07 21:11:54', NULL, 13, NULL, NULL, NULL),
(189, 'MONOLITHIC INTEGRAL MEDIAN 3 IN TK TP 1', 'MONOLITHIC INTEGRAL MEDIAN 3 IN TK TP 1', 207.00, '', 1, '2025-01-07 21:12:29', NULL, 13, NULL, NULL, NULL),
(190, 'CONC SIDEWALK 5 IN', 'CONC SIDEWALK 5 IN', 55.00, '', 1, '2025-01-09 03:17:13', NULL, 13, NULL, NULL, NULL),
(191, 'CONC SIDEWALK 8 IN THICK INCLUDING ADA PADS', 'CONC SIDEWALK 8 IN THICK INCLUDING ADA PADS', 95.00, 'equation', 1, '2025-01-09 03:17:58', '2025-02-24 21:04:44', 13, 12, NULL, NULL),
(192, 'CONC MEDIAN 6IN (COLOR AND STAMPED)', 'CONC MEDIAN 6IN (COLOR AND STAMPED)', 117.00, '', 1, '2025-01-09 03:19:27', NULL, 13, NULL, NULL, NULL),
(193, 'CONC HEADER CURB 8IN TP 7', 'CONC HEADER CURB 8IN TP 7', 27.00, 'equation', 1, '2025-01-09 03:20:33', '2025-02-12 14:54:58', 12, 23, NULL, NULL),
(194, '8 IN PORTLAND CEMENT CONCRETE COLOR STAMPED', '8 IN PORTLAND CEMENT CONCRETE COLOR STAMPED', 118.00, '', 1, '2025-01-09 03:23:22', NULL, 13, NULL, NULL, NULL),
(195, 'REMOVAL OF OLD POLES', 'REMOVAL OF OLD POLES', 1500.00, '', 1, '2025-01-09 16:11:35', NULL, 15, NULL, NULL, NULL),
(196, 'CONC SIDEWALK 12 IN INCLUDE REINFORCING STEEL', 'CONC SIDEWALK 12 IN INCLUDE REINFORCING STEEL', 200.00, '', 1, '2025-01-09 18:53:59', NULL, 13, NULL, NULL, NULL),
(197, 'DRIVEWAY CONCRETE 6 IN TK ADA RAMP TYPE B', 'DRIVEWAY CONCRETE 6 IN TK ADA RAMP TYPE B', 90.00, '', 1, '2025-01-09 19:50:04', NULL, 13, NULL, NULL, NULL),
(198, 'CONC DOWELED INTEGRAL CURB 6 IN TP 2 INCLUDES DOWELS', 'CONC DOWELED INTEGRAL CURB 6 IN TP 2 INCLUDES DOWELS', 35.00, '', 1, '2025-01-09 19:52:09', NULL, 12, NULL, NULL, NULL),
(199, 'CLASS B CONC 8 IN TK', 'CLASS B CONC 8 IN TK', 1000.00, '', 1, '2025-01-09 19:53:14', NULL, 13, NULL, NULL, NULL),
(200, 'STRAIGHT GRANITE CURB 5X23 TP C', 'STRAIGHT GRANITE CURB 5X23 TP C', 90.00, '', 1, '2025-01-09 19:59:04', NULL, 13, NULL, NULL, NULL),
(201, 'CONC SWALWS WITH FILLETS', 'CONC SWALWS WITH FILLETS', 8800.00, '', 1, '2025-01-09 21:07:11', NULL, 15, NULL, NULL, NULL),
(202, 'GDOT 30 IN C&G TP 2 PR 7', 'GDOT 30 IN C&G TP 2 PR 7', 24.50, '', 1, '2025-01-09 21:07:57', NULL, 12, NULL, NULL, NULL),
(203, 'CITY OF COMBO C&G 6 IN X 18 IN NORMAL', 'CITY OF COMBO C&G 6 IN X 18 IN NORMAL', 18.50, '', 1, '2025-01-10 13:31:25', NULL, 12, NULL, NULL, NULL),
(204, 'CLASS B INCL REINF STEEL', 'CLASS B INCL REINF STEEL', 700.00, 'same', 1, '2025-01-10 13:33:29', '2025-02-13 17:25:36', 11, NULL, NULL, NULL),
(205, 'CONC FILLET AT INTERSECTION 6 IN DEPTH CLASS A', 'CONC FILLET AT INTERSECTION 6 IN DEPTH CLASS A', 80.00, '', 1, '2025-01-10 13:41:09', NULL, 13, NULL, NULL, NULL),
(206, 'CONC MEDIAN TYPE 1 FACE 4 IN', 'CONC MEDIAN TYPE 1 FACE 4 IN', 140.00, '', 1, '2025-01-10 13:41:53', NULL, 13, NULL, NULL, NULL),
(207, 'CONC SWALE 3 FT W X 6.5 in D. CL A CONC INCL REINFORCED STEEL', 'CONC SWALE 3 FT W X 6.5 in D. CL A CONC INCL REINFORCED STEEL', 80.00, '', 1, '2025-01-10 13:44:41', NULL, 12, NULL, NULL, NULL),
(208, 'CONC SWALE 4 FT W X 6.5 in D. CL A CONC INCL REINFORCED STEEL', 'CONC SWALE 4 FT W X 6.5 in D. CL A CONC INCL REINFORCED STEEL', 100.00, '', 1, '2025-01-10 13:44:59', NULL, 12, NULL, NULL, NULL),
(209, 'CONC FLUME', 'CONC FLUME', 5100.00, '', 1, '2025-01-10 13:55:09', NULL, 15, NULL, NULL, NULL),
(210, 'C&G 18 IN', 'C&G 18 IN', 18.50, '', 1, '2025-01-10 13:56:30', NULL, 12, NULL, NULL, NULL),
(211, '12 IN HEADER CURB', '12 IN HEADER CURB DESCRIPTION', 23.00, '', 1, '2025-01-10 13:57:03', '2025-11-29 00:30:52', 12, NULL, NULL, NULL),
(212, 'VALLEY GUTTER', 'VALLEY GUTTER', 28.00, '', 1, '2025-01-10 13:58:07', NULL, 12, NULL, NULL, NULL),
(213, 'HANDICAP RAMPS', 'HANDICAP RAMPS', 1600.00, '', 1, '2025-01-10 13:58:37', NULL, 15, NULL, NULL, NULL),
(214, 'CONC SIDEWALK TP 1', 'CONC SIDEWALK TP 1', 2800.00, 'equation', 1, '2025-01-10 14:52:07', '2025-01-20 20:29:34', 15, 20, NULL, NULL),
(215, 'CONC SIDEWALK TP 2', 'CONC SIDEWALK TP 2', 2800.00, '', 1, '2025-01-10 14:52:31', NULL, 15, NULL, NULL, NULL),
(216, 'DRIVEWAY CONC 16 IN TK', 'DRIVEWAY CONC 16 IN TK', 50.00, '', 1, '2025-01-10 15:31:04', NULL, 13, NULL, NULL, NULL),
(217, 'PLAIN PC CONC PVMT/CL1C/ 10 TK', 'PLAIN PC CONC PVMT/CL1C/ 10 TK', 90.00, '', 1, '2025-01-10 15:51:22', NULL, 13, NULL, NULL, NULL),
(218, 'CONC HEADER CURB 4 IN TP 9', 'CONC HEADER CURB 4 IN TP 9', 16.00, 'equation', 1, '2025-01-10 16:01:40', '2025-02-12 14:53:07', 12, 23, NULL, NULL),
(219, 'CONC HEADER CURB 4IN TP7', 'CONC HEADER CURB 4IN TP7', 14.50, 'equation', 1, '2025-01-10 16:59:27', '2025-02-12 14:54:05', 12, 23, NULL, NULL),
(220, 'PLAIN CONC DITCH PAVING 8 IN', 'PLAIN CONC DITCH PAVING 8 IN', 24.00, '', 1, '2025-01-10 17:08:48', NULL, 13, NULL, NULL, NULL),
(221, 'CONC MEDIAN 7.5 IN, TP 7 CURB FACE', 'CONC MEDIAN 7.5 IN, TP 7 CURB FACE', 81.00, '', 1, '2025-01-15 14:03:10', NULL, 13, NULL, NULL, NULL),
(222, 'CONC MEDIAN 6 IN DOWELED', 'CONC MEDIAN 6 IN DOWELED', 166.00, '', 1, '2025-01-15 14:13:39', NULL, 13, NULL, NULL, NULL),
(223, 'C&G 6 X 24 IN', 'C&G 6 X 24 IN', 16.50, '', 1, '2025-01-15 15:15:26', NULL, 12, NULL, NULL, NULL),
(224, '6 IN DUMPSTER PAD (DOES NOT INCLUDE CATCH BASIN)', '6 IN DUMPSTER PAD (DOES NOT INCLUDE CATCH BASIN)', 7.50, 'equation', 1, '2025-01-15 15:16:30', '2025-02-19 20:32:05', 16, 41, NULL, NULL),
(225, 'AMENDMENT', 'AMENDMENT', 12616.00, '', 1, '2025-01-15 15:17:21', NULL, 15, NULL, NULL, NULL),
(226, 'REMOVE & REPLACE W/ TP B RAMPS', 'REMOVE & REPLACE W/ TP B RAMPS', 3800.00, '', 1, '2025-01-15 16:29:28', NULL, 15, NULL, NULL, NULL),
(227, 'C&G 8X24 IN TP 3', 'C&G 8X24 IN TP 3', 77.00, '', 1, '2025-01-15 16:30:45', NULL, 12, NULL, NULL, NULL),
(228, 'ADA PADS', 'ADA PADS', 85.00, '', 1, '2025-01-15 16:31:03', NULL, 13, NULL, NULL, NULL),
(229, 'CLASS B CONC (CONC MEDIAN)', 'CLASS B CONC (CONC MEDIAN)', 145.00, '', 1, '2025-01-15 16:41:21', NULL, 13, NULL, NULL, NULL),
(230, 'INSTALL CURB CUT HANDICAP RAMPS', 'INSTALL CURB CUT HANDICAP RAMPS', 24600.00, '', 1, '2025-01-15 20:32:49', NULL, 14, NULL, NULL, NULL),
(231, 'CONC DOWELED INTEGRAL CURB TP 2 INCLUDING DOWELS', 'CONC DOWELED INTEGRAL CURB TP 2 INCLUDING DOWELS', 50.00, '', 1, '2025-01-16 00:56:06', NULL, 12, NULL, NULL, NULL),
(232, 'REMOVE ROADWAY SLAB', 'REMOVE ROADWAY SLAB', 50.00, '', 1, '2025-01-16 00:57:44', NULL, 13, NULL, NULL, NULL),
(233, 'REMOVE CONC HEADER CURB, ALL SIZES', 'REMOVE CONC HEADER CURB, ALL SIZES', 49.00, '', 1, '2025-01-16 00:58:18', NULL, 12, NULL, NULL, NULL),
(234, 'GRADING COMPLETE', 'GRADING COMPLETE', 10000.00, '', 1, '2025-01-16 13:56:05', NULL, 14, NULL, NULL, NULL),
(235, 'PLAIN PC CONC PVMT CL 3 CONC 10 IN TK', 'PLAIN PC CONC PVMT CL 3 CONC 10 IN TK', 289.00, 'equation', 1, '2025-01-16 19:19:05', '2025-02-12 15:06:58', 13, 38, NULL, NULL),
(236, 'CONC DOWELED INTEGRAL CURBB TP 1 INCL D', 'CONC DOWELED INTEGRAL CURBB TP 1 INCL D', 33.00, '', 1, '2025-01-16 19:20:40', NULL, 12, NULL, NULL, NULL),
(237, 'CONC HEADER CURB 6 IN TP 2', 'CONC HEADER CURB 6 IN TP 2', 22.00, 'equation', 1, '2025-01-16 21:51:14', '2025-02-12 14:54:19', 12, 23, NULL, NULL),
(238, 'FLUSH CONC HEADER CURB 6 IN TP 2', 'FLUSH CONC HEADER CURB 6 IN TP 2', 23.00, '', 1, '2025-01-16 21:51:44', NULL, 12, NULL, NULL, NULL),
(239, 'CONC RISERS', 'CONC RISERS', 1500.00, '', 1, '2025-01-16 21:52:12', NULL, 15, NULL, NULL, NULL),
(240, 'STAMPED CONC WITH COLOR', 'STAMPED CONC WITH COLOR', 101.00, '', 1, '2025-01-16 23:23:17', NULL, 13, NULL, NULL, NULL),
(241, 'CONC SIDEWALK 4 IN (INCLUDING BENCH PADS)', 'CONC SIDEWALK 4 IN (INCLUDING BENCH PADS)', 33.00, '', 1, '2025-01-16 23:38:08', NULL, 13, NULL, NULL, NULL),
(242, 'STAMPED BRICK PAVERS 2\'X5\'', 'STAMPED BRICK PAVERS 2\'X5\'', 12.00, '', 1, '2025-01-16 23:39:17', NULL, 16, NULL, NULL, NULL),
(243, 'LABOR CONC FINISH (LMC)', 'LABOR CONC FINISH (LMC)', 1550.00, '', 1, '2025-01-17 01:13:03', NULL, 15, NULL, NULL, NULL),
(244, 'APP SLAB LABOR (POUR & FINISHED)', 'APP SLAB LABOR (POUR & FINISHED)', 118.00, '', 1, '2025-01-17 01:30:39', NULL, 13, NULL, NULL, NULL),
(245, 'CONC FINISHER - LMC', 'CONC FINISHER - LMC', 1550.00, '', 1, '2025-01-17 01:37:50', NULL, 15, NULL, NULL, NULL),
(246, 'CONC FORMING AND FINISH. LABOR ONLY', 'CONC FORMING AND FINISH. LABOR ONLY', 30000.00, '', 1, '2025-01-20 13:51:14', NULL, 15, NULL, NULL, NULL),
(247, '24 HOUR ACCELERATED CONC BRIDGE BARRIER', '24 HOUR ACCELERATED CONC BRIDGE BARRIER', 300.00, 'same', 1, '2025-01-20 14:58:25', '2025-02-13 17:25:41', 11, NULL, NULL, NULL),
(248, 'LABOR FORCE SUPPORT COMPOSITE DECK', 'LABOR FORCE SUPPORT COMPOSITE DECK', 8950.00, '', 1, '2025-01-20 15:16:46', NULL, 21, NULL, NULL, NULL),
(249, 'REINF CONC APPROACH SLAB INCL CURB', 'REINF CONC APPROACH SLAB INCL CURB', 350.00, 'equation', 1, '2025-01-20 15:35:20', '2025-01-20 20:54:11', 13, 31, NULL, NULL),
(250, 'REINF CONC APPROACH SLAB, INCL SLOPED EDGE', 'REINF CONC APPROACH SLAB, INCL SLOPED EDGE', 254.00, 'equation', 1, '2025-01-20 19:24:28', '2025-01-20 20:54:03', 13, 31, NULL, NULL),
(251, 'TRAINING HOURS', 'TRAINING HOURS', 0.80, 'none', 1, '2025-01-23 21:31:51', NULL, 24, NULL, NULL, NULL),
(252, 'PLAIN CONC DITCH PAVING 6 IN', 'PLAIN CONC DITCH PAVING 6 IN', 103.00, 'equation', 1, '2025-01-23 21:57:38', '2025-01-24 15:08:47', 13, 22, NULL, NULL),
(253, 'TEMPORARY CONC DOWELED INTEGRAL CURB TP 2', 'TEMPORARY CONC DOWELED INTEGRAL CURB TP 2', 30.00, '', 1, '2025-01-30 18:37:39', NULL, 12, NULL, NULL, NULL),
(254, 'CL B CONC (ML FLUME)', 'CL B CONC (ML FLUME)', 600.00, 'same', 1, '2025-01-30 22:23:43', '2025-02-13 17:25:47', 11, NULL, NULL, NULL),
(255, 'CL B CONC (POND FLUME)', 'CL B CONC (POND FLUME)', 600.00, 'same', 1, '2025-01-30 22:24:09', '2025-02-13 17:24:38', 11, NULL, NULL, NULL),
(256, 'REINF CONC APP SLAB - NO STEEL', 'REINF CONC APP SLAB - NO STEEL', 163.00, 'equation', 1, '2025-01-30 22:25:05', '2025-02-13 17:09:42', 13, 31, NULL, NULL),
(257, 'PLAIN PC CONC PVMT CL 3 CONC 10 IN TK (COLOR CONC)', 'PLAIN PC CONC PVMT CL 3 CONC 10 IN TK (COLOR CONC)', 214.00, 'equation', 1, '2025-01-31 14:58:05', '2025-02-12 15:07:13', 13, 38, NULL, NULL),
(258, 'CONC MEDIAN 6 IN (INCL 6 IN BUFFER STAMPED & COLOR)', 'CONC MEDIAN 6 IN (INCL 6 IN BUFFER STAMPED & COLOR)', 125.00, 'equation', 1, '2025-01-31 15:00:24', '2025-02-13 17:09:54', 13, 22, NULL, NULL),
(259, 'CLASS B CONC 5 IN (GREENBELT TRAIL)', 'CLASS B CONC 5 IN (GREENBELT TRAIL)', 385.00, 'same', 1, '2025-01-31 15:02:35', '2025-02-13 17:10:07', 11, NULL, NULL, NULL),
(260, 'CATCH BASIN GP 1', 'CATCH BASIN GP 1', 2100.00, 'equation', 1, '2025-01-31 15:04:21', '2025-02-13 17:10:18', 15, 15, NULL, NULL),
(261, 'REIN CONC APPROACH SLAB - BRIDGE 1', 'REIN CONC APPROACH SLAB - BRIDGE 1', 289.00, 'equation', 1, '2025-02-03 21:30:29', '2025-02-12 14:35:27', 13, 31, NULL, NULL),
(262, 'STRAIGHT GRANITE CURB, 5 IN X 17 IN, TP B', 'STRAIGHT GRANITE CURB, 5 IN X 17 IN, TP B', 44.75, 'equation', 1, '2025-02-03 21:49:36', '2025-02-13 17:10:28', 12, 34, NULL, NULL),
(263, 'REIN CONC APPROACH SLAB - BRIDGE 2', 'REIN CONC APPROACH SLAB - BRIDGE 2', 313.00, 'equation', 1, '2025-02-03 21:54:10', '2025-02-12 14:35:50', 13, 31, NULL, NULL),
(264, 'REIN CONC APPROACH - BRIDGE 3', 'REIN CONC APPROACH - BRIDGE 3', 313.00, 'equation', 1, '2025-02-03 21:54:39', '2025-02-13 17:10:37', 13, 31, NULL, NULL),
(266, 'LOST CONCRETE', 'LOST CONCRETE', 0.00, 'none', 1, '2025-02-05 18:32:17', NULL, 11, NULL, NULL, NULL),
(268, 'CONC VALLEY CUTTER 8 IN TK', 'CONC VALLEY CUTTER 8 IN TK', 112.00, 'equation', 1, '2025-02-05 19:31:11', '2025-02-13 16:19:37', 13, 12, NULL, NULL),
(269, 'CITY STD WHEELCHAIR RAMP 6 IN TK W/DETECT', 'CITY STD WHEELCHAIR RAMP 6 IN TK W/DETECT', 68.00, 'equation', 1, '2025-02-10 21:16:58', NULL, 13, 22, NULL, NULL),
(270, 'STANDARD SIDEWALK FLUME -24\"', 'STANDARD SIDEWALK FLUME -24\"', 800.00, 'equation', 1, '2025-02-10 21:21:23', NULL, 12, 33, NULL, NULL),
(271, 'CIRCULAR GRANITE CURB, 5X17 IN, TP B', 'CIRCULAR GRANITE CURB, 5X17 IN, TP B', 82.00, 'equation', 1, '2025-02-10 21:32:17', NULL, 12, 34, NULL, NULL),
(272, 'CONC V GUTTER FOR WALL', 'CONC V GUTTER FOR WALL', 31.50, 'equation', 1, '2025-02-11 21:22:24', '2025-02-13 16:18:34', 12, 30, NULL, NULL),
(273, 'CONC DITCH PAVING 4 IN (FOR MEDIAN)', 'CONC DITCH PAVING 4 IN (FOR MEDIAN)', 43.00, 'equation', 1, '2025-02-11 21:23:16', '2025-02-13 16:19:25', 13, 11, NULL, NULL),
(274, 'CONC MEDIAN CAP 4 IN', 'CONC MEDIAN CAP 4 IN', 68.00, 'equation', 1, '2025-02-11 21:24:36', '2025-02-13 16:19:03', 13, 11, NULL, NULL),
(275, 'REIN CONC APPROACH SLAB - BRIDGE 3', 'REIN CONC APPROACH SLAB - BRIDGE 3', 313.00, 'equation', 1, '2025-02-12 13:36:46', '2025-02-12 14:36:13', 13, 31, NULL, NULL),
(276, 'C&G CONCRETE ACCELERATED SCHEDULE', 'C&G CONCRETE ACCELERATED SCHEDULE', 20000.00, 'none', 1, '2025-02-13 14:14:34', NULL, 14, NULL, NULL, NULL),
(278, 'PLAIN PC CONC PVMT, CL 3 CONC', 'PLAIN PC CONC PVMT, CL 3 CONC', 166.00, 'equation', 1, '2025-02-13 21:12:16', '2025-02-24 21:22:40', 13, 38, NULL, NULL),
(282, 'C&G 6X24IN, TP 1', 'C&G 6X24IN, TP 1', 19.50, 'equation', 1, '2025-02-17 13:58:08', NULL, 12, 14, NULL, NULL),
(283, 'CONC SIDEWALK 4 in (W/WWF REINF)', 'CONC SIDEWALK 4 in (W/WWF REINF)', 52.50, '', 1, '2025-02-25 21:04:44', NULL, 13, NULL, NULL, NULL),
(284, 'CONC SIDEWALK FLUME (DOES NOT INCLUDE FLUME HARDWARE)', 'CONC SIDEWALK FLUME (DOES NOT INCLUDE FLUME HARDWARE)', 800.00, 'none', 1, '2025-02-25 21:07:54', NULL, 15, NULL, NULL, NULL),
(285, 'CONC PAVING 6 IN', 'CONC PAVING 6 IN', 77.00, '', 1, '2025-02-25 21:08:57', NULL, 13, NULL, NULL, NULL),
(286, 'CONC PAVING 6 IN (REINF)', 'CONC PAVING 6 IN (REINF)', 98.50, '', 1, '2025-02-25 21:09:30', NULL, 13, NULL, NULL, NULL),
(287, 'C&G 6X24 IN', 'C&G 6X24 IN', 38.00, 'none', 1, '2025-02-27 21:30:10', NULL, 12, NULL, NULL, NULL),
(288, 'REINF CONC APPROACH SLAB, 10 IN', 'REINF CONC APPROACH SLAB, 10 IN', 135.00, '', 1, '2025-02-28 14:45:25', NULL, 13, NULL, NULL, NULL),
(289, 'LABOR FOR TYING STEEL', 'LABOR FOR TYING STEEL', 5300.00, '', 1, '2025-02-28 14:45:59', NULL, 21, NULL, NULL, NULL),
(290, 'PUMP TRUCK', 'PUMP TRUCK', 2400.00, '', 1, '2025-02-28 14:46:32', NULL, 15, NULL, NULL, NULL),
(291, 'CONC SIDEWALK 4 IN', 'CONC SIDEWALK 4 IN', 50.00, '', 1, '2025-03-03 21:52:40', NULL, 13, NULL, NULL, NULL),
(292, 'REPAIR CONC C&G 6X34 TO 8X30', 'REPAIR CONC C&G 6X34 TO 8X30', 45.00, '', 1, '2025-03-03 21:54:38', NULL, 12, NULL, NULL, NULL),
(293, 'CURB CUT WHEELCHAIR RAMPS ALL TYPES', 'CURB CUT WHEELCHAIR RAMPS ALL TYPES', 2350.00, '', 1, '2025-03-03 21:55:47', NULL, 15, NULL, NULL, NULL),
(294, 'REM CONC CURB ALL SIZES', 'REM CONC CURB ALL SIZES', 40.00, '', 1, '2025-03-03 21:56:35', NULL, 12, NULL, NULL, NULL),
(295, 'REM CONC SIDEWALK', 'REM CONC SIDEWALK', 50.00, '', 1, '2025-03-03 21:58:26', NULL, 13, NULL, NULL, NULL),
(296, 'Test Quickbooks', 'Test Quickbooks', NULL, 'none', 1, '2025-07-20 19:27:45', NULL, 19, NULL, NULL, NULL),
(297, 'Test 2 upd', 'Test 2 upd', NULL, 'none', 1, '2025-07-20 19:28:37', '2025-09-01 01:31:47', 23, NULL, NULL, NULL),
(298, 'test', 'test', 34.00, 'none', 1, '2025-09-19 01:52:32', NULL, NULL, NULL, NULL, NULL),
(299, 'test h', 'test h', 34.00, 'none', 1, '2025-09-19 01:55:16', NULL, NULL, NULL, NULL, NULL),
(300, 'Test quote', 'Test quote', 150.00, 'none', 1, '2025-10-31 01:31:34', NULL, 20, NULL, NULL, NULL),
(301, 'Test 2 upd 33', 'Test 2 upd 33', 1.00, 'none', 1, '2025-11-06 23:45:49', NULL, 20, NULL, NULL, NULL),
(302, 'Test Q', NULL, 100.00, 'none', 1, '2025-11-29 00:31:53', NULL, 20, NULL, NULL, NULL);

-- --------------------------------------------------------

--
-- Estructura de tabla para la tabla `log`
--

CREATE TABLE `log` (
  `log_id` int(11) NOT NULL,
  `operation` varchar(255) DEFAULT NULL,
  `category` varchar(255) DEFAULT NULL,
  `description` text,
  `ip` varchar(50) DEFAULT NULL,
  `created_at` datetime DEFAULT NULL,
  `user_id` int(11) DEFAULT NULL
) ENGINE=InnoDB DEFAULT CHARSET=latin1;

--
-- Volcado de datos para la tabla `log`
--

INSERT INTO `log` (`log_id`, `operation`, `category`, `description`, `ip`, `created_at`, `user_id`) VALUES
(2, 'Update', 'Rol', 'The rol is modified: Administrator', '::1', '2024-04-12 17:15:24', 1),
(3, 'Update', 'Rol', 'The rol is modified: User', '::1', '2024-04-12 17:15:29', 1),
(4, 'Update', 'Rol', 'The rol is modified: User', '::1', '2024-04-12 17:15:39', 1),
(5, 'Update', 'User', 'The user is modified: Administrator Concrete', '::1', '2024-04-12 18:37:27', 1),
(6, 'Add', 'Unit', 'The unit is added: CU', '::1', '2024-04-12 19:46:36', 1),
(7, 'Update', 'Unit', 'The unit is modified: CU', '::1', '2024-04-12 19:46:41', 1),
(8, 'Delete', 'Unit', 'The unit is deleted: CU', '::1', '2024-04-12 19:46:45', 1),
(9, 'Add', 'Item', 'The item is added: CONC MEDIAN 4IN', '::1', '2024-04-12 20:18:17', 1),
(10, 'Add', 'Item', 'The item is added: CONC MEDIAN 6IN', '::1', '2024-04-12 20:18:40', 1),
(11, 'Add', 'Item', 'The item is added: CONCRETE V GUTTER', '::1', '2024-04-12 20:19:00', 1),
(12, 'Add', 'Item', 'The item is added: CONC VALLEY GUTTER 6IN', '::1', '2024-04-12 20:19:26', 1),
(13, 'Add', 'Item', 'The item is added: CONC VALLEY GUTTER 8IN', '::1', '2024-04-12 20:19:51', 1),
(14, 'Add', 'Item', 'The item is added: CONC CURB & GUTTEER 8INX30IN TP2', '::1', '2024-04-12 20:20:29', 1),
(15, 'Add', 'Item', 'The item is added: CONC CURB & GUTTEER 8INX30IN TP7', '::1', '2024-04-12 20:22:07', 1),
(16, 'Add', 'Item', 'The item is added: CLASS B CONCRETE', '::1', '2024-04-12 20:22:31', 1),
(17, 'Add', 'Item', 'The item is added: CLASS B CONCRETE, INCL REINF STEEL', '::1', '2024-04-12 20:23:08', 1),
(18, 'Add', 'Item', 'The item is added: CLASS B CONC, BASE OR PVMT WIDENING', '::1', '2024-04-12 20:23:35', 1),
(19, 'Add', 'Item', 'The item is added: BAR REINF. STEEL ', '::1', '2024-04-12 20:23:52', 1),
(20, 'Add', 'Item', 'The item is added: CONC DRIVEWAY 8IN', '::1', '2024-04-12 20:24:09', 1),
(21, 'Add', 'Item', 'The item is added: CONC SLOPE DRAIN ', '::1', '2024-04-12 20:24:29', 1),
(22, 'Add', 'Item', 'The item is added: CONC SIDEWALK 4IN', '::1', '2024-04-12 20:25:08', 1),
(23, 'Add', 'Item', 'The item is added: CONC SIDEWALK 8IN', '::1', '2024-04-12 20:25:30', 1),
(24, 'Add', 'Item', 'The item is added: CONC SPILLWAY TP3', '::1', '2024-04-12 20:25:50', 1),
(25, 'Add', 'Item', 'The item is added: PLAIN CONC DITCH PAVING', '::1', '2024-04-12 20:26:54', 1),
(26, 'Add', 'Item', 'The item is added: EXTRA CONCRETE', '::1', '2024-04-12 20:27:17', 1),
(27, 'Add', 'Item', 'The item is added: EXTRA LABOR', '::1', '2024-04-12 20:27:37', 1),
(28, 'Add', 'Item', 'The item is added: Cubic Yards of Concrete', '::1', '2024-04-12 20:28:15', 1),
(29, 'Add', 'Inspector', 'The inspector is added: Carlos Magill', '::1', '2024-04-13 00:03:19', 1),
(30, 'Update', 'Inspector', 'The inspector is modified: Carlos Magill', '::1', '2024-04-13 00:03:44', 1),
(31, 'Update', 'Inspector', 'The inspector is modified: Carlos Magill', '::1', '2024-04-13 00:03:50', 1),
(32, 'Add', 'Contractor', 'The contractor is added: CONTRACTOR, INC', '::1', '2024-04-13 19:10:41', 1),
(33, 'Update', 'Contractor', 'The contractor is modified: CONTRACTOR, INC', '::1', '2024-04-13 19:16:11', 1),
(34, 'Update', 'Contractor', 'The contractor is modified: CONTRACTOR, INC', '::1', '2024-04-13 19:54:24', 1),
(35, 'Add', 'Contractor', 'The contractor is added: Disrupsoft', '::1', '2024-04-13 23:00:10', 1),
(36, 'Delete', 'Contractor', 'The contractor is deleted: Disrupsoft', '::1', '2024-04-13 23:00:20', 1),
(37, 'Update', 'Item', 'The item is modified: Cubic Yards of Concrete', '::1', '2024-04-14 17:54:52', 1),
(38, 'Add', 'Project', 'The project is added: FL COUNTY', '::1', '2024-04-14 20:24:53', 1),
(39, 'Add', 'Project Item Details', 'The item is add: PLAIN CONC DITCH PAVING', '::1', '2024-04-14 21:55:05', 1),
(40, 'Update', 'Project Item Details', 'The item is modified: PLAIN CONC DITCH PAVING', '::1', '2024-04-14 22:15:53', 1),
(41, 'Add', 'Project Item Details', 'The item is add: CLASS B CONC, BASE OR PVMT WIDENING', '::1', '2024-04-14 22:21:23', 1),
(42, 'Delete', 'Item Project', 'The item details project is deleted: CLASS B CONC, BASE OR PVMT WIDENING', '::1', '2024-04-14 22:21:30', 1),
(43, 'Add', 'Project Item Details', 'The item is add: CLASS B CONCRETE', '::1', '2024-04-16 18:38:12', 1),
(44, 'Delete', 'Item Project', 'The item details project is deleted: CLASS B CONCRETE', '::1', '2024-04-16 18:39:12', 1),
(45, 'Add', 'Project Item Details', 'The item is add: CLASS B CONCRETE', '::1', '2024-04-16 18:39:28', 1),
(46, 'Update', 'Project Item Details', 'The item is modified: CLASS B CONCRETE', '::1', '2024-04-16 18:39:38', 1),
(47, 'Delete', 'Item Project', 'The item details project is deleted: CLASS B CONCRETE', '::1', '2024-04-16 18:39:42', 1),
(48, 'Add', 'Project Item Details', 'The item is add: CLASS B CONCRETE', '::1', '2024-04-16 18:39:48', 1),
(49, 'Add', 'Project Item Details', 'The item is add: CONC MEDIAN 4IN', '::1', '2024-04-16 18:44:17', 1),
(50, 'Add', 'Project Item Details', 'The item is add: CONC MEDIAN 4IN', '::1', '2024-04-16 18:44:29', 1),
(51, 'Add', 'Project Item Details', 'The item is add: CONC SPILLWAY TP3', '::1', '2024-04-16 18:44:39', 1),
(52, 'Add', 'Project Item Details', 'The item is add: EXTRA LABOR', '::1', '2024-04-16 18:48:15', 1),
(53, 'Add', 'Invoice', 'The invoice #1 is added', '::1', '2024-04-23 02:39:04', 1),
(54, 'Delete', 'Invoice', 'The invoice #1 is deleted', '::1', '2024-04-23 02:41:16', 1),
(55, 'Add', 'Invoice', 'The invoice #1 is added', '::1', '2024-04-23 04:14:51', 1),
(56, 'Delete', 'Invoice', 'The invoice #1 is deleted', '::1', '2024-04-23 04:19:45', 1),
(57, 'Add', 'Invoice', 'The invoice #1 is added', '::1', '2024-04-23 04:21:25', 1),
(58, 'Update', 'Invoice', 'The invoice #1 is modified', '::1', '2024-04-23 04:21:35', 1),
(59, 'Update', 'Invoice', 'The invoice #1 is modified', '::1', '2024-04-23 17:43:33', 1),
(60, 'Update', 'Invoice', 'The invoice #1 is modified', '::1', '2024-04-23 19:01:16', 1),
(61, 'Add', 'Project Item Details', 'The item is add: CLASS B CONCRETE', '::1', '2024-04-23 19:35:31', 1),
(62, 'Add', 'Project Item Details', 'The item is add: CONC MEDIAN 6IN', '::1', '2024-04-23 19:35:45', 1),
(63, 'Add', 'Invoice', 'The invoice #2 is added', '::1', '2024-04-23 19:36:18', 1),
(64, 'Add', 'Project Item Details', 'The item is add: CONC CURB & GUTTEER 8INX30IN TP2', '::1', '2024-04-23 19:37:31', 1),
(65, 'Add', 'Project Item Details', 'The item is add: CLASS B CONCRETE', '::1', '2024-04-23 19:37:44', 1),
(66, 'Add', 'Project Item Details', 'The item is add: CONC SPILLWAY TP3', '::1', '2024-04-23 19:37:55', 1),
(67, 'Add', 'Project Item Details', 'The item is add: Cubic Yards of Concrete', '::1', '2024-04-23 19:38:09', 1),
(68, 'Update', 'Project Item Details', 'The item is modified: Cubic Yards of Concrete', '::1', '2024-04-23 19:38:20', 1),
(69, 'Add', 'Project Item Details', 'The item is add: CONC CURB & GUTTEER 8INX30IN TP7', '::1', '2024-04-23 19:38:51', 1),
(70, 'Add', 'Project Item Details', 'The item is add: CONC SIDEWALK 4IN', '::1', '2024-04-23 19:39:02', 1),
(71, 'Add', 'Project Item Details', 'The item is add: CONC DRIVEWAY 8IN', '::1', '2024-04-23 19:39:19', 1),
(72, 'Add', 'Project Item Details', 'The item is add: Cubic Yards of Concrete', '::1', '2024-04-23 19:39:35', 1),
(73, 'Add', 'Invoice', 'The invoice #3 is added', '::1', '2024-04-23 19:40:22', 1),
(74, 'Add', 'Invoice', 'The invoice #4 is added', '::1', '2024-04-23 19:40:44', 1),
(75, 'Add', 'Project', 'The project is added: FL MIAMI', '::1', '2024-04-24 04:20:22', 1),
(76, 'Add', 'Project Item Details', 'The item is add: CONC SLOPE DRAIN ', '::1', '2024-04-24 04:20:56', 1),
(77, 'Add', 'Project Item Details', 'The item is add: CONC CURB & GUTTEER 8INX30IN TP2', '::1', '2024-04-24 04:21:06', 1),
(78, 'Add', 'Invoice', 'The invoice #5 is added', '::1', '2024-04-24 04:21:24', 1),
(79, 'Add', 'Contractor', 'The contractor is added: CONTRACTOR TWO , INC', '::1', '2024-04-24 04:23:31', 1),
(80, 'Add', 'Project', 'The project is added: Houston Texas', '::1', '2024-04-24 04:24:02', 1),
(81, 'Add', 'Project Item Details', 'The item is add: CONC CURB & GUTTEER 8INX30IN TP2', '::1', '2024-04-24 04:24:23', 1),
(82, 'Add', 'Project Item Details', 'The item is add: CONC VALLEY GUTTER 6IN', '::1', '2024-04-24 04:24:33', 1),
(83, 'Add', 'Invoice', 'The invoice #6 is added', '::1', '2024-04-24 04:24:52', 1),
(84, 'Update', 'Invoice', 'The invoice #6 is modified', '::1', '2024-04-24 16:59:17', 1),
(85, 'Update', 'Invoice', 'The invoice #5 is modified', '::1', '2024-04-24 16:59:59', 1),
(86, 'Update', 'Project', 'The project is modified: Houston Texas', '::1', '2024-04-27 18:37:14', 1),
(87, 'Update', 'Project', 'The project is modified: FL MIAMI', '::1', '2024-04-27 18:37:22', 1),
(88, 'Update', 'Project', 'The project is modified: FL COUNTY', '::1', '2024-04-27 18:37:31', 1),
(89, 'Add', 'Project Notes', 'The notes: Lorem ipsum dolor sit amet, consectetur adipiscing elit, sed do eiusmod tempor incididunt ut labore et dolore magna aliqua. Ut enim ad minim veniam, quis nostrud exercitation ullamco laboris nisi ut aliquip ex ea commodo consequat. Duis aute irure dolor in reprehenderit in voluptate velit esse cillum dolore eu fugiat nulla pariatur. Excepteur sint occaecat cupidatat non proident, sunt in culpa qui officia deserunt mollit anim id est laborum. is add to the project: Houston Texas', '::1', '2024-04-27 21:15:21', 1),
(90, 'Update', 'Project Notes', 'The notes: Lorem ipsum dolor sit amet, consectetur adipiscing elit, sed do eiusmod tempor incididunt ut labore et dolore magna aliqua. Ut enim ad minim veniam, quis nostrud exercitation ullamco laboris nisi ut aliquip ex ea commodo consequat. is modified to the project: Houston Texas', '::1', '2024-04-27 21:15:35', 1),
(91, 'Delete', 'Project Notes', 'The notes: Lorem ipsum dolor sit amet, consectetur adipiscing elit, sed do eiusmod tempor incididunt ut labore et dolore magna aliqua. Ut enim ad minim veniam, quis nostrud exercitation ullamco laboris nisi ut aliquip ex ea commodo consequat. is delete from project: Houston Texas', '::1', '2024-04-27 21:16:03', 1),
(92, 'Update', 'Company', 'The company is modified: CONTRACTOR, INC', '::1', '2024-04-29 14:51:27', 1),
(93, 'Add', 'Company', 'The company is added: gjhjkl', '::1', '2024-04-29 14:52:29', 1),
(94, 'Delete', 'Company', 'The company is deleted: gjhjkl', '::1', '2024-04-29 14:52:36', 1),
(95, 'Update', 'Project', 'The project is modified: Houston Texas', '::1', '2024-04-29 14:53:41', 1),
(96, 'Update', 'Data Tracking', 'The data tracking is modified: CONC VALLEY GUTTER 6IN', '::1', '2024-04-29 14:53:58', 1),
(97, 'Update', 'Project', 'The project is modified: Houston Texas', '::1', '2024-04-29 23:38:38', 1),
(98, 'Update', 'Project', 'The project is modified: Houston Texas', '::1', '2024-04-29 23:39:10', 1),
(99, 'Delete', 'Project Item', 'The item: CONCRETE V GUTTER of the project is deleted', '::1', '2024-04-29 23:39:45', 1),
(100, 'Update', 'Project', 'The project is modified: Houston Texas', '::1', '2024-04-29 23:41:10', 1),
(101, 'Add', 'Project Notes', 'The notes: Lorem ipsum is placeholder text commonly used in the graphic, print, and publishing industries for previewing layouts and visual mockups. is add to the project: Houston Texas', '::1', '2024-05-07 18:02:54', 1),
(102, 'Update', 'Project', 'The project is modified: Houston Texas', '::1', '2024-05-07 19:17:23', 1),
(103, 'Update', 'Invoice', 'The invoice #6 is modified', '::1', '2024-05-08 23:49:36', 1),
(104, 'Update', 'Project', 'The project is modified: Houston Texas', '::1', '2024-05-10 20:55:23', 1),
(105, 'Update', 'Equation', 'The equation is modified: SW, 4 IN, SY', '::1', '2024-05-10 23:06:04', 1),
(106, 'Update', 'Item', 'The item is modified: Cubic Yards of Concrete', '::1', '2024-05-12 19:17:47', 1),
(107, 'Update', 'Item', 'The item is modified: EXTRA LABOR', '::1', '2024-05-12 19:17:54', 1),
(108, 'Update', 'Item', 'The item is modified: EXTRA CONCRETE', '::1', '2024-05-12 19:18:05', 1),
(109, 'Update', 'Item', 'The item is modified: PLAIN CONC DITCH PAVING', '::1', '2024-05-12 19:18:15', 1),
(110, 'Update', 'Item', 'The item is modified: CONC SPILLWAY TP3', '::1', '2024-05-12 19:18:34', 1),
(111, 'Update', 'Project', 'The project is modified: Houston Texas', '::1', '2024-05-12 20:53:23', 1),
(112, 'Update', 'Project', 'The project is modified: FL COUNTY', '::1', '2024-05-14 15:21:02', 1),
(113, 'Delete', 'Project Item', 'The item: Test item of the project is deleted', '::1', '2024-05-14 15:22:13', 1),
(114, 'Delete', 'Item', 'The item is deleted: Test item', '::1', '2024-05-14 15:22:27', 1),
(115, 'Update', 'Project', 'The project is modified: FL COUNTY', '::1', '2024-05-14 15:23:15', 1),
(116, 'Delete', 'Project Item', 'The item: Test item of the project is deleted', '::1', '2024-05-14 15:23:26', 1),
(117, 'Delete', 'Item', 'The item is deleted: Test item', '::1', '2024-05-14 15:23:37', 1),
(118, 'Update', 'Project', 'The project is modified: FL MIAMI', '::1', '2024-05-14 15:52:43', 1),
(119, 'Update', 'Project', 'The project is modified: FL COUNTY', '::1', '2024-05-14 15:52:54', 1),
(120, 'Add', 'Inspector', 'The inspector is added: ', '::1', '2024-05-15 21:54:53', 1),
(121, 'Add', 'Inspector', 'The inspector is added: Marcel Curbelo Carmona', '::1', '2024-05-15 21:57:30', 1),
(122, 'Update', 'Data Tracking', 'The data tracking is modified: CONC CURB & GUTTEER 8INX30IN TP2', '::1', '2024-05-15 22:01:08', 1),
(123, 'Update', 'Data Tracking', 'The data tracking is modified: CONC CURB & GUTTEER 8INX30IN TP2', '::1', '2024-05-15 22:02:15', 1),
(124, 'Update', 'Data Tracking', 'The data tracking is modified: CONC SLOPE DRAIN ', '::1', '2024-05-15 22:02:20', 1),
(125, 'Add', 'Data Tracking', 'The data tracking is add: Cubic Yards of Concrete', '::1', '2024-05-16 03:08:03', 1),
(126, 'Add', 'Data Tracking', 'The data tracking is add: CONC CURB & GUTTEER 8INX30IN TP2', '::1', '2024-05-16 03:53:30', 1),
(127, 'Add', 'Data Tracking', 'The data tracking is add: Cubic Yards of Concrete', '::1', '2024-05-17 15:05:17', 1),
(128, 'Update', 'Project', 'The project is modified: Houston Texas', '::1', '2024-05-17 18:24:44', 1),
(129, 'Update', 'Project', 'The project is modified: Houston Texas', '::1', '2024-05-17 18:31:58', 1),
(130, 'Add', 'Data Tracking', 'The data tracking is add: CONCRETE V GUTTER', '::1', '2024-05-17 20:06:16', 1),
(131, 'Update', 'Data Tracking', 'The data tracking is modified: CONCRETE V GUTTER', '::1', '2024-05-17 20:18:21', 1),
(132, 'Add', 'Inspector', 'The inspector is added: Cristián Gwinner', '::1', '2024-05-18 16:08:15', 1),
(133, 'Add', 'Equation', 'The equation is added: SW 6 IN, SF', '::1', '2024-05-18 16:31:11', 1),
(134, 'Add', 'Unit', 'The unit is added: ZX', '::1', '2024-05-18 16:55:58', 1),
(135, 'Delete', 'Unit', 'The unit is deleted: ZX', '::1', '2024-05-18 16:56:25', 1),
(136, 'Add', 'Unit', 'The unit is added: ZY', '::1', '2024-05-18 18:46:54', 1),
(137, 'Delete', 'Unit', 'The unit is deleted: ZY', '::1', '2024-05-18 18:47:10', 1),
(138, 'Add', 'Data Tracking', 'The data tracking is add, Project: 0009003 - Houston Texas, Date: 05/21/2024', '2600:100a:b112:c011:80de:7c14:9572:8e07', '2024-05-22 02:10:02', 1),
(139, 'Update', 'Data Tracking', 'The data tracking is modified, Project: 0009003 - Houston Texas, Date: 05/21/2024', '2600:100a:b112:c011:80de:7c14:9572:8e07', '2024-05-22 02:10:45', 1),
(140, 'Add', 'Unit', 'The unit is added: ygfwyrfwyfdryt78467835t8394564389t6489yt89ryg89ryg8ry89ryg89rty895y89ryg89ryg89ryg8r9yg7h89ryh789ryh98rthy98rthy89rtyh89trhy89tyh89tyh8tyh789t7h89th98t79h8t798h7t98h7t97hth98t7hy98tihybuifgyhb8trhy98tryh89tryh8tyhyt8hy8tyh8tyh8ty8hyt98ybh8tyhb89tyh8tyh8thyt8yh98tyh89tyh8tyh8tyh8thy8tyh8tyh8t', '2600:100a:b12c:68dd:d921:c6b8:13f7:a31d', '2024-05-22 23:10:09', 1),
(141, 'Delete', 'Unit', 'The unit is deleted: ygfwyrfwyfdryt78467835t8394564389t6489yt89ryg89ryg8ry89ryg89rty895y89ryg89ryg89ryg8r9yg7h89ryh789ryh98rthy98rthy89rtyh89trhy89tyh89tyh8tyh789t7h89th98t79h8t798h7t98h7t97hth98t7hy98tihybuifgyhb8trhy98tryh89tryh8tyhyt8hy8tyh8tyh8ty8hyt98ybh8tyhb89tyh8tyh8th', '2600:100a:b12c:68dd:d921:c6b8:13f7:a31d', '2024-05-22 23:15:54', 1),
(142, 'Add', 'Equation', 'The equation is added: 3483756378567843564785684654865489674986749687497tyrioghruighjhjkrigroigjlñrhjmñ{thkmtñ{jk{ñtyknñ{m,kñ{m,hñ,hñykpjktyp´jktpýjpt+-+-+-+-+-+-+-hgoirhgoierhgrigiorhy4oirhyo4igheieoihgeiogegergerh+-+490\'32430\'5803\'5830\'58340\'5834\'-Z,-;c-ZC;SFG:egr.ñbre.nr.n{n.,', '2600:100a:b12c:68dd:d921:c6b8:13f7:a31d', '2024-05-22 23:17:46', 1),
(143, 'Delete', 'Equation', 'The equation is deleted: 3483756378567843564785684654865489674986749687497tyrioghruighjhjkrigroigjlñrhjmñ{thkmtñ{jk{ñtyknñ{m,kñ{m,hñ,hñykpjktyp´jktpýjpt+-+-+-+-+-+-+-hgoirhgoierhgrigiorhy4oirhyo4igheieoihgeiogegergerh+-+490\'32430\'5803\'5830\'58340\'5834\'-Z,-;c-ZC;SFG:egr.ñbre.nr.n{n', '2600:100a:b12c:68dd:d921:c6b8:13f7:a31d', '2024-05-22 23:17:59', 1),
(144, 'Add', 'Equation', 'The equation is added: eikifhoiehgireg', '2600:100a:b12c:68dd:d921:c6b8:13f7:a31d', '2024-05-22 23:20:40', 1),
(145, 'Delete', 'Equation', 'The equation is deleted: eikifhoiehgireg', '2600:100a:b12c:68dd:d921:c6b8:13f7:a31d', '2024-05-22 23:20:46', 1),
(146, 'Add', 'Item', 'The item is added: ru39ru30ru30ur034ut409ut49ut94ug94ug94u944t\'4p4gp}+rhp+t}hpt+phth}k9-8}7k-9}7k98u}k8i}l-i}li}lb.-nb jmy8,ui7,897iuylkulkuklukjyñlj,hñmj.hmn.,h nb, nb, n, nh,nm,mjlyjmyljmyljmyljmlmjlmjlyjmlyjkolkjo7kuo7puo7uo7pu7pu7u7pu7', '2600:100a:b12c:68dd:d921:c6b8:13f7:a31d', '2024-05-22 23:23:05', 1),
(147, 'Update', 'Inspector', 'The inspector is modified: M', '2600:100a:b105:9ce3:29b1:3e21:a4e0:faf9', '2024-05-23 17:16:40', 1),
(148, 'Add', 'Data Tracking', 'The data tracking is add, Project: 0009002 - FL MIAMI, Date: 05/23/2024', '2601:c3:4400:1d80:d556:475d:6941:b379', '2024-05-23 23:07:05', 1),
(149, 'Update', 'Data Tracking', 'The data tracking is modified, Project: 0009002 - FL MIAMI, Date: 05/23/2024', '2601:c3:4400:1d80:d556:475d:6941:b379', '2024-05-23 23:09:00', 1),
(150, 'Update', 'Data Tracking', 'The data tracking is modified, Project: 0009002 - FL MIAMI, Date: 05/23/2024', '2601:c3:4400:1d80:d556:475d:6941:b379', '2024-05-23 23:12:12', 1),
(151, 'Add', 'Data Tracking', 'The data tracking is add, Project: 0009002 - FL MIAMI, Date: 05/06/2024', '2601:c3:4400:1d80:d556:475d:6941:b379', '2024-05-23 23:19:29', 1),
(152, 'Add', 'Data Tracking', 'The data tracking is add, Project: 0009002 - FL MIAMI, Date: 05/06/2024', '2601:c3:4400:1d80:d556:475d:6941:b379', '2024-05-23 23:20:06', 1),
(153, 'Delete', 'Data Tracking', 'The data tracking is deleted, Project: 0009002 - FL MIAMI, Date: 05/06/2024', '2601:c3:4400:1d80:d556:475d:6941:b379', '2024-05-23 23:20:23', 1),
(154, 'Update', 'Data Tracking', 'The data tracking is modified, Project: 0009002 - FL MIAMI, Date: 05/06/2024', '2601:c3:4400:1d80:d556:475d:6941:b379', '2024-05-23 23:21:13', 1),
(155, 'Add', 'Data Tracking', 'The data tracking is add, Project: 0009002 - FL MIAMI, Date: 05/24/2024', '2600:100a:b10e:e62c:c0ed:8a8d:9d31:c8e9', '2024-05-24 11:48:56', 1),
(156, 'Update', 'Data Tracking', 'The data tracking is modified, Project: 0009002 - FL MIAMI, Date: 05/24/2024', '2600:100a:b10e:e62c:c0ed:8a8d:9d31:c8e9', '2024-05-24 11:51:29', 1),
(157, 'Add', 'Data Tracking', 'The data tracking is add, Project: 0009002 - FL MIAMI, Date: 05/07/2024', '2600:100a:b10e:e62c:c0ed:8a8d:9d31:c8e9', '2024-05-24 11:53:23', 1),
(158, 'Update', 'Data Tracking', 'The data tracking is modified, Project: 0009002 - FL MIAMI, Date: 05/24/2024', '2600:100a:b10e:e62c:c0ed:8a8d:9d31:c8e9', '2024-05-24 11:59:59', 1),
(159, 'Add', 'Inspector', 'The inspector is added: Andres', '2600:100a:b10e:e62c:c0ed:8a8d:9d31:c8e9', '2024-05-24 12:01:09', 1),
(160, 'Add', 'Data Tracking', 'The data tracking is add, Project: 0009002 - FL MIAMI, Date: 05/22/2024', '2600:100a:b10e:e62c:c0ed:8a8d:9d31:c8e9', '2024-05-24 12:01:13', 1),
(161, 'Update', 'Data Tracking', 'The data tracking is modified, Project: 0009002 - FL MIAMI, Date: 05/22/2024', '2600:100a:b10e:e62c:c0ed:8a8d:9d31:c8e9', '2024-05-24 12:01:56', 1),
(162, 'Update', 'Data Tracking', 'The data tracking is modified, Project: 0009002 - FL MIAMI, Date: 05/22/2024', '2600:100a:b10e:e62c:c0ed:8a8d:9d31:c8e9', '2024-05-24 12:03:26', 1),
(163, 'Add', 'Data Tracking', 'The data tracking is add, Project: 0009002 - FL MIAMI, Date: 05/14/2024', '2600:100a:b10e:e62c:c0ed:8a8d:9d31:c8e9', '2024-05-24 12:03:50', 1),
(164, 'Update', 'Inspector', 'The inspector is modified: Marcel Curbelo Carmona', '2600:100a:b10e:e62c:c0ed:8a8d:9d31:c8e9', '2024-05-24 12:04:40', 1),
(165, 'Update', 'Data Tracking', 'The data tracking is modified, Project: 0009002 - FL MIAMI, Date: 05/07/2024', '2600:100a:b10e:e62c:c0ed:8a8d:9d31:c8e9', '2024-05-24 12:08:41', 1),
(166, 'Add', 'Inspector', 'The inspector is added: Elizabeth Vargas G', '2600:100a:b10e:e62c:c0ed:8a8d:9d31:c8e9', '2024-05-24 12:09:24', 1),
(167, 'Add', 'Project', 'The project is added: https://app.screencast.com/5F3PFZQ92dOyV?tab=Details&conversation=6fqYBDkp67jBGqZtVKncGw&commentId=vwe7yJRQDZSj8TR5ygxbdH', '2600:100a:b12e:26b3:2d28:a65e:aef4:98cc', '2024-05-24 16:44:10', 1),
(168, 'Update', 'Project', 'The project is modified: https://app.screencast.com/5F3PFZQ92dOyV?tab=Details&conversation=6fqYBDkp67jBGqZtVKncGw&commentId=vwe7yJRQDZSj8TR5ygxbdH', '2600:100a:b12e:26b3:2d28:a65e:aef4:98cc', '2024-05-24 16:47:28', 1),
(169, 'Update', 'Project', 'The project is modified: https://app.screencast.com/5F3PFZQ92dOyV?tab=Details&conversation=6fqYBDkp67jBGqZtVKncGw&commentId=vwe7yJRQDZSj8TR5ygxbdH', '2600:100a:b12e:26b3:2d28:a65e:aef4:98cc', '2024-05-24 16:48:21', 1),
(170, 'Add', 'Project Notes', 'The notes: gruwgfueuigfeuigfuieguierguiergregrg is add to the project: https://app.screencast.com/5F3PFZQ92dOyV?tab=Details&conversation=6fqYBDkp67jBGqZtVKncGw&commentId=vwe7yJRQDZSj8TR5ygxbdH', '2600:100a:b12e:26b3:2d28:a65e:aef4:98cc', '2024-05-24 16:55:52', 1),
(171, 'Delete', 'Project', 'The project is deleted: https://app.screencast.com/5F3PFZQ92dOyV?tab=Details&conversation=6fqYBDkp67jBGqZtVKncGw&commentId=vwe7yJRQDZSj8TR5ygxbdH', '2600:100a:b118:4bfd:9506:d9a9:1378:8175', '2024-05-24 17:19:20', 1),
(172, 'Add', 'Data Tracking', 'The data tracking is add, Project: 0009002 - FL MIAMI, Date: 05/24/2024', '2601:c3:4400:1d80:d556:475d:6941:b379', '2024-05-24 19:36:28', 1),
(173, 'Delete', 'Data Tracking', 'The data tracking is deleted, Project: 0009002 - FL MIAMI, Date: 05/24/2024', '2601:c3:4400:1d80:d556:475d:6941:b379', '2024-05-24 19:36:54', 1),
(174, 'Delete', 'Data Tracking', 'The data tracking is deleted, Project: 0009002 - FL MIAMI, Date: 05/24/2024', '2600:100a:b10e:e62c:b81c:4654:9bde:44f4', '2024-05-24 19:37:57', 1),
(175, 'Delete', 'Data Tracking', 'The item of the data tracking is deleted, Item: CONC CURB & GUTTEER 8INX30IN TP2, Project: 0009002 - FL MIAMI, Date: 05/06/2024', '2601:c3:4400:1d80:d556:475d:6941:b379', '2024-05-24 19:38:11', 1),
(176, 'Update', 'Data Tracking', 'The data tracking is modified, Project: 0009002 - FL MIAMI, Date: 05/06/2024', '2601:c3:4400:1d80:d556:475d:6941:b379', '2024-05-24 19:38:35', 1),
(177, 'Add', 'Data Tracking', 'The data tracking is add, Project: 0009002 - FL MIAMI, Date: 05/24/2024', '2600:100a:b10e:e62c:b81c:4654:9bde:44f4', '2024-05-24 19:39:02', 1),
(178, 'Update', 'Data Tracking', 'The data tracking is modified, Project: 0009002 - FL MIAMI, Date: 05/24/2024', '2600:100a:b10e:e62c:b81c:4654:9bde:44f4', '2024-05-24 19:39:17', 1),
(179, 'Add', 'Data Tracking', 'The data tracking is add, Project: 0009002 - FL MIAMI, Date: 05/24/2024', '2601:c3:4400:1d80:d556:475d:6941:b379', '2024-05-24 19:47:11', 1),
(180, 'Add', 'User', 'The user is added: andres Iglesias', '2600:100a:b118:4bfd:6143:ce6a:dcd7:4249', '2024-05-24 20:02:33', 1),
(181, 'Delete', 'Data Tracking', 'The data tracking is deleted, Project: 0009002 - FL MIAMI, Date: 05/24/2024', '2600:100a:b119:6c8:41aa:bca8:5e98:3bd5', '2024-05-29 23:09:58', 1),
(182, 'Delete', 'Data Tracking', 'The data tracking is deleted, Project: 0009002 - FL MIAMI, Date: 05/22/2024', '2600:100a:b119:6c8:41aa:bca8:5e98:3bd5', '2024-05-29 23:10:14', 1),
(183, 'Update', 'Data Tracking', 'The data tracking is modified, Project: 0009003 - Houston Texas, Date: 05/21/2024', '2600:100a:b119:6c8:41aa:bca8:5e98:3bd5', '2024-05-29 23:10:59', 1),
(184, 'Update', 'Data Tracking', 'The data tracking is modified, Project: 0009002 - FL MIAMI, Date: 05/14/2024', '2600:100a:b119:6c8:41aa:bca8:5e98:3bd5', '2024-05-29 23:14:52', 1),
(185, 'Update', 'Data Tracking', 'The data tracking is modified, Project: 0009002 - FL MIAMI, Date: 05/14/2024', '2600:100a:b119:6c8:41aa:bca8:5e98:3bd5', '2024-05-29 23:15:17', 1),
(186, 'Add', 'Data Tracking', 'The data tracking is add, Project: 0009002 - FL MIAMI, Date: 06/03/2024', '64.83.241.11', '2024-06-03 20:47:19', 1),
(187, 'Delete', 'Data Tracking', 'The data tracking is deleted, Project: 0009002 - FL MIAMI, Date: 06/03/2024', '64.83.241.11', '2024-06-03 20:47:37', 1),
(188, 'Update', 'Data Tracking', 'The data tracking is modified, Project: 0009002 - FL MIAMI, Date: 05/06/2024', '2604:2d80:a982:6200:c991:3c71:ff9f:488f', '2024-06-07 13:18:07', 1),
(189, 'Update', 'Equation', 'The equation is modified: SW 6 IN, SF', '2604:2d80:a982:6200:c991:3c71:ff9f:488f', '2024-06-07 13:19:22', 1),
(190, 'Add', 'Equation', 'The equation is added: Curb & Gutter, 8x30 IN', '2604:2d80:a982:6200:c991:3c71:ff9f:488f', '2024-06-07 13:20:27', 1),
(191, 'Delete', 'Item', 'The item is deleted: ru39ru30ru30ur034ut409ut49ut94ug94ug94u944t\'4p4gp}+rhp+t}hpt+phth}k9-8}7k-9}7k98u}k8i}l-i}li}lb.-nb jmy8,ui7,897iuylkulkuklukjyñlj,hñmj.hmn.,h nb, nb, n, nh,nm,mjlyjmyljmyljmyljmlmjlmjlyjmlyjkolkjo7kuo7puo7uo7pu7pu7u7pu7', '174.210.7.176', '2024-06-07 13:22:30', 1),
(192, 'Update', 'Item', 'The item is modified: CONC CURB & GUTTEER 8INX30IN TP2', '2604:2d80:a982:6200:c991:3c71:ff9f:488f', '2024-06-07 13:23:31', 1),
(193, 'Update', 'Item', 'The item is modified: CONC CURB & GUTTEER 8INX30IN TP7', '2604:2d80:a982:6200:c991:3c71:ff9f:488f', '2024-06-07 13:26:28', 1),
(194, 'Update', 'Data Tracking', 'The data tracking is modified, Project: 0009002 - FL MIAMI, Date: 05/06/2024', '2604:2d80:a982:6200:c991:3c71:ff9f:488f', '2024-06-07 13:27:02', 1),
(195, 'Update', 'Item', 'The item is modified: CONC CURB & GUTTER 8X30 IN, TP7', '2604:2d80:a982:6200:c991:3c71:ff9f:488f', '2024-06-07 13:35:34', 1),
(196, 'Update', 'Item', 'The item is modified: CONC CURB & GUTTER 8X30 IN, TP2', '2604:2d80:a982:6200:c991:3c71:ff9f:488f', '2024-06-07 13:36:11', 1),
(197, 'Update', 'Project', 'The project is modified: Houston Texas', '174.210.7.176', '2024-06-07 13:39:55', 1),
(198, 'Update', 'Project', 'The project is modified: FL MIAMI', '2604:2d80:a982:6200:c991:3c71:ff9f:488f', '2024-06-07 13:41:10', 1),
(199, 'Update', 'Data Tracking', 'The data tracking is modified, Project: 0009002 - FL MIAMI, Date: 05/06/2024', '2604:2d80:a982:6200:c991:3c71:ff9f:488f', '2024-06-07 13:43:35', 1),
(200, 'Add', 'Data Tracking', 'The data tracking is add, Project: 0009002 - FL MIAMI, Date: 05/06/2024', '2604:2d80:a982:6200:c991:3c71:ff9f:488f', '2024-06-07 13:44:04', 1),
(201, 'Delete', 'Data Tracking', 'The data tracking is deleted, Project: 0009002 - FL MIAMI, Date: 05/06/2024', '174.210.7.176', '2024-06-07 13:45:56', 1),
(202, 'Add', 'Data Tracking', 'The data tracking is add, Project: 0009002 - FL MIAMI, Date: 05/06/2024', '174.210.7.176', '2024-06-07 13:46:59', 1),
(203, 'Delete', 'Data Tracking', 'The data tracking is deleted, Project: 0009002 - FL MIAMI, Date: 05/06/2024', '174.210.7.176', '2024-06-07 13:47:55', 1),
(204, 'Update', 'Item', 'The item is modified: CLASS A C', '2600:100a:b113:4c6b:9188:218e:7987:eaf7', '2024-06-23 04:54:15', 1),
(205, 'Update', 'Equation', 'The equation is modified: Curb & Gutter, 8x30 IN', '2600:100a:b113:4c6b:9188:218e:7987:eaf7', '2024-06-23 04:54:52', 1),
(206, 'Update', 'Equation', 'The equation is modified: Curb & Gutter, 8x30 IN', '2600:100a:b113:4c6b:9188:218e:7987:eaf7', '2024-06-23 05:15:28', 1),
(207, 'Add', 'Data Tracking', 'The data tracking is add, Project: 0009002 - FL MIAMI, Date: 06/23/2024', '2600:100a:b124:724c:71f9:ec7:86d2:3d17', '2024-06-23 19:40:06', 1),
(208, 'Update', 'Data Tracking', 'The data tracking is modified, Project: 0009002 - FL MIAMI, Date: 06/23/2024', '2600:100a:b124:724c:71f9:ec7:86d2:3d17', '2024-06-23 19:40:48', 1),
(209, 'Add', 'Data Tracking', 'The data tracking is add, Project: 0009002 - FL MIAMI, Date: 06/24/2024', '2600:100a:b124:724c:71f9:ec7:86d2:3d17', '2024-06-23 19:41:27', 1),
(210, 'Update', 'Data Tracking', 'The data tracking is modified, Project: 0009002 - FL MIAMI, Date: 05/14/2024', '2600:100a:b124:724c:71f9:ec7:86d2:3d17', '2024-06-23 19:42:30', 1),
(211, 'Update', 'Data Tracking', 'The data tracking is modified, Project: 0009002 - FL MIAMI, Date: 06/23/2024', '2600:100a:b124:724c:71f9:ec7:86d2:3d17', '2024-06-23 19:46:56', 1),
(212, 'Add', 'Data Tracking', 'The data tracking is add, Project: 0009003 - Houston Texas, Date: 06/23/2024', '2600:100a:b124:724c:71f9:ec7:86d2:3d17', '2024-06-23 19:47:14', 1),
(213, 'Update', 'Data Tracking', 'The data tracking is modified, Project: 0009002 - FL MIAMI, Date: 06/23/2024', '2600:100a:b124:724c:71f9:ec7:86d2:3d17', '2024-06-23 19:48:38', 1),
(214, 'Add', 'Project', 'The project is added: road illinois', '2600:100a:b124:724c:71f9:ec7:86d2:3d17', '2024-06-23 19:56:24', 1),
(215, 'Update', 'Project', 'The project is modified: road illinois', '2600:100a:b124:724c:71f9:ec7:86d2:3d17', '2024-06-23 19:57:55', 1),
(216, 'Add', 'Data Tracking', 'The data tracking is add, Project: 90005 - road illinois, Date: 06/23/2024', '2600:100a:b10d:df76:5975:e832:be6d:6b25', '2024-06-23 20:02:47', 1),
(217, 'Update', 'Data Tracking', 'The data tracking is modified, Project: 90005 - road illinois, Date: 06/23/2024', '2600:100a:b10d:df76:5975:e832:be6d:6b25', '2024-06-23 20:03:19', 1),
(218, 'Update', 'Project', 'The project is modified: FL MIAMI', '2600:100a:b10d:df76:5975:e832:be6d:6b25', '2024-06-23 20:07:11', 1),
(219, 'Update', 'Project', 'The project is modified: Houston Texas', '2600:100a:b10d:df76:5975:e832:be6d:6b25', '2024-06-23 20:07:21', 1),
(220, 'Delete', 'Data Tracking', 'The data tracking is deleted, Project: 90005 - road illinois, Date: 06/23/2024', '2600:100a:b10d:df76:5975:e832:be6d:6b25', '2024-06-23 20:12:25', 1),
(221, 'Add', 'Data Tracking', 'The data tracking is add, Project: 90005 - road illinois, Date: 06/23/2024', '2600:100a:b10d:df76:5975:e832:be6d:6b25', '2024-06-23 20:22:47', 1),
(222, 'Add', 'Data Tracking', 'The data tracking is add, Project: 90005 - road illinois, Date: 06/24/2024', '2600:100a:b10d:df76:5975:e832:be6d:6b25', '2024-06-23 20:23:22', 1),
(223, 'Update', 'Data Tracking', 'The data tracking is modified, Project: 90005 - road illinois, Date: 06/24/2024', '2600:100a:b10d:df76:5975:e832:be6d:6b25', '2024-06-23 20:23:49', 1),
(224, 'Add', 'Data Tracking', 'The data tracking is add, Project: 90005 - road illinois, Date: 06/25/2024', '2600:100a:b10d:df76:5975:e832:be6d:6b25', '2024-06-23 20:33:15', 1),
(225, 'Update', 'Project', 'The project is modified: road illinois', '2600:100a:b10d:df76:5975:e832:be6d:6b25', '2024-06-23 20:36:11', 1),
(226, 'Update', 'Project', 'The project is modified: road illinois', '2600:100a:b10d:df76:5975:e832:be6d:6b25', '2024-06-23 20:38:13', 1),
(227, 'Add', 'Data Tracking', 'The data tracking is add, Project: 90005 - road illinois, Date: 06/17/2024', '2600:100a:b10d:df76:5975:e832:be6d:6b25', '2024-06-23 20:40:35', 1),
(228, 'Add', 'Data Tracking', 'The data tracking is add, Project: 90005 - road illinois, Date: 06/18/2024', '2600:100a:b10d:df76:5975:e832:be6d:6b25', '2024-06-23 20:42:25', 1),
(229, 'Update', 'Data Tracking', 'The data tracking is modified, Project: 90005 - road illinois, Date: 06/18/2024', '2600:100a:b10d:df76:5975:e832:be6d:6b25', '2024-06-23 20:42:51', 1),
(230, 'Update', 'Data Tracking', 'The data tracking is modified, Project: 90005 - road illinois, Date: 06/18/2024', '2600:100a:b10d:df76:5975:e832:be6d:6b25', '2024-06-23 20:47:37', 1),
(231, 'Update', 'Data Tracking', 'The data tracking is modified, Project: 90005 - road illinois, Date: 06/18/2024', '2600:100a:b10d:df76:5975:e832:be6d:6b25', '2024-06-23 20:47:54', 1),
(232, 'Update', 'Data Tracking', 'The data tracking is modified, Project: 90005 - road illinois, Date: 06/18/2024', '2600:100a:b10d:df76:5975:e832:be6d:6b25', '2024-06-23 20:48:37', 1),
(233, 'Update', 'Data Tracking', 'The data tracking is modified, Project: 90005 - road illinois, Date: 06/18/2024', '2600:100a:b10d:df76:5975:e832:be6d:6b25', '2024-06-23 20:48:58', 1),
(234, 'Update', 'Data Tracking', 'The data tracking is modified, Project: 90005 - road illinois, Date: 06/25/2024', '2600:100a:b10d:df76:9d2c:2ade:9729:f6d2', '2024-06-24 00:34:31', 1),
(235, 'Update', 'Data Tracking', 'The data tracking is modified, Project: 90005 - road illinois, Date: 06/23/2024', '2600:100a:b10d:df76:9d2c:2ade:9729:f6d2', '2024-06-24 00:50:59', 1),
(236, 'Update', 'Data Tracking', 'The data tracking is modified, Project: 90005 - road illinois, Date: 06/23/2024', '2600:100a:b10d:df76:9d2c:2ade:9729:f6d2', '2024-06-24 00:51:11', 1),
(237, 'Update', 'Project', 'The project is modified: Houston Texas', '2600:100a:b10d:df76:9d2c:2ade:9729:f6d2', '2024-06-24 00:54:34', 1),
(238, 'Update', 'Project', 'The project is modified: Houston Texas', '2600:100a:b10d:df76:9d2c:2ade:9729:f6d2', '2024-06-24 00:54:57', 1),
(239, 'Update', 'Data Tracking', 'The data tracking is modified, Project: 90005 - road illinois, Date: 06/25/2024', '2600:100a:b11d:b3bc:2db3:699d:3737:36af', '2024-06-25 18:13:44', 1),
(240, 'Add', 'User', 'The user is added: Anahi Garcia', '150.195.31.227', '2024-06-25 18:17:59', 1),
(241, 'Update', 'User', 'The user is modified: Anahi Garcia', '2600:100a:b11d:b3bc:2db3:699d:3737:36af', '2024-06-25 18:20:23', 1),
(242, 'Add', 'User', 'The user is added: Alicee Royster', '150.195.31.227', '2024-06-25 18:21:43', 1),
(243, 'Add', 'User', 'The user is added: Eric Sam-Gable', '150.195.31.227', '2024-06-25 18:31:35', 1),
(244, 'Update', 'User', 'The user is modified: Eric Sam-Gable', '150.195.31.227', '2024-06-25 18:31:58', 1),
(245, 'Add', 'User', 'The user is added: Joanna Valdez', '150.195.31.227', '2024-06-25 18:33:59', 1),
(246, 'Add', 'User', 'The user is added: Todd Royster', '150.195.31.227', '2024-06-25 18:37:07', 1),
(247, 'Update', 'User', 'The user is modified: Alicee Royster', '150.195.31.227', '2024-06-25 18:48:53', 1),
(248, 'Add', 'User', 'The user is added: Karen Forges', '150.195.31.227', '2024-06-25 19:02:11', 1),
(249, 'Update', 'User', 'The user is modified: Eric Sam-Gable', '150.195.31.227', '2024-06-25 19:02:45', 1),
(256, 'Delete', 'Invoice', 'The invoice #6 is deleted', '2600:100a:b113:d520:9857:107b:1921:479c', '2024-06-26 00:13:28', 1),
(257, 'Delete', 'Invoice', 'The invoice #5 is deleted', '2600:100a:b113:d520:9857:107b:1921:479c', '2024-06-26 00:13:28', 1),
(258, 'Delete', 'Invoice', 'The invoice #4 is deleted', '2600:100a:b113:d520:9857:107b:1921:479c', '2024-06-26 00:13:28', 1),
(259, 'Delete', 'Invoice', 'The invoice #3 is deleted', '2600:100a:b113:d520:9857:107b:1921:479c', '2024-06-26 00:13:28', 1),
(260, 'Delete', 'Invoice', 'The invoice #2 is deleted', '2600:100a:b113:d520:9857:107b:1921:479c', '2024-06-26 00:13:28', 1),
(261, 'Delete', 'Invoice', 'The invoice #1 is deleted', '2600:100a:b113:d520:9857:107b:1921:479c', '2024-06-26 00:13:28', 1),
(262, 'Delete', 'Inspector', 'The inspector is deleted: Elizabeth Vargas G', '2600:100a:b113:d520:9857:107b:1921:479c', '2024-06-26 00:25:06', 1),
(263, 'Delete', 'Data Tracking', 'The data tracking is deleted, Project: 90005 - road illinois, Date: 06/17/2024', '2600:100a:b113:d520:9857:107b:1921:479c', '2024-06-26 00:26:43', 1),
(264, 'Delete', 'Data Tracking', 'The data tracking is deleted, Project: 90005 - road illinois, Date: 06/18/2024', '2600:100a:b113:d520:9857:107b:1921:479c', '2024-06-26 00:26:53', 1),
(265, 'Delete', 'Data Tracking', 'The data tracking is deleted, Project: 90005 - road illinois, Date: 06/25/2024', '2600:100a:b113:d520:9857:107b:1921:479c', '2024-06-26 00:27:01', 1),
(266, 'Delete', 'Data Tracking', 'The data tracking is deleted, Project: 0009002 - FL MIAMI, Date: 06/24/2024', '2600:100a:b113:d520:9857:107b:1921:479c', '2024-06-26 00:27:07', 1),
(267, 'Delete', 'Data Tracking', 'The data tracking is deleted, Project: 90005 - road illinois, Date: 06/24/2024', '2600:100a:b113:d520:9857:107b:1921:479c', '2024-06-26 00:27:16', 1),
(268, 'Delete', 'Data Tracking', 'The data tracking is deleted, Project: 0009002 - FL MIAMI, Date: 06/23/2024', '2600:100a:b113:d520:9857:107b:1921:479c', '2024-06-26 00:27:23', 1),
(269, 'Delete', 'Data Tracking', 'The data tracking is deleted, Project: 0009003 - Houston Texas, Date: 06/23/2024', '2600:100a:b113:d520:9857:107b:1921:479c', '2024-06-26 00:27:29', 1),
(270, 'Delete', 'Data Tracking', 'The data tracking is deleted, Project: 90005 - road illinois, Date: 06/23/2024', '2600:100a:b113:d520:9857:107b:1921:479c', '2024-06-26 00:27:35', 1),
(271, 'Delete', 'Data Tracking', 'The data tracking is deleted, Project: 0009002 - FL MIAMI, Date: 05/06/2024', '2600:100a:b113:d520:9857:107b:1921:479c', '2024-06-26 00:27:49', 1),
(272, 'Delete', 'Data Tracking', 'The data tracking is deleted, Project: 0009002 - FL MIAMI, Date: 05/07/2024', '2600:100a:b113:d520:9857:107b:1921:479c', '2024-06-26 00:28:02', 1),
(273, 'Delete', 'Data Tracking', 'The data tracking is deleted, Project: 0009003 - Houston Texas, Date: 05/21/2024', '2600:100a:b113:d520:9857:107b:1921:479c', '2024-06-26 00:28:12', 1),
(274, 'Delete', 'Data Tracking', 'The data tracking is deleted, Project: 0009002 - FL MIAMI, Date: 05/14/2024', '2600:100a:b113:d520:9857:107b:1921:479c', '2024-06-26 00:28:22', 1),
(275, 'Delete', 'Data Tracking', 'The data tracking is deleted, Project: 0009002 - FL MIAMI, Date: 05/23/2024', '2600:100a:b113:d520:9857:107b:1921:479c', '2024-06-26 00:28:31', 1),
(276, 'Delete', 'Data Tracking', 'The data tracking is deleted, Project: 0009002 - FL MIAMI, Date: 05/24/2024', '2600:100a:b113:d520:9857:107b:1921:479c', '2024-06-26 00:28:40', 1),
(277, 'Delete', 'Inspector', 'The inspector is deleted: Cristián Gwinner', '2600:100a:b113:d520:9857:107b:1921:479c', '2024-06-26 00:29:07', 1),
(278, 'Delete', 'Inspector', 'The inspector is deleted: Marcel Curbelo Carmona', '2600:100a:b113:d520:9857:107b:1921:479c', '2024-06-26 00:29:07', 1),
(279, 'Delete', 'Project', 'The project is deleted: road illinois', '2600:100a:b113:d520:9857:107b:1921:479c', '2024-06-26 00:29:57', 1),
(280, 'Delete', 'Project', 'The project is deleted: Houston Texas', '2600:100a:b113:d520:9857:107b:1921:479c', '2024-06-26 00:29:57', 1),
(281, 'Delete', 'Project', 'The project is deleted: FL MIAMI', '2600:100a:b113:d520:9857:107b:1921:479c', '2024-06-26 00:29:57', 1),
(282, 'Delete', 'Project', 'The project is deleted: FL COUNTY', '2600:100a:b113:d520:9857:107b:1921:479c', '2024-06-26 00:29:57', 1),
(283, 'Delete', 'Company', 'The company is deleted: CONTRACTOR TWO , INC', '2600:100a:b113:d520:9857:107b:1921:479c', '2024-06-26 00:30:07', 1),
(284, 'Delete', 'Company', 'The company is deleted: CONTRACTOR, INC', '2600:100a:b113:d520:9857:107b:1921:479c', '2024-06-26 00:30:07', 1),
(285, 'Delete', 'Inspector', 'The inspector is deleted: Andres', '2600:100a:b113:d520:9857:107b:1921:479c', '2024-06-26 00:30:20', 1),
(286, 'Delete', 'Inspector', 'The inspector is deleted: Carlos Magill', '2600:100a:b113:d520:9857:107b:1921:479c', '2024-06-26 00:30:20', 1),
(287, 'Delete', 'Item', 'The item is deleted: CLASS A C', '2600:100a:b113:d520:9857:107b:1921:479c', '2024-06-26 00:30:31', 1),
(288, 'Delete', 'Item', 'The item is deleted: Cubic Yards of Concrete', '2600:100a:b113:d520:9857:107b:1921:479c', '2024-06-26 00:30:31', 1),
(289, 'Delete', 'Item', 'The item is deleted: EXTRA LABOR', '2600:100a:b113:d520:9857:107b:1921:479c', '2024-06-26 00:30:31', 1),
(290, 'Delete', 'Item', 'The item is deleted: EXTRA CONCRETE', '2600:100a:b113:d520:9857:107b:1921:479c', '2024-06-26 00:30:31', 1),
(291, 'Delete', 'Item', 'The item is deleted: PLAIN CONC DITCH PAVING', '2600:100a:b113:d520:9857:107b:1921:479c', '2024-06-26 00:30:31', 1),
(292, 'Delete', 'Item', 'The item is deleted: CONC SPILLWAY TP3', '2600:100a:b113:d520:9857:107b:1921:479c', '2024-06-26 00:30:31', 1),
(293, 'Delete', 'Item', 'The item is deleted: CONC SIDEWALK 8IN', '2600:100a:b113:d520:9857:107b:1921:479c', '2024-06-26 00:30:31', 1),
(294, 'Delete', 'Item', 'The item is deleted: CONC SIDEWALK 4IN', '2600:100a:b113:d520:9857:107b:1921:479c', '2024-06-26 00:30:31', 1),
(295, 'Delete', 'Item', 'The item is deleted: CONC SLOPE DRAIN ', '2600:100a:b113:d520:9857:107b:1921:479c', '2024-06-26 00:30:31', 1),
(296, 'Delete', 'Item', 'The item is deleted: CONC DRIVEWAY 8IN', '2600:100a:b113:d520:9857:107b:1921:479c', '2024-06-26 00:30:31', 1),
(297, 'Delete', 'Item', 'The item is deleted: BAR REINF. STEEL ', '2600:100a:b113:d520:9857:107b:1921:479c', '2024-06-26 00:30:37', 1),
(298, 'Delete', 'Item', 'The item is deleted: CLASS B CONC, BASE OR PVMT WIDENING', '2600:100a:b113:d520:9857:107b:1921:479c', '2024-06-26 00:30:37', 1),
(299, 'Delete', 'Item', 'The item is deleted: CLASS B CONCRETE, INCL REINF STEEL', '2600:100a:b113:d520:9857:107b:1921:479c', '2024-06-26 00:30:37', 1),
(300, 'Delete', 'Item', 'The item is deleted: CLASS B CONCRETE', '2600:100a:b113:d520:9857:107b:1921:479c', '2024-06-26 00:30:37', 1),
(301, 'Delete', 'Item', 'The item is deleted: CONC CURB & GUTTER 8X30 IN, TP7', '2600:100a:b113:d520:9857:107b:1921:479c', '2024-06-26 00:30:37', 1),
(302, 'Delete', 'Item', 'The item is deleted: CONC CURB & GUTTER 8X30 IN, TP2', '2600:100a:b113:d520:9857:107b:1921:479c', '2024-06-26 00:30:37', 1),
(303, 'Delete', 'Item', 'The item is deleted: CONC VALLEY GUTTER 8IN', '2600:100a:b113:d520:9857:107b:1921:479c', '2024-06-26 00:30:37', 1),
(304, 'Delete', 'Item', 'The item is deleted: CONC VALLEY GUTTER 6IN', '2600:100a:b113:d520:9857:107b:1921:479c', '2024-06-26 00:30:37', 1),
(305, 'Delete', 'Item', 'The item is deleted: CONCRETE V GUTTER', '2600:100a:b113:d520:9857:107b:1921:479c', '2024-06-26 00:30:37', 1),
(306, 'Delete', 'Item', 'The item is deleted: CONC MEDIAN 6IN', '2600:100a:b113:d520:9857:107b:1921:479c', '2024-06-26 00:30:37', 1),
(307, 'Delete', 'Item', 'The item is deleted: CONC MEDIAN 4IN', '2600:100a:b113:d520:9857:107b:1921:479c', '2024-06-26 00:30:43', 1),
(308, 'Delete', 'Equation', 'The equation is deleted: Curb & Gutter, 8x30 IN', '2600:100a:b113:d520:9857:107b:1921:479c', '2024-06-26 00:30:51', 1),
(309, 'Delete', 'Equation', 'The equation is deleted: SW 6 IN, SF', '2600:100a:b113:d520:9857:107b:1921:479c', '2024-06-26 00:30:51', 1),
(310, 'Delete', 'Equation', 'The equation is deleted: SW, 4 IN, SF', '2600:100a:b113:d520:9857:107b:1921:479c', '2024-06-26 00:30:51', 1),
(311, 'Delete', 'Equation', 'The equation is deleted: SW, 4 IN, SY', '2600:100a:b113:d520:9857:107b:1921:479c', '2024-06-26 00:30:51', 1),
(312, 'Delete', 'Unit', 'The unit is deleted: CY', '2600:100a:b113:d520:9857:107b:1921:479c', '2024-06-26 00:31:02', 1),
(313, 'Delete', 'Unit', 'The unit is deleted: EA', '2600:100a:b113:d520:9857:107b:1921:479c', '2024-06-26 00:31:02', 1),
(314, 'Delete', 'Unit', 'The unit is deleted: LB', '2600:100a:b113:d520:9857:107b:1921:479c', '2024-06-26 00:31:02', 1),
(315, 'Delete', 'Unit', 'The unit is deleted: LF', '2600:100a:b113:d520:9857:107b:1921:479c', '2024-06-26 00:31:02', 1),
(316, 'Delete', 'Unit', 'The unit is deleted: LS', '2600:100a:b113:d520:9857:107b:1921:479c', '2024-06-26 00:31:02', 1),
(317, 'Delete', 'Unit', 'The unit is deleted: SY', '2600:100a:b113:d520:9857:107b:1921:479c', '2024-06-26 00:31:02', 1),
(318, 'Update', 'User', 'The user is modified: Administrator Concrete', '2600:100a:b113:d520:9857:107b:1921:479c', '2024-06-26 00:32:06', 1),
(498, 'Delete', 'Invoice', 'The invoice #1 is deleted', '2600:100a:b11d:8ec6:553f:d3a8:c01a:911f', '2024-07-10 14:12:59', 1),
(531, 'Add', 'Project', 'The project is added: 55', '2600:100a:b109:984:511b:f02f:f696:23db', '2024-08-07 03:05:18', 1),
(532, 'Add', 'Project', 'The project is added: 55', '2600:100a:b109:984:511b:f02f:f696:23db', '2024-08-07 03:06:46', 1),
(533, 'Update', 'Project', 'The project is modified: 55', '2600:100a:b109:984:511b:f02f:f696:23db', '2024-08-07 03:07:52', 1),
(534, 'Update', 'Project', 'The project is modified: 55', '2600:100a:b109:984:511b:f02f:f696:23db', '2024-08-07 03:08:41', 1),
(535, 'Update', 'Equation', 'The equation is modified: CATCH BASIN, TOP & THROAT', '2600:100a:b109:984:511b:f02f:f696:23db', '2024-08-07 03:26:57', 1),
(536, 'Update', 'Equation', 'The equation is modified: CATCH BASIN, TOP & THROAT', '2600:100a:b109:984:511b:f02f:f696:23db', '2024-08-07 03:27:04', 1),
(537, 'Add', 'Project', 'The project is added: 5', '174.210.1.82', '2024-08-11 02:06:41', 1),
(538, 'Delete', 'Project', 'The project is deleted: 5', '174.210.1.82', '2024-08-11 02:06:54', 1),
(582, 'Update', 'Project', 'The project is modified: Bridge Construction on SR14 over CSX Railroad', '2600:100a:b118:feca:29cf:109b:cdb6:7bda', '2024-10-06 13:43:55', 1),
(583, 'Update', 'Project', 'The project is modified: Bridge Construction on SR14 over CSX Railroad', '2600:100a:b118:feca:29cf:109b:cdb6:7bda', '2024-10-06 13:44:06', 1),
(584, 'Update', 'Project', 'The project is modified: Bridge Construction on SR14 over CSX Railroad', '2600:100a:b118:feca:29cf:109b:cdb6:7bda', '2024-10-06 13:50:52', 1),
(585, 'Update', 'Project', 'The project is modified: Bridge Construction on SR14 over CSX Railroad', '2600:100a:b118:feca:29cf:109b:cdb6:7bda', '2024-10-06 13:51:01', 1),
(586, 'Update', 'Project', 'The project is modified: Bridge Construction on SR14 over CSX Railroad', '2600:100a:b118:feca:29cf:109b:cdb6:7bda', '2024-10-06 13:51:09', 1),
(587, 'Update', 'Project', 'The project is modified: Windy Hill Boulevard', '2600:100a:b118:feca:29cf:109b:cdb6:7bda', '2024-10-06 14:00:33', 1),
(588, 'Update', 'Project', 'The project is modified: Windy Hill Boulevard', '2600:100a:b118:feca:29cf:109b:cdb6:7bda', '2024-10-06 14:01:16', 1),
(589, 'Update', 'Project', 'The project is modified: Windy Hill Boulevard', '2600:100a:b118:feca:29cf:109b:cdb6:7bda', '2024-10-06 14:03:50', 1),
(590, 'Update', 'Project', 'The project is modified: Windy Hill Boulevard', '2600:100a:b118:feca:29cf:109b:cdb6:7bda', '2024-10-06 14:04:10', 1),
(591, 'Update', 'Project', 'The project is modified: Windy Hill Boulevard', '2600:100a:b118:feca:29cf:109b:cdb6:7bda', '2024-10-06 14:04:37', 1),
(592, 'Update', 'Project', 'The project is modified: Bridge Construction on SR14 over CSX Railroad', '2600:100a:b118:feca:29cf:109b:cdb6:7bda', '2024-10-06 14:15:29', 1),
(593, 'Update', 'Project', 'The project is modified: Bridge Construction on SR14 over CSX Railroad', '2600:100a:b118:feca:29cf:109b:cdb6:7bda', '2024-10-06 14:15:36', 1),
(594, 'Update', 'Project', 'The project is modified: Bridge Construction on SR14 over CSX Railroad', '2600:100a:b118:feca:29cf:109b:cdb6:7bda', '2024-10-06 14:15:45', 1),
(595, 'Update', 'Project', 'The project is modified: Windy Hill Boulevard', '2600:100a:b118:feca:29cf:109b:cdb6:7bda', '2024-10-06 14:16:09', 1),
(596, 'Update', 'Project', 'The project is modified: Windy Hill Boulevard', '2600:100a:b118:feca:29cf:109b:cdb6:7bda', '2024-10-06 14:16:20', 1),
(597, 'Update', 'Project', 'The project is modified: Windy Hill Boulevard', '2600:100a:b118:feca:29cf:109b:cdb6:7bda', '2024-10-06 14:16:27', 1),
(598, 'Update', 'Project', 'The project is modified: Windy Hill Boulevard', '2600:100a:b118:feca:29cf:109b:cdb6:7bda', '2024-10-06 14:16:59', 1),
(599, 'Update', 'Project', 'The project is modified: Windy Hill Boulevard', '2600:100a:b118:feca:29cf:109b:cdb6:7bda', '2024-10-06 14:17:13', 1),
(600, 'Update', 'Project', 'The project is modified: Windy Hill Boulevard', '2600:100a:b118:feca:29cf:109b:cdb6:7bda', '2024-10-06 14:17:31', 1),
(601, 'Update', 'Project', 'The project is modified: Bridge Construction on SR14 over CSX Railroad', '2600:100a:b118:feca:29cf:109b:cdb6:7bda', '2024-10-06 14:17:51', 1),
(602, 'Update', 'Project', 'The project is modified: Bridge Construction on SR14 over CSX Railroad', '2600:100a:b118:feca:29cf:109b:cdb6:7bda', '2024-10-06 14:18:03', 1),
(603, 'Update', 'Project', 'The project is modified: Bridge Construction on SR14 over CSX Railroad', '2600:100a:b118:feca:29cf:109b:cdb6:7bda', '2024-10-06 14:18:34', 1),
(604, 'Update', 'Project', 'The project is modified: Bridge Construction on SR14 over CSX Railroad', '2600:100a:b118:feca:29cf:109b:cdb6:7bda', '2024-10-06 14:18:47', 1),
(605, 'Update', 'Project', 'The project is modified: Bridge Construction on SR14 over CSX Railroad', '2600:100a:b118:feca:29cf:109b:cdb6:7bda', '2024-10-06 14:19:04', 1),
(606, 'Update', 'Project', 'The project is modified: Bridge Construction on SR14 over CSX Railroad', '2600:100a:b118:feca:29cf:109b:cdb6:7bda', '2024-10-06 14:21:44', 1),
(607, 'Update', 'Project', 'The project is modified: Bridge Construction on SR14 over CSX Railroad', '2600:100a:b118:feca:29cf:109b:cdb6:7bda', '2024-10-06 14:22:18', 1),
(608, 'Update', 'Project', 'The project is modified: Bridge Construction on SR14 over CSX Railroad', '2600:100a:b118:feca:29cf:109b:cdb6:7bda', '2024-10-06 14:23:32', 1),
(609, 'Update', 'Project', 'The project is modified: Bridge Construction on SR14 over CSX Railroad', '2600:100a:b118:feca:29cf:109b:cdb6:7bda', '2024-10-06 14:33:58', 1),
(610, 'Update', 'Project', 'The project is modified: Bridge Construction on SR14 over CSX Railroad', '2600:100a:b118:feca:29cf:109b:cdb6:7bda', '2024-10-06 14:34:08', 1),
(611, 'Update', 'Project', 'The project is modified: Bridge Construction on SR14 over CSX Railroad', '2600:100a:b118:feca:29cf:109b:cdb6:7bda', '2024-10-06 14:34:14', 1),
(612, 'Update', 'Project', 'The project is modified: Bridge Construction on SR14 over CSX Railroad', '2600:100a:b118:feca:29cf:109b:cdb6:7bda', '2024-10-06 14:34:21', 1),
(613, 'Update', 'Project', 'The project is modified: Bridge Construction on SR14 over CSX Railroad', '2600:100a:b118:feca:29cf:109b:cdb6:7bda', '2024-10-06 14:34:28', 1),
(614, 'Update', 'Project', 'The project is modified: Windy Hill Boulevard', '2600:100a:b118:feca:29cf:109b:cdb6:7bda', '2024-10-06 14:35:25', 1);
INSERT INTO `log` (`log_id`, `operation`, `category`, `description`, `ip`, `created_at`, `user_id`) VALUES
(615, 'Update', 'Project', 'The project is modified: Windy Hill Boulevard', '2600:100a:b118:feca:29cf:109b:cdb6:7bda', '2024-10-06 14:35:34', 1),
(616, 'Update', 'Project', 'The project is modified: Windy Hill Boulevard', '2600:100a:b118:feca:29cf:109b:cdb6:7bda', '2024-10-06 14:35:40', 1),
(617, 'Update', 'Project', 'The project is modified: Windy Hill Boulevard', '2600:100a:b118:feca:29cf:109b:cdb6:7bda', '2024-10-06 14:36:26', 1),
(618, 'Update', 'Project', 'The project is modified: Windy Hill Boulevard', '2600:100a:b118:feca:29cf:109b:cdb6:7bda', '2024-10-06 14:36:33', 1),
(619, 'Update', 'Project', 'The project is modified: Windy Hill Boulevard', '2600:100a:b118:feca:29cf:109b:cdb6:7bda', '2024-10-06 14:36:39', 1),
(620, 'Update', 'Project', 'The project is modified: Windy Hill Boulevard', '2600:100a:b118:feca:29cf:109b:cdb6:7bda', '2024-10-06 14:36:49', 1),
(621, 'Update', 'Project', 'The project is modified: Windy Hill Boulevard', '2600:100a:b118:feca:29cf:109b:cdb6:7bda', '2024-10-06 14:45:01', 1),
(622, 'Update', 'Project', 'The project is modified: Windy Hill Boulevard', '2600:100a:b118:feca:29cf:109b:cdb6:7bda', '2024-10-06 14:45:08', 1),
(842, 'Update', 'Project', 'The project is modified: 0006446 Harris, Muscogee HWY 27 Veterans Parkway', '2600:100a:b128:f528:e563:4bfa:d29a:6788', '2024-10-27 02:01:40', 1),
(843, 'Update', 'Project', 'The project is modified: 0006446 Harris, Muscogee HWY 27 Veterans Parkway', '2600:100a:b128:f528:e563:4bfa:d29a:6788', '2024-10-27 02:02:24', 1),
(844, 'Delete', 'Project Notes', 'The notes: Change Subcontract NO is delete from project: 0006446 Harris, Muscogee HWY 27 Veterans Parkway', '2600:100a:b128:f528:e563:4bfa:d29a:6788', '2024-10-27 02:04:23', 1),
(845, 'Delete', 'Project Notes', 'The notes: Change Subcontract NO is delete from project: 0006446 Harris, Muscogee HWY 27 Veterans Parkway', '2600:100a:b128:f528:e563:4bfa:d29a:6788', '2024-10-27 02:04:27', 1),
(846, 'Update', 'Project', 'The project is modified: 0006446 Harris, Muscogee HWY 27 Veterans Parkway 1', '2600:100a:b125:d44f:aca8:a519:8bc5:3b6b', '2024-10-27 02:22:33', 1),
(847, 'Update', 'Project', 'The project is modified: 0006446 Harris, Muscogee HWY 27 Veterans Parkway', '2600:100a:b125:d44f:aca8:a519:8bc5:3b6b', '2024-10-27 02:24:54', 1),
(848, 'Delete', 'Project Notes', 'The notes: Change name is delete from project: 0006446 Harris, Muscogee HWY 27 Veterans Parkway', '2600:100a:b125:d44f:aca8:a519:8bc5:3b6b', '2024-10-27 02:25:04', 1),
(849, 'Delete', 'Project Notes', 'The notes: Change name is delete from project: 0006446 Harris, Muscogee HWY 27 Veterans Parkway', '2600:100a:b125:d44f:aca8:a519:8bc5:3b6b', '2024-10-27 02:25:08', 1),
(850, 'Update', 'Project', 'The project is modified: 0006446 Harris, Muscogee HWY 27 Veterans Parkway', '2600:100a:b125:d44f:aca8:a519:8bc5:3b6b', '2024-10-27 02:25:16', 1),
(851, 'Update', 'Project', 'The project is modified: 0006446 Harris, Muscogee HWY 27 Veterans Parkway', '2600:100a:b125:d44f:aca8:a519:8bc5:3b6b', '2024-10-27 02:26:33', 1),
(852, 'Update', 'Project', 'The project is modified: 0006446 Harris, Muscogee HWY 27 Veterans Parkway', '2600:100a:b125:d44f:aca8:a519:8bc5:3b6b', '2024-10-27 02:26:49', 1),
(853, 'Delete', 'Project Notes', 'The notes: Change owner is delete from project: 0006446 Harris, Muscogee HWY 27 Veterans Parkway', '2600:100a:b125:d44f:aca8:a519:8bc5:3b6b', '2024-10-27 02:27:10', 1),
(854, 'Delete', 'Project Notes', 'The notes: Change owner is delete from project: 0006446 Harris, Muscogee HWY 27 Veterans Parkway', '2600:100a:b125:d44f:aca8:a519:8bc5:3b6b', '2024-10-27 02:27:15', 1),
(855, 'Delete', 'Project Notes', 'The notes: Change federal funding is delete from project: 0006446 Harris, Muscogee HWY 27 Veterans Parkway', '2600:100a:b125:d44f:aca8:a519:8bc5:3b6b', '2024-10-27 02:27:18', 1),
(856, 'Update', 'Project', 'The project is modified: 0006446 Harris, Muscogee HWY 27 Veterans Parkway', '2600:100a:b125:d44f:aca8:a519:8bc5:3b6b', '2024-10-27 02:27:25', 1),
(857, 'Update', 'Project', 'The project is modified: 0006446 Harris, Muscogee HWY 27 Veterans Parkway', '2600:100a:b125:d44f:aca8:a519:8bc5:3b6b', '2024-10-27 02:27:48', 1),
(858, 'Delete', 'Project Notes', 'The notes: Change federal funding is delete from project: 0006446 Harris, Muscogee HWY 27 Veterans Parkway', '2600:100a:b125:d44f:aca8:a519:8bc5:3b6b', '2024-10-27 02:28:07', 1),
(859, 'Delete', 'Project Notes', 'The notes: Change county is delete from project: 0006446 Harris, Muscogee HWY 27 Veterans Parkway', '2600:100a:b125:d44f:aca8:a519:8bc5:3b6b', '2024-10-27 02:28:11', 1),
(860, 'Update', 'Project', 'The project is modified: 0006446 Harris, Muscogee HWY 27 Veterans Parkway', '2600:100a:b125:d44f:aca8:a519:8bc5:3b6b', '2024-10-27 02:28:19', 1),
(861, 'Delete', 'Project Notes', 'The notes: Change county is delete from project: 0006446 Harris, Muscogee HWY 27 Veterans Parkway', '2600:100a:b125:d44f:aca8:a519:8bc5:3b6b', '2024-10-27 02:28:31', 1),
(862, 'Update', 'Project', 'The project is modified: 0006446 Harris, Muscogee HWY 27 Veterans Parkway h', '2600:100a:b125:d44f:aca8:a519:8bc5:3b6b', '2024-10-27 02:28:51', 1),
(863, 'Update', 'Project', 'The project is modified: 0006446 Harris, Muscogee HWY 27 Veterans Parkway', '2600:100a:b125:d44f:aca8:a519:8bc5:3b6b', '2024-10-27 02:29:00', 1),
(864, 'Delete', 'Project Notes', 'The notes: Change name is delete from project: 0006446 Harris, Muscogee HWY 27 Veterans Parkway', '2600:100a:b125:d44f:aca8:a519:8bc5:3b6b', '2024-10-27 02:29:10', 1),
(865, 'Delete', 'Project Notes', 'The notes: Change name is delete from project: 0006446 Harris, Muscogee HWY 27 Veterans Parkway', '2600:100a:b125:d44f:aca8:a519:8bc5:3b6b', '2024-10-27 02:29:13', 1),
(866, 'Update', 'Project', 'The project is modified: 0006446 Harris, Muscogee HWY 27 Veterans Parkway 3', '2600:100a:b125:d44f:aca8:a519:8bc5:3b6b', '2024-10-28 01:59:41', 1),
(867, 'Delete', 'Project Notes', 'The notes: Change description, old value: 0006446 Harris, Muscogee HWY 27 Veterans Parkway is delete from project: 0006446 Harris, Muscogee HWY 27 Veterans Parkway 3', '2600:100a:b125:d44f:aca8:a519:8bc5:3b6b', '2024-10-28 02:00:08', 1),
(868, 'Update', 'Project', 'The project is modified: 0006446 Harris, Muscogee HWY 27 Veterans Parkway ', '2600:100a:b125:d44f:aca8:a519:8bc5:3b6b', '2024-10-28 02:00:17', 1),
(869, 'Delete', 'Project Notes', 'The notes: Change description, old value: 0006446 Harris, Muscogee HWY 27 Veterans Parkway 3 is delete from project: 0006446 Harris, Muscogee HWY 27 Veterans Parkway ', '2600:100a:b125:d44f:aca8:a519:8bc5:3b6b', '2024-10-28 02:00:27', 1),
(870, 'Update', 'Project', 'The project is modified: 0006446 Harris, Muscogee HWY 27 Veterans Parkway 5', '2600:100a:b125:d44f:aca8:a519:8bc5:3b6b', '2024-10-28 02:00:47', 1),
(871, 'Update', 'Project', 'The project is modified: 0006446 Harris, Muscogee HWY 27 Veterans Parkway ', '2600:100a:b125:d44f:aca8:a519:8bc5:3b6b', '2024-10-28 02:02:03', 1),
(872, 'Update', 'Project', 'The project is modified: 0006446 Harris, Muscogee HWY 27 Veterans Parkway ', '2600:100a:b125:d44f:aca8:a519:8bc5:3b6b', '2024-10-28 02:02:09', 1),
(873, 'Delete', 'Project Notes', 'The notes 10/06/2024 and  is delete from project: 0006446 Harris, Muscogee HWY 27 Veterans Parkway ', '2600:100a:b125:d44f:aca8:a519:8bc5:3b6b', '2024-10-28 02:05:06', 1),
(897, 'Update', 'Project', 'The project is modified: 0006446 Harris, Muscogee HWY 27 Veterans Parkway ', '2600:100a:b124:8927:5c41:39d7:5c33:73f', '2024-10-29 00:14:40', 1),
(898, 'Update', 'Project', 'The project is modified: 0006446 Harris, Muscogee HWY 27 Veterans Parkway ', '2600:100a:b124:8927:5c41:39d7:5c33:73f', '2024-10-29 00:15:21', 1),
(899, 'Update', 'Project', 'The project is modified: 0006446 Harris, Muscogee HWY 27 Veterans Parkway ', '2600:100a:b124:8927:5c41:39d7:5c33:73f', '2024-10-29 00:17:39', 1),
(900, 'Delete', 'Project Notes', 'The notes 10/28/2024 and  is delete from project: 0006446 Harris, Muscogee HWY 27 Veterans Parkway ', '2600:100a:b124:8927:5c41:39d7:5c33:73f', '2024-10-29 00:18:55', 1),
(901, 'Update', 'Project', 'The project is modified: 0006446 Harris, Muscogee HWY 27 Veterans Parkway ', '2600:100a:b124:8927:5c41:39d7:5c33:73f', '2024-10-29 00:19:04', 1),
(902, 'Update', 'Project', 'The project is modified: 0006446 Harris, Muscogee HWY 27 Veterans Parkway ', '2600:100a:b124:8927:5c41:39d7:5c33:73f', '2024-10-29 00:20:28', 1),
(903, 'Update', 'Project', 'The project is modified: 0006446 Harris, Muscogee HWY 27 Veterans Parkway ', '2600:100a:b124:8927:5c41:39d7:5c33:73f', '2024-10-29 00:21:07', 1),
(904, 'Delete', 'Project Notes', 'The notes 10/28/2024 and  is delete from project: 0006446 Harris, Muscogee HWY 27 Veterans Parkway ', '2600:100a:b124:8927:5c41:39d7:5c33:73f', '2024-10-29 00:21:40', 1),
(905, 'Update', 'Project', 'The project is modified: 0006446 Harris, Muscogee HWY 27 Veterans Parkway ', '2600:100a:b124:8927:5c41:39d7:5c33:73f', '2024-10-29 00:22:00', 1),
(906, 'Update', 'Project', 'The project is modified: 0006446 Harris, Muscogee HWY 27 Veterans Parkway ', '2600:100a:b124:8927:5c41:39d7:5c33:73f', '2024-10-29 00:23:38', 1),
(907, 'Delete', 'Project Notes', 'The notes 10/28/2024 and  is delete from project: 0006446 Harris, Muscogee HWY 27 Veterans Parkway ', '2600:100a:b124:8927:5c41:39d7:5c33:73f', '2024-10-29 00:26:00', 1),
(975, 'Update', 'Project', 'The project is modified: 0006446 Harris, Muscogee HWY 27 Veterans Parkway ', '2600:100a:b10c:438a:316a:e94d:910a:7e7f', '2024-11-08 02:03:58', 1),
(976, 'Update', 'Project', 'The project is modified: 0006446 Harris, Muscogee HWY 27 Veterans Parkway ', '2600:100a:b10c:438a:316a:e94d:910a:7e7f', '2024-11-08 02:04:14', 1),
(977, 'Update', 'Project', 'The project is modified: 0006446 Harris, Muscogee HWY 27 Veterans Parkway ', '2600:100a:b10c:438a:316a:e94d:910a:7e7f', '2024-11-08 02:04:38', 1),
(978, 'Delete', 'Project Notes', 'The notes 11/07/2024 and  is delete from project: 0006446 Harris, Muscogee HWY 27 Veterans Parkway ', '2600:100a:b10c:438a:316a:e94d:910a:7e7f', '2024-11-08 02:04:55', 1),
(979, 'Update', 'Project', 'The project is modified: 0006446 Harris, Muscogee HWY 27 Veterans Parkway ', '2600:100a:b10c:438a:316a:e94d:910a:7e7f', '2024-11-08 02:05:05', 1),
(980, 'Update', 'Project', 'The project is modified: 0006446 Harris, Muscogee HWY 27 Veterans Parkway ', '2600:100a:b10c:438a:316a:e94d:910a:7e7f', '2024-11-08 02:05:25', 1),
(981, 'Update', 'Project', 'The project is modified: 0006446 Harris, Muscogee HWY 27 Veterans Parkway ', '2600:100a:b10c:438a:316a:e94d:910a:7e7f', '2024-11-08 02:05:49', 1),
(982, 'Delete', 'Project Notes', 'The notes 11/07/2024 and  is delete from project: 0006446 Harris, Muscogee HWY 27 Veterans Parkway ', '2600:100a:b10c:438a:316a:e94d:910a:7e7f', '2024-11-08 02:06:05', 1),
(983, 'Update', 'Project', 'The project is modified: ROGERS BRIDGE @ CHATAHOOCHE RIVER - PEDESTRIAN BRIDGE', '2600:100a:b10c:438a:316a:e94d:910a:7e7f', '2024-11-08 02:11:24', 1),
(984, 'Delete', 'Project Notes', 'The notes: Change end date, old value: 05/18/2025 is delete from project: ROGERS BRIDGE @ CHATAHOOCHE RIVER - PEDESTRIAN BRIDGE', '2600:100a:b10c:438a:316a:e94d:910a:7e7f', '2024-11-08 02:11:37', 1),
(985, 'Update', 'Project', 'The project is modified: ROGERS BRIDGE @ CHATAHOOCHE RIVER - PEDESTRIAN BRIDGE', '2600:100a:b10c:438a:316a:e94d:910a:7e7f', '2024-11-08 02:11:53', 1),
(986, 'Delete', 'Project Notes', 'The notes: Change end date, old value: 05/17/2025 is delete from project: ROGERS BRIDGE @ CHATAHOOCHE RIVER - PEDESTRIAN BRIDGE', '2600:100a:b10c:438a:316a:e94d:910a:7e7f', '2024-11-08 02:12:02', 1),
(987, 'Update', 'Project', 'The project is modified: ROGERS BRIDGE @ CHATAHOOCHE RIVER - PEDESTRIAN BRIDGE', '2600:100a:b10c:438a:316a:e94d:910a:7e7f', '2024-11-08 02:12:15', 1),
(988, 'Update', 'Project', 'The project is modified: ROGERS BRIDGE @ CHATAHOOCHE RIVER - PEDESTRIAN BRIDGE', '2600:100a:b10c:438a:316a:e94d:910a:7e7f', '2024-11-08 02:12:37', 1),
(989, 'Delete', 'Project Notes', 'The notes: Change end date, old value: 09/02/2024 is delete from project: ROGERS BRIDGE @ CHATAHOOCHE RIVER - PEDESTRIAN BRIDGE', '2600:100a:b10c:438a:316a:e94d:910a:7e7f', '2024-11-08 02:12:47', 1),
(990, 'Delete', 'Project Notes', 'The notes: Change end date, old value: 05/18/2025 is delete from project: ROGERS BRIDGE @ CHATAHOOCHE RIVER - PEDESTRIAN BRIDGE', '2600:100a:b10c:438a:316a:e94d:910a:7e7f', '2024-11-08 02:12:51', 1),
(1056, 'Add', 'Data Tracking', 'The data tracking is add, Project: BP02020 - Windy Hill Boulevard, Date: 11/23/2024', '2600:100a:b126:efce:84eb:e373:f1e3:c879', '2024-11-24 02:28:48', 1),
(1058, 'Update', 'Data Tracking', 'The data tracking is modified, Project: BP02020 - Windy Hill Boulevard, Date: 11/23/2024', '2600:100a:b126:efce:84eb:e373:f1e3:c879', '2024-11-24 03:09:52', 1),
(1060, 'Delete', 'Data Tracking', 'The conc vendor of the data tracking is deleted, Conc Vendor: a, Project: BP02020 - Windy Hill Boulevard, Date: 11/23/2024', '2600:100a:b126:efce:84eb:e373:f1e3:c879', '2024-11-24 03:10:26', 1),
(1061, 'Delete', 'Data Tracking', 'The conc vendor of the data tracking is deleted, Conc Vendor: 4, Project: BP02020 - Windy Hill Boulevard, Date: 11/23/2024', '2600:100a:b126:efce:84eb:e373:f1e3:c879', '2024-11-24 03:10:28', 1),
(1062, 'Update', 'Data Tracking', 'The data tracking is modified, Project: BP02020 - Windy Hill Boulevard, Date: 11/23/2024', '2600:100a:b126:efce:84eb:e373:f1e3:c879', '2024-11-24 03:11:52', 1),
(1063, 'Delete', 'Data Tracking', 'The conc vendor of the data tracking is deleted, Conc Vendor: 5, Project: BP02020 - Windy Hill Boulevard, Date: 11/23/2024', '2600:100a:b126:efce:84eb:e373:f1e3:c879', '2024-11-24 03:12:04', 1),
(1064, 'Update', 'Data Tracking', 'The data tracking is modified, Project: BP02020 - Windy Hill Boulevard, Date: 11/23/2024', '2600:100a:b126:efce:84eb:e373:f1e3:c879', '2024-11-24 03:12:06', 1),
(1065, 'Update', 'Data Tracking', 'The data tracking is modified, Project: BP02020 - Windy Hill Boulevard, Date: 11/23/2024', '2600:100a:b126:efce:84eb:e373:f1e3:c879', '2024-11-24 03:12:37', 1),
(1066, 'Delete', 'Data Tracking', 'The conc vendor of the data tracking is deleted, Conc Vendor: 4, Project: BP02020 - Windy Hill Boulevard, Date: 11/23/2024', '2600:100a:b126:efce:84eb:e373:f1e3:c879', '2024-11-24 03:12:46', 1),
(1067, 'Delete', 'Data Tracking', 'The conc vendor of the data tracking is deleted, Conc Vendor: 5, Project: BP02020 - Windy Hill Boulevard, Date: 11/23/2024', '2600:100a:b126:efce:84eb:e373:f1e3:c879', '2024-11-24 03:12:49', 1),
(1068, 'Update', 'Data Tracking', 'The data tracking is modified, Project: BP02020 - Windy Hill Boulevard, Date: 11/23/2024', '2600:100a:b126:efce:84eb:e373:f1e3:c879', '2024-11-24 03:12:51', 1),
(1341, 'Update', 'Project', 'The project is modified: 0006446 Harris, Muscogee HWY 27 Veterans Parkway ', '2600:100a:b11c:3a9b:48:b551:9208:b654', '2024-12-03 02:28:02', 1),
(1406, 'Add', 'Invoice', 'The invoice #2 is added', '2600:100a:b12c:3862:64bd:23c1:c1b0:756f', '2024-12-23 03:08:34', 1),
(1407, 'Delete', 'Invoice', 'The invoice #2 is deleted', '2600:100a:b12c:3862:64bd:23c1:c1b0:756f', '2024-12-23 03:08:59', 1),
(1905, 'Update', 'User', 'The user is modified: Administrator Concrete', '64.83.241.11', '2025-01-23 19:35:12', 1),
(1913, 'Add', 'Project Notes', 'The notes: nnnnnn is add to the project: 0006446 Harris, Muscogee HWY 27 Veterans Parkway ', '2600:100a:b113:9993:8c53:3a66:8b9:4c05', '2025-01-24 14:14:38', 1),
(1915, 'Delete', 'Project Notes', 'The notes: they changed the the notes section . testing testing is delete from project: 0006446 Harris, Muscogee HWY 27 Veterans Parkway ', '2600:100a:b113:9993:8c53:3a66:8b9:4c05', '2025-01-24 14:14:50', 1),
(1916, 'Delete', 'Project Notes', 'The notes: nnnnnn is delete from project: 0006446 Harris, Muscogee HWY 27 Veterans Parkway ', '2600:100a:b113:9993:8c53:3a66:8b9:4c05', '2025-01-24 14:14:55', 1),
(2048, 'Add', 'User', 'The user is added: Test Test', '2600:100a:b11a:dacc:41:379f:9632:486a', '2025-01-30 23:06:03', 1),
(2049, 'Delete', 'User', 'The user is deleted: Test Test', '2600:100a:b11a:dacc:41:379f:9632:486a', '2025-01-30 23:27:54', 1),
(2514, 'Delete', 'Project', 'The project is deleted: ddd', '174.210.2.76', '2025-02-14 02:46:19', 1),
(2636, 'Delete', 'Project Item', 'The item: CONC MEDIAN CAP 4 IN of the project is deleted', '2600:100a:b123:38a4:8044:d6:31d9:30ec', '2025-02-16 03:10:40', 1),
(2637, 'Delete', 'Project Item', 'The item: CONC MEDIAN CAP 4 IN of the project is deleted', '2600:100a:b123:38a4:8044:d6:31d9:30ec', '2025-02-16 03:12:08', 1),
(2638, 'Delete', 'Item', 'The item is deleted: CONC MEDIAN CAP 4 IN', '2600:100a:b123:38a4:8044:d6:31d9:30ec', '2025-02-16 03:12:22', 1),
(2639, 'Delete', 'Item', 'The item is deleted: CONC MEDIAN CAP 4 IN', '2600:100a:b123:38a4:8044:d6:31d9:30ec', '2025-02-16 03:12:22', 1),
(2826, 'Update', 'Data Tracking', 'The data tracking is modified, Project: TTC00000000001 - TESTING PROJECT FOR SOFTWARE, Date: 02/14/2025', '2600:100a:b12d:30aa:1138:b132:4444:acf7', '2025-02-19 01:39:17', 1),
(2827, 'Update', 'Data Tracking', 'The data tracking is modified, Project: TTC00000000001 - TESTING PROJECT FOR SOFTWARE, Date: 02/14/2025', '2600:100a:b12d:30aa:1138:b132:4444:acf7', '2025-02-19 01:43:43', 1),
(2923, 'Update', 'Data Tracking', 'The data tracking is modified, Project: TTC00000000001 - TESTING PROJECT FOR SOFTWARE, Date: 02/10/2025', '2600:100a:b12a:578d:c45a:c1c5:ea5e:8fee', '2025-02-20 00:26:31', 1),
(2924, 'Update', 'Data Tracking', 'The data tracking is modified, Project: TTC00000000001 - TESTING PROJECT FOR SOFTWARE, Date: 02/10/2025', '2600:100a:b12a:578d:c45a:c1c5:ea5e:8fee', '2025-02-20 00:29:20', 1),
(2925, 'Update', 'Data Tracking', 'The data tracking is modified, Project: TTC00000000001 - TESTING PROJECT FOR SOFTWARE, Date: 02/10/2025', '2600:100a:b12a:578d:c45a:c1c5:ea5e:8fee', '2025-02-20 01:49:32', 1),
(2926, 'Update', 'Data Tracking', 'The data tracking is modified, Project: TTC00000000001 - TESTING PROJECT FOR SOFTWARE, Date: 02/10/2025', '2600:100a:b12a:578d:c45a:c1c5:ea5e:8fee', '2025-02-20 01:50:19', 1),
(2927, 'Update', 'Data Tracking', 'The data tracking is modified, Project: TTC00000000001 - TESTING PROJECT FOR SOFTWARE, Date: 02/10/2025', '2600:100a:b12a:578d:c45a:c1c5:ea5e:8fee', '2025-02-20 01:59:03', 1),
(2928, 'Update', 'Data Tracking', 'The data tracking is modified, Project: TTC00000000001 - TESTING PROJECT FOR SOFTWARE, Date: 02/10/2025', '2600:100a:b12a:578d:c45a:c1c5:ea5e:8fee', '2025-02-20 01:59:25', 1),
(2929, 'Delete', 'Data Tracking', 'The subcontract item of the data tracking is deleted, Item: 12 IN HEADER CURB, Project: TTC00000000001 - TESTING PROJECT FOR SOFTWARE, Date: 02/10/2025', '2600:100a:b12a:578d:c45a:c1c5:ea5e:8fee', '2025-02-20 01:59:37', 1),
(2930, 'Update', 'Data Tracking', 'The data tracking is modified, Project: TTC00000000001 - TESTING PROJECT FOR SOFTWARE, Date: 02/10/2025', '2600:100a:b12a:578d:c45a:c1c5:ea5e:8fee', '2025-02-20 01:59:39', 1),
(2931, 'Update', 'Project', 'The project is modified: TESTING PROJECT FOR SOFTWARE', '2600:100a:b123:47a4:b8c8:53e3:1edf:d91d', '2025-02-20 15:42:20', 1),
(2935, 'Update', 'Data Tracking', 'The data tracking is modified, Project: TTC00000000001 - TESTING PROJECT FOR SOFTWARE, Date: 02/10/2025', '2600:100a:b116:7043:7d10:ef1d:e7a4:c6', '2025-02-23 05:05:43', 1),
(3128, 'Add', 'User', 'The user is added: Test Test', '2600:100a:b11c:ba6d:802c:7bdb:671a:6f64', '2025-03-01 14:15:16', 1),
(3129, 'Add', 'Advertisement', 'The advertisement is added: Announcements:', '64.83.241.53', '2025-03-03 15:05:48', 1),
(3130, 'Update', 'User', 'The user is modified: Joanna Valdez', '64.83.241.53', '2025-03-03 15:10:09', 1),
(3131, 'Update', 'User', 'The user is modified: Alicee Royster', '64.83.241.53', '2025-03-03 15:10:19', 1),
(3132, 'Update', 'User', 'The user is modified: Todd Royster', '64.83.241.53', '2025-03-03 15:12:04', 1),
(3195, 'Delete', 'Advertisement', 'The advertisement is deleted: Announcements:', '2600:100a:b106:7eaf:acef:201e:8e3f:2e99', '2025-03-04 00:40:40', 1),
(3196, 'Delete', 'User', 'The user is deleted: Alicee Royster', '::1', '2025-03-04 15:07:13', 1),
(3197, 'Delete', 'User', 'The user is deleted: Anahi Garcia', '::1', '2025-03-04 15:07:13', 1),
(3198, 'Delete', 'User', 'The user is deleted: David Avellaneda', '::1', '2025-03-04 15:07:13', 1),
(3199, 'Delete', 'User', 'The user is deleted: Jessica Dille', '::1', '2025-03-04 15:07:13', 1),
(3200, 'Delete', 'User', 'The user is deleted: Joanna Valdez', '::1', '2025-03-04 15:07:14', 1),
(3201, 'Delete', 'User', 'The user is deleted: Karen Forges', '::1', '2025-03-04 15:07:14', 1),
(3202, 'Delete', 'User', 'The user is deleted: Marc Lorme', '::1', '2025-03-04 15:07:15', 1),
(3203, 'Delete', 'User', 'The user is deleted: Samuel Aguirre', '::1', '2025-03-04 15:07:15', 1),
(3204, 'Delete', 'User', 'The user is deleted: Test Test', '::1', '2025-03-04 15:07:15', 1),
(3205, 'Delete', 'User', 'The user is deleted: Todd Royster', '::1', '2025-03-04 15:07:15', 1),
(3206, 'Add', 'Equation', 'The equation is added: test', '::1', '2025-03-21 22:53:08', 1),
(3207, 'Delete', 'Equation', 'The equation is deleted: test', '::1', '2025-03-21 22:57:49', 1),
(3208, 'Add', 'Inspector', 'The inspector is added: test', '::1', '2025-03-29 18:55:12', 1),
(3209, 'Update', 'Inspector', 'The inspector is modified: test', '::1', '2025-03-29 18:55:17', 1),
(3210, 'Update', 'Inspector', 'The inspector is modified: test', '::1', '2025-03-29 18:55:45', 1),
(3211, 'Update', 'Inspector', 'The inspector is modified: test', '::1', '2025-03-29 19:01:23', 1),
(3212, 'Delete', 'Inspector', 'The inspector is deleted: test', '::1', '2025-03-29 19:01:33', 1),
(3213, 'Add', 'Inspector', 'The inspector is added: Test', '::1', '2025-03-29 19:02:58', 1),
(3214, 'Delete', 'Inspector', 'The inspector is deleted: Test', '::1', '2025-03-29 19:03:09', 1),
(3215, 'Update', 'Item', 'The item is modified: CONC SIDEWALK, 4 IN', '::1', '2025-03-31 23:14:26', 1),
(3216, 'Update', 'Item', 'The item is modified: CONC SIDEWALK, 4 IN', '::1', '2025-03-31 23:16:21', 1),
(3217, 'Update', 'Item', 'The item is modified: CONC SIDEWALK 8 IN', '::1', '2025-03-31 23:17:03', 1),
(3218, 'Update', 'Item', 'The item is modified: CONC SIDEWALK 8 IN', '::1', '2025-03-31 23:17:44', 1),
(3219, 'Update', 'Item', 'The item is modified: CONC SIDEWALK 8 IN', '::1', '2025-03-31 23:18:22', 1),
(3220, 'Update', 'Item', 'The item is modified: CONC SIDEWALK 8 IN', '::1', '2025-03-31 23:19:48', 1),
(3221, 'Update', 'Item', 'The item is modified: CONC SIDEWALK 8 IN', '::1', '2025-03-31 23:21:42', 1),
(3222, 'Update', 'Item', 'The item is modified: CONC SIDEWALK 8 IN', '::1', '2025-03-31 23:23:06', 1),
(3223, 'Update', 'Item', 'The item is modified: CONC SIDEWALK 8 IN', '::1', '2025-03-31 23:23:23', 1),
(3224, 'Update', 'Item', 'The item is modified: CONC SIDEWALK 8 IN', '::1', '2025-03-31 23:23:38', 1),
(3225, 'Update', 'Item', 'The item is modified: CONC SIDEWALK 8 IN', '::1', '2025-03-31 23:23:55', 1),
(3226, 'Add', 'Subcontractor', 'The subcontractor is added: Disrupsoft', '::1', '2025-04-03 21:14:30', 1),
(3227, 'Add', 'Subcontractor Employee', 'The employee: Marcel Curbelo Carmona is add to the subcontractor: Disrupsoft', '::1', '2025-04-03 21:19:34', 1),
(3228, 'Add', 'Subcontractor Employee', 'The employee: Marcel Curbelo Carmona is add to the subcontractor: Disrupsoft', '::1', '2025-04-03 21:21:05', 1),
(3229, 'Delete', 'Subcontractor Employee', 'The employee: Marcel Curbelo Carmona is delete from subcontractor: Disrupsoft', '::1', '2025-04-03 21:27:10', 1),
(3230, 'Update', 'Subcontractor Employee', 'The employee: Marcel Curbelo Carmona is modified to the subcontractor: Disrupsoft', '::1', '2025-04-03 21:27:16', 1),
(3231, 'Add', 'Subcontractor Notes', 'The notes: hjhjhjjh is add to the subcontractor: Disrupsoft', '::1', '2025-04-03 21:30:07', 1),
(3232, 'Add', 'Subcontractor Employee', 'The employee: Andres Iglesias is add to the subcontractor: Disrupsoft', '::1', '2025-04-03 21:30:26', 1),
(3233, 'Update', 'Subcontractor', 'The subcontractor is modified: Disrupsoft', '::1', '2025-04-03 21:30:33', 1),
(3234, 'Add', 'Subcontractor Employee', 'The employee: Geydis Marquez is add to the subcontractor: Disrupsoft', '::1', '2025-04-04 17:48:31', 1),
(3235, 'Update', 'Data Tracking', 'The data tracking is modified, Project: ERS05055 - EVERMORE NORTH BLVD, Date: 03/01/2025', '::1', '2025-04-04 18:13:20', 1),
(3236, 'Update', 'Data Tracking', 'The data tracking is modified, Project: ERS05055 - EVERMORE NORTH BLVD, Date: 03/01/2025', '::1', '2025-04-04 18:46:27', 1),
(3237, 'Update', 'Data Tracking', 'The data tracking is modified, Project: ERS05055 - EVERMORE NORTH BLVD, Date: 03/01/2025', '::1', '2025-04-04 19:33:14', 1),
(3238, 'Update', 'Subcontractor', 'The subcontractor is modified: Disrupsoft', '::1', '2025-04-08 01:25:36', 1),
(3239, 'Add', 'Subcontractor', 'The subcontractor is added: test', '::1', '2025-04-10 22:58:57', 1),
(3240, 'Delete', 'Subcontractor', 'The subcontractor is deleted: test', '::1', '2025-04-10 22:59:08', 1),
(3241, 'Update', 'Project', 'The project is modified: SR 59 BRIDGE', '::1', '2025-04-16 01:22:09', 1),
(3242, 'Update', 'Project', 'The project is modified: 18 TRAFFIC', '::1', '2025-04-16 01:28:20', 1),
(3243, 'Update', 'Invoice', 'The invoice #1 is modified', '::1', '2025-04-16 01:35:31', 1),
(3244, 'Update', 'Company', 'The company is modified: AMERICAN LIGHTING & SIGNALIZATION, LLC.', '127.0.0.1', '2025-04-19 01:44:41', 1),
(3245, 'Update', 'Project', 'The project is modified: efrewrewr', '::1', '2025-04-19 01:53:30', 1),
(3246, 'Update', 'Project', 'The project is modified: efrewrewr', '::1', '2025-04-19 01:53:32', 1),
(3247, 'Update', 'Subcontractor', 'The subcontractor is modified: Disrupsoft', '::1', '2025-04-19 01:54:15', 1),
(3248, 'Update', 'Data Tracking', 'The data tracking is modified, Project: ERS05055 - , Date: 03/01/2025', '::1', '2025-04-19 01:59:24', 1),
(3249, 'Update', 'Unit', 'The unit is modified: BUCKET', '::1', '2025-04-19 02:04:46', 1),
(3250, 'Update', 'Rol', 'The rol is modified: Accounting', '::1', '2025-04-19 02:05:19', 1),
(3251, 'Update', 'User', 'The user is modified: Administrator Concrete', '::1', '2025-04-19 02:05:26', 1),
(3252, 'Update', 'Data Tracking', 'The data tracking is modified, Project: ERS05055 - , Date: 03/01/2025', '::1', '2025-04-24 22:40:32', 1),
(3253, 'Add', 'Advertisement', 'The advertisement is added: Prueba', '::1', '2025-04-27 14:00:18', 1),
(3254, 'Delete', 'Project', 'The project is deleted: ', '::1', '2025-05-02 00:56:37', 1),
(3255, 'Add', 'Concrete Vendor', 'The concrete vendor is added: Disrupsoft', '::1', '2025-05-03 16:18:02', 1),
(3256, 'Update', 'Concrete Vendor', 'The concrete vendor is modified: Disrupsoft dfdf', '::1', '2025-05-03 16:18:50', 1),
(3257, 'Delete', 'Concrete Vendor', 'The concrete vendor is deleted: Disrupsoft dfdf', '::1', '2025-05-03 16:19:02', 1),
(3258, 'Update', 'Data Tracking', 'The data tracking is modified, Project: ERS05055 - , Date: 03/01/2025', '::1', '2025-05-03 16:59:41', 1),
(3259, 'Update', 'Data Tracking', 'The data tracking is modified, Project: ERS05055 - , Date: 03/01/2025', '::1', '2025-05-03 16:59:55', 1),
(3260, 'Update', 'Data Tracking', 'The data tracking is modified, Project: ERS05055 - , Date: 03/01/2025', '::1', '2025-05-03 17:07:07', 1),
(3261, 'Delete', 'Data Tracking', 'The conc vendor of the data tracking is deleted, Conc Vendor: CONCRETE ENTERPRISES, Project: ERS05055 - , Date: 03/01/2025', '::1', '2025-05-03 17:07:13', 1),
(3262, 'Update', 'Data Tracking', 'The data tracking is modified, Project: ERS05055 - , Date: 03/01/2025', '::1', '2025-05-03 17:07:15', 1),
(3263, 'Add', 'Schedule', 'The schedule is added: Prueba', '::1', '2025-05-03 19:46:35', 1),
(3264, 'Update', 'Schedule', 'The schedule is modified: Prueba', '::1', '2025-05-03 19:49:21', 1),
(3265, 'Delete', 'Schedule', 'The schedule is deleted: Prueba', '::1', '2025-05-03 19:49:55', 1),
(3266, 'Add', 'Schedule', 'The schedule is added: Prueba', '::1', '2025-05-03 19:59:14', 1),
(3267, 'Update', 'Concrete Vendor', 'The concrete vendor is modified: ARG', '::1', '2025-05-03 20:48:44', 1),
(3268, 'Delete', 'Concrete Vendor Contact', 'The concrete vendor contact is deleted: Marcel Curbelo Carmona', '::1', '2025-05-03 20:48:49', 1),
(3269, 'Update', 'Concrete Vendor', 'The concrete vendor is modified: ARG', '::1', '2025-05-03 20:49:30', 1),
(3270, 'Update', 'Concrete Vendor', 'The concrete vendor is modified: ARG', '::1', '2025-05-03 20:51:03', 1),
(3271, 'Update', 'Concrete Vendor', 'The concrete vendor is modified: ARG', '::1', '2025-05-03 20:51:25', 1),
(3272, 'Update', 'Schedule', 'The schedule is modified: Prueba', '::1', '2025-05-04 01:03:10', 1),
(3273, 'Update', 'Schedule', 'The schedule is modified: Prueba', '::1', '2025-05-04 01:03:28', 1),
(3274, 'Update', 'Concrete Vendor', 'The concrete vendor is modified: ARG', '::1', '2025-05-04 16:26:34', 1),
(3275, 'Add', 'Schedule', 'The schedule is added: prueba de una semana, Start date: 05/04/2025 Stop date: 05/11/2025', '::1', '2025-05-04 18:30:11', 1),
(3276, 'Update', 'Schedule', 'The schedule is modified: prueba de una semana', '::1', '2025-05-04 18:43:59', 1),
(3277, 'Update', 'Schedule', 'The schedule is modified: prueba de una semana', '::1', '2025-05-04 18:44:07', 1),
(3278, 'Add', 'Schedule', 'The schedule is added: update, Start date: 05/04/2025 Stop date: 05/06/2025', '::1', '2025-05-04 18:57:45', 1),
(3279, 'Update', 'Schedule', 'The schedule is modified: update', '::1', '2025-05-04 18:58:06', 1),
(3280, 'Update', 'Concrete Vendor', 'The concrete vendor is modified: ARG', '::1', '2025-05-07 01:04:14', 1),
(3281, 'Add', 'Schedule', 'The schedule is added: Prueba domingo, Start date: 05/11/2025 Stop date: 05/18/2025', '::1', '2025-05-14 23:38:11', 1),
(3282, 'Update', 'Schedule', 'The schedule is modified: update', '::1', '2025-05-15 02:03:57', 1),
(3283, 'Add', 'Schedule', 'The schedule is added: Prueba varias horas, Start date: 05/18/2025 Stop date: 05/25/2025', '::1', '2025-05-15 02:09:52', 1),
(3284, 'Add', 'Schedule', 'The schedule is added: prueba, Start date: 05/11/2025 Stop date: 05/18/2025', '::1', '2025-05-15 02:20:21', 1),
(3285, 'Add', 'Schedule', 'The schedule is added: test, Start date: 05/04/2025 Stop date: 05/11/2025', '::1', '2025-05-15 02:21:21', 1),
(3286, 'Update', 'Schedule', 'The schedule is modified: test', '::1', '2025-05-15 02:23:04', 1),
(3287, 'Delete', 'Schedule', 'The schedule is deleted: Prueba varias horas', '::1', '2025-05-16 00:45:59', 1),
(3288, 'Delete', 'Schedule', 'The schedule is deleted: Prueba varias horas', '::1', '2025-05-16 00:46:00', 1),
(3289, 'Delete', 'Schedule', 'The schedule is deleted: Prueba varias horas', '::1', '2025-05-16 00:46:00', 1),
(3290, 'Delete', 'Schedule', 'The schedule is deleted: Prueba varias horas', '::1', '2025-05-16 00:46:00', 1),
(3291, 'Delete', 'Schedule', 'The schedule is deleted: Prueba varias horas', '::1', '2025-05-16 00:46:00', 1),
(3292, 'Delete', 'Schedule', 'The schedule is deleted: Prueba varias horas', '::1', '2025-05-16 00:46:00', 1),
(3293, 'Delete', 'Schedule', 'The schedule is deleted: Prueba varias horas', '::1', '2025-05-16 00:46:00', 1),
(3294, 'Delete', 'Schedule', 'The schedule is deleted: Prueba varias horas', '::1', '2025-05-16 00:46:00', 1),
(3295, 'Delete', 'Schedule', 'The schedule is deleted: Prueba varias horas', '::1', '2025-05-16 00:46:00', 1),
(3296, 'Delete', 'Schedule', 'The schedule is deleted: Prueba varias horas', '::1', '2025-05-16 00:46:00', 1),
(3297, 'Delete', 'Schedule', 'The schedule is deleted: Prueba varias horas', '::1', '2025-05-16 00:46:00', 1),
(3298, 'Delete', 'Schedule', 'The schedule is deleted: Prueba varias horas', '::1', '2025-05-16 00:46:00', 1),
(3299, 'Delete', 'Schedule', 'The schedule is deleted: Prueba varias horas', '::1', '2025-05-16 00:46:00', 1),
(3300, 'Delete', 'Schedule', 'The schedule is deleted: Prueba varias horas', '::1', '2025-05-16 00:46:00', 1),
(3301, 'Delete', 'Schedule', 'The schedule is deleted: Prueba varias horas', '::1', '2025-05-16 00:46:00', 1),
(3302, 'Delete', 'Schedule', 'The schedule is deleted: Prueba varias horas', '::1', '2025-05-16 00:46:00', 1),
(3303, 'Delete', 'Schedule', 'The schedule is deleted: Prueba varias horas', '::1', '2025-05-16 00:46:00', 1),
(3304, 'Delete', 'Schedule', 'The schedule is deleted: Prueba varias horas', '::1', '2025-05-16 00:46:00', 1),
(3305, 'Delete', 'Schedule', 'The schedule is deleted: Prueba varias horas', '::1', '2025-05-16 00:46:00', 1),
(3306, 'Delete', 'Schedule', 'The schedule is deleted: Prueba varias horas', '::1', '2025-05-16 00:46:00', 1),
(3307, 'Delete', 'Schedule', 'The schedule is deleted: Prueba varias horas', '::1', '2025-05-16 00:46:00', 1),
(3308, 'Delete', 'Schedule', 'The schedule is deleted: prueba', '::1', '2025-05-16 00:46:00', 1),
(3309, 'Delete', 'Schedule', 'The schedule is deleted: Prueba domingo', '::1', '2025-05-16 00:46:00', 1),
(3310, 'Delete', 'Schedule', 'The schedule is deleted: prueba', '::1', '2025-05-16 00:46:00', 1),
(3311, 'Delete', 'Schedule', 'The schedule is deleted: Prueba domingo', '::1', '2025-05-16 00:46:00', 1),
(3312, 'Delete', 'Schedule', 'The schedule is deleted: prueba', '::1', '2025-05-16 00:46:00', 1),
(3313, 'Delete', 'Schedule', 'The schedule is deleted: Prueba domingo', '::1', '2025-05-16 00:46:00', 1),
(3314, 'Delete', 'Schedule', 'The schedule is deleted: prueba', '::1', '2025-05-16 00:46:00', 1),
(3315, 'Delete', 'Schedule', 'The schedule is deleted: Prueba domingo', '::1', '2025-05-16 00:46:00', 1),
(3316, 'Delete', 'Schedule', 'The schedule is deleted: prueba', '::1', '2025-05-16 00:46:00', 1),
(3317, 'Delete', 'Schedule', 'The schedule is deleted: Prueba domingo', '::1', '2025-05-16 00:46:00', 1),
(3318, 'Delete', 'Schedule', 'The schedule is deleted: prueba', '::1', '2025-05-16 00:46:00', 1),
(3319, 'Delete', 'Schedule', 'The schedule is deleted: Prueba domingo', '::1', '2025-05-16 00:46:00', 1),
(3320, 'Delete', 'Schedule', 'The schedule is deleted: prueba', '::1', '2025-05-16 00:46:00', 1),
(3321, 'Delete', 'Schedule', 'The schedule is deleted: Prueba domingo', '::1', '2025-05-16 00:46:00', 1),
(3322, 'Delete', 'Schedule', 'The schedule is deleted: test', '::1', '2025-05-16 00:46:00', 1),
(3323, 'Delete', 'Schedule', 'The schedule is deleted: prueba de una semana', '::1', '2025-05-16 00:46:00', 1),
(3324, 'Delete', 'Schedule', 'The schedule is deleted: test', '::1', '2025-05-16 00:46:00', 1),
(3325, 'Delete', 'Schedule', 'The schedule is deleted: prueba de una semana', '::1', '2025-05-16 00:46:00', 1),
(3326, 'Delete', 'Schedule', 'The schedule is deleted: test', '::1', '2025-05-16 00:46:00', 1),
(3327, 'Delete', 'Schedule', 'The schedule is deleted: prueba de una semana', '::1', '2025-05-16 00:46:00', 1),
(3328, 'Delete', 'Schedule', 'The schedule is deleted: test', '::1', '2025-05-16 00:46:00', 1),
(3329, 'Delete', 'Schedule', 'The schedule is deleted: prueba de una semana', '::1', '2025-05-16 00:46:00', 1),
(3330, 'Delete', 'Schedule', 'The schedule is deleted: test', '::1', '2025-05-16 00:46:00', 1),
(3331, 'Delete', 'Schedule', 'The schedule is deleted: prueba de una semana', '::1', '2025-05-16 00:46:00', 1),
(3332, 'Delete', 'Schedule', 'The schedule is deleted: update', '::1', '2025-05-16 00:46:00', 1),
(3333, 'Delete', 'Schedule', 'The schedule is deleted: test', '::1', '2025-05-16 00:46:00', 1),
(3334, 'Delete', 'Schedule', 'The schedule is deleted: test', '::1', '2025-05-16 00:46:00', 1),
(3335, 'Add', 'Schedule', 'The schedule is added: Prueba, Start date: 05/11/2025 Stop date: 05/18/2025', '::1', '2025-05-16 00:47:41', 1),
(3336, 'Add', 'Schedule', 'The schedule is added: test, Start date: 05/11/2025 Stop date: 05/18/2025', '::1', '2025-05-16 00:48:10', 1),
(3337, 'Update', 'Employee', 'The employee is modified: Brayan Moya', '::1', '2025-05-17 00:39:51', 1),
(3338, 'Update', 'Employee', 'The employee is modified: Brayan Moya', '::1', '2025-05-17 00:40:59', 1),
(3339, 'Update', 'Employee', 'The employee is modified: Brayan Moya', '::1', '2025-05-17 00:41:29', 1),
(3340, 'Update', 'Employee', 'The employee is modified: Carlos Arroyo', '::1', '2025-05-17 01:21:43', 1),
(3341, 'Update', 'Employee', 'The employee is modified: Cruz Cortez', '::1', '2025-05-17 01:25:20', 1),
(3342, 'Update', 'Employee', 'The employee is modified: Francisco Gutierrez', '::1', '2025-05-17 01:25:24', 1),
(3343, 'Update', 'Employee', 'The employee is modified: Jose Duarte', '::1', '2025-05-17 01:25:32', 1),
(3344, 'Update', 'Employee', 'The employee is modified: Julian Bautista', '::1', '2025-05-17 01:25:42', 1),
(3345, 'Update', 'Employee', 'The employee is modified: Miguel Murillo', '::1', '2025-05-17 01:26:02', 1),
(3346, 'Update', 'Employee', 'The employee is modified: Victor Cordova', '::1', '2025-05-17 01:26:09', 1),
(3347, 'Update', 'Employee', 'The employee is modified: Victor Soriano', '::1', '2025-05-17 01:26:20', 1),
(3348, 'Update', 'Employee', 'The employee is modified: Victor Suarez', '::1', '2025-05-17 01:26:31', 1),
(3349, 'Delete', 'Item', 'The item is deleted: Test333', '::1', '2025-05-17 02:02:17', 1),
(3350, 'Delete', 'Item', 'The item is deleted: Test', '::1', '2025-05-17 02:02:17', 1),
(3351, 'Update', 'Schedule', 'The schedule is modified: test', '::1', '2025-05-21 20:05:06', 1),
(3352, 'Update', 'Schedule', 'The schedule is modified: test', '::1', '2025-05-21 20:14:36', 1),
(3353, 'Add', 'Schedule', 'The schedule is added: Test, Start date: 05/18/2025 Stop date: 06/01/2025', '::1', '2025-05-21 20:16:19', 1),
(3354, 'Add', 'Schedule', 'The schedule is added: Test, Start date: 05/18/2025 Stop date: 06/01/2025', '::1', '2025-05-21 20:17:03', 1),
(3355, 'Add', 'Schedule', 'The schedule is added: test, Start date: 06/01/2025 Stop date: 06/08/2025', '::1', '2025-05-21 20:53:31', 1),
(3356, 'Add', 'Schedule', 'The schedule is added: Prueba, Start date: 06/01/2025 Stop date: 06/08/2025', '::1', '2025-05-21 20:56:02', 1),
(3357, 'Add', 'Schedule', 'The schedule is added: Test, Start date: 06/15/2025 Stop date: 06/22/2025', '::1', '2025-05-21 20:56:48', 1),
(3358, 'Add', 'Schedule', 'The schedule is added: test, Start date: 07/01/2025 Stop date: 07/06/2025', '::1', '2025-05-23 16:40:28', 1),
(3359, 'Add', 'Concrete Vendor', 'The concrete vendor is added: Test docker', '::1', '2025-05-23 17:04:38', 1),
(3360, 'Update', 'Data Tracking', 'The data tracking is modified, Project: ERS05055 - , Date: 03/01/2025', '::1', '2025-05-23 17:04:48', 1),
(3361, 'Delete', 'Concrete Vendor', 'The concrete vendor is deleted: Test docker', '::1', '2025-05-23 17:04:59', 1),
(3362, 'Update', 'Data Tracking', 'The data tracking is modified, Project: SAV57000 - , Date: 02/03/2025', '::1', '2025-05-23 17:11:44', 1),
(3363, 'Add', 'User', 'The user is added: Marcel Curbelo Carmona', '::1', '2025-05-31 16:44:32', 1),
(3364, 'Add', 'User', 'The user is added: Andres Iglesias', '::1', '2025-05-31 16:45:22', 1),
(3365, 'Add', 'Reminder', 'The reminder is added: Test Reminder, Date: 05/31/2025', '::1', '2025-05-31 16:50:11', 1),
(3366, 'Update', 'Reminder', 'The reminder is modified: Test Reminder, Date: 05/31/2025', '::1', '2025-05-31 16:51:56', 1),
(3367, 'Update', 'Reminder', 'The reminder is modified: Test Reminder, Date: 05/31/2025', '::1', '2025-05-31 16:52:11', 1),
(3368, 'Update', 'Reminder', 'The reminder is modified: Test Reminder, Date: 05/31/2025', '::1', '2025-05-31 16:52:56', 1),
(3369, 'Update', 'Reminder', 'The reminder is modified: Test Reminder, Date: 05/31/2025', '::1', '2025-05-31 16:56:48', 1),
(3370, 'Add', 'Reminder', 'The reminder is added: Test 2, Date: 06/01/2025', '::1', '2025-05-31 20:21:23', 1),
(3371, 'Add', 'Reminder', 'The reminder is added: Test 3, Date: 06/02/2025', '::1', '2025-05-31 20:25:56', 1),
(3372, 'Update', 'Reminder', 'The reminder is modified: Test 2, Date: 06/01/2025', '::1', '2025-05-31 20:26:10', 1),
(3373, 'Update', 'Reminder', 'The reminder is modified: Test Reminder, Date: 05/31/2025', '::1', '2025-05-31 20:26:17', 1),
(3374, 'Update', 'Project', 'The project is modified: MMIP PROJECT', '::1', '2025-06-06 22:44:03', 1),
(3375, 'Add', 'Project Stage', 'The project stage is added: Undecided', '::1', '2025-06-08 19:57:33', 1),
(3376, 'Add', 'Project Stage', 'The project stage is added: Accepted', '::1', '2025-06-08 19:58:01', 1),
(3377, 'Add', 'Project Stage', 'The project stage is added: Material Quotes', '::1', '2025-06-08 19:59:50', 1),
(3378, 'Add', 'Project Stage', 'The project stage is added: Estimating', '::1', '2025-06-08 20:00:29', 1),
(3379, 'Add', 'Project Stage', 'The project stage is added: Curtis Review', '::1', '2025-06-08 20:01:09', 1),
(3380, 'Add', 'Project Type', 'The project type is added: Quick Response', '::1', '2025-06-08 20:24:17', 1),
(3381, 'Add', 'Project Type', 'The project type is added: Traffic Signal', '::1', '2025-06-08 20:24:31', 1),
(3382, 'Add', 'Project Type', 'The project type is added: Turnkey', '::1', '2025-06-08 20:24:46', 1),
(3383, 'Add', 'Project Type', 'The project type is added: Roundabout', '::1', '2025-06-08 20:25:03', 1),
(3384, 'Add', 'Project Type', 'The project type is added: Bridge & Approaches', '::1', '2025-06-08 20:25:35', 1),
(3385, 'Update', 'Project Type', 'The project type is modified: Bridge & Approaches', '::1', '2025-06-08 20:25:39', 1),
(3386, 'Add', 'Project Type', 'The project type is added: test', '::1', '2025-06-08 20:25:45', 1),
(3387, 'Delete', 'Project Type', 'The project type is deleted: test', '::1', '2025-06-08 20:25:48', 1),
(3388, 'Add', 'Proposal Type', 'The proposal type is added: Bid', '::1', '2025-06-08 20:48:41', 1),
(3389, 'Add', 'Proposal Type', 'The proposal type is added: Letting', '::1', '2025-06-08 20:48:50', 1),
(3390, 'Add', 'Proposal Type', 'The proposal type is added: Add-On', '::1', '2025-06-08 20:48:59', 1),
(3391, 'Add', 'Proposal Type', 'The proposal type is added: Re-Bid', '::1', '2025-06-08 20:49:07', 1),
(3392, 'Add', 'Proposal Type', 'The proposal type is added: Prime', '::1', '2025-06-08 20:49:40', 1),
(3393, 'Add', 'Proposal Type', 'The proposal type is added: Quick Response', '::1', '2025-06-08 20:49:50', 1),
(3394, 'Add', 'Plan Status', 'The plan status is added: Downloaded', '::1', '2025-06-08 21:01:48', 1),
(3395, 'Add', 'Plan Status', 'The plan status is added: New Addenda', '::1', '2025-06-08 21:02:54', 1),
(3396, 'Add', 'Plan Status', 'The plan status is added: No Plans', '::1', '2025-06-08 21:03:01', 1),
(3397, 'Add', 'Plan Status', 'The plan status is added: Log Only', '::1', '2025-06-08 21:03:09', 1),
(3398, 'Update', 'Plan Status', 'The plan status is modified: Downloaded', '::1', '2025-06-08 21:04:51', 1),
(3399, 'Update', 'Plan Status', 'The plan status is modified: Downloaded', '::1', '2025-06-08 21:04:54', 1),
(3400, 'Add', 'District', 'The district is added: District 1', '::1', '2025-06-08 21:21:04', 1),
(3401, 'Add', 'District', 'The district is added: District 2', '::1', '2025-06-08 21:23:15', 1),
(3402, 'Add', 'District', 'The district is added: District 3', '::1', '2025-06-08 21:23:19', 1),
(3403, 'Add', 'District', 'The district is added: District 4', '::1', '2025-06-08 21:23:23', 1),
(3404, 'Add', 'District', 'The district is added: District 5', '::1', '2025-06-08 21:23:38', 1),
(3405, 'Update', 'District', 'The district is modified: District 1', '::1', '2025-06-08 21:24:06', 1),
(3406, 'Update', 'District', 'The district is modified: District 5', '::1', '2025-06-08 21:24:08', 1),
(3407, 'Update', 'District', 'The district is modified: District 5', '::1', '2025-06-08 21:24:12', 1),
(3408, 'Add', 'Company Contact', 'The company contact is added: Marcel Curbelo Carmona', '::1', '2025-06-14 17:53:30', 1),
(3409, 'Add', 'Project Estimate', 'The project estimate is added: Test Bid', '::1', '2025-06-14 18:15:03', 1),
(3410, 'Update', 'Estimate', 'The estimate is modified: Test Bid', '::1', '2025-06-14 18:49:23', 1),
(3411, 'Update', 'Estimate', 'The estimate is modified: Test Bid', '::1', '2025-06-14 19:08:09', 1),
(3412, 'Update', 'Estimate', 'The estimate is modified: Test Bid', '::1', '2025-06-14 19:25:46', 1),
(3413, 'Delete', 'Estimate', 'The estimate is deleted: Test Bid', '::1', '2025-06-14 19:34:47', 1),
(3414, 'Add', 'Project Estimate', 'The project estimate is added: Test bid deadline', '::1', '2025-06-14 20:10:30', 1),
(3415, 'Update', 'Estimate', 'The estimate is modified: Test bid deadline', '::1', '2025-06-14 20:12:20', 1),
(3416, 'Update', 'Estimate', 'The estimate is modified: Test bid deadline', '::1', '2025-06-14 20:12:25', 1),
(3417, 'Update', 'Estimate', 'The estimate is modified: Test bid deadline', '::1', '2025-06-14 21:08:43', 1),
(3418, 'Update', 'Estimate', 'The estimate is modified: Test bid deadline', '::1', '2025-06-14 21:10:22', 1),
(3419, 'Update', 'Estimate', 'The estimate is modified: Test bid deadline', '::1', '2025-06-14 21:10:54', 1),
(3420, 'Update', 'Plan Downloading', 'The plan downloading is modified: Done', '::1', '2025-06-14 21:54:54', 1),
(3421, 'Update', 'Plan Downloading', 'The plan downloading is modified: Done', '::1', '2025-06-14 21:54:58', 1),
(3422, 'Update', 'Estimate', 'The estimate is modified: Test bid deadline', '::1', '2025-06-15 00:01:07', 1),
(3423, 'Update', 'Estimate', 'The estimate is modified: Test bid deadline', '::1', '2025-06-15 00:02:12', 1),
(3424, 'Update', 'Estimate', 'The estimate is modified: Test bid deadline', '::1', '2025-06-15 00:02:21', 1),
(3425, 'Update', 'Estimate', 'The estimate is modified: Test bid deadline', '::1', '2025-06-18 00:40:52', 1),
(3426, 'Add', 'Project Estimate', 'The project estimate is added: Other project', '::1', '2025-06-18 02:08:30', 1),
(3427, 'Update', 'Estimate', 'The estimate is modified: Test bid deadline', '::1', '2025-06-18 03:24:27', 1),
(3428, 'Update', 'Estimate', 'The estimate is modified: Test bid deadline', '::1', '2025-06-18 03:24:43', 1),
(3429, 'Update', 'Estimate', 'The estimate is modified: Test bid deadline', '::1', '2025-06-18 03:26:19', 1),
(3430, 'Update', 'Estimate', 'The estimate is modified: Test bid deadline', '::1', '2025-06-18 03:26:55', 1),
(3431, 'Delete', 'Bid Deadline Estimate', 'The bid deadline estimate is deleted: Test bid deadline Bid Deadline: 30/06/2025 23:25', '::1', '2025-06-18 03:27:04', 1),
(3432, 'Update', 'Estimate', 'The estimate is modified: Test bid deadline', '::1', '2025-06-18 03:27:28', 1),
(3433, 'Update', 'Estimate', 'The estimate is modified: Test bid deadline', '::1', '2025-06-19 01:50:15', 1),
(3434, 'Update', 'Estimate', 'The estimate is modified: Test bid deadline', '::1', '2025-06-21 17:52:33', 1),
(3435, 'Update', 'Estimate', 'The estimate is modified: Other project', '::1', '2025-06-21 17:54:15', 1),
(3436, 'Delete', 'Estimate Item', 'The item: 24 HOUR ACCELERATED CONC BRIDGE BARRIER of the project estimate is deleted', '::1', '2025-06-21 17:59:14', 1),
(3437, 'Update', 'Estimate', 'The estimate is modified: Test bid deadline', '::1', '2025-06-21 17:59:17', 1),
(3438, 'Update', 'Estimate', 'The estimate is modified: Test bid deadline', '::1', '2025-06-21 18:00:07', 1),
(3439, 'Update', 'Invoice', 'The invoice #1 is modified', '::1', '2025-06-22 18:33:51', 1),
(3440, 'Update', 'Estimate', 'The estimate is modified: Other project', '::1', '2025-06-27 19:41:38', 1),
(3441, 'Update', 'Invoice', 'The invoice #1 is modified', '::1', '2025-06-28 20:30:38', 1),
(3442, 'Update', 'Estimate', 'The estimate is modified: Test bid deadline', '::1', '2025-07-03 00:30:22', 1),
(3443, 'Update', 'Estimate', 'The estimate is modified: Other project', '::1', '2025-07-03 00:30:32', 1),
(3444, 'Add', 'Holiday', 'The holiday is added: 4th of July', '::1', '2025-07-03 01:10:06', 1),
(3445, 'Add', 'Holiday', 'The holiday is added: New Year\'s Day', '::1', '2025-07-03 01:12:09', 1),
(3446, 'Add', 'Holiday', 'The holiday is added: Martin Luther King Jr. Day', '::1', '2025-07-03 01:12:42', 1),
(3447, 'Delete', 'Holiday', 'The holiday is deleted: Presidents Day', '::1', '2025-07-03 01:13:54', 1),
(3448, 'Update', 'Holiday', 'The holiday is modified: Day', '::1', '2025-07-03 01:14:58', 1),
(3449, 'Update', 'Holiday', 'The holiday is modified: Presidents Day', '::1', '2025-07-03 01:15:07', 1),
(3450, 'Add', 'Holiday', 'The holiday is added: Memorial Day', '::1', '2025-07-03 01:16:07', 1),
(3451, 'Delete', 'Schedule', 'The schedule is deleted: test', '::1', '2025-07-03 01:22:26', 1),
(3452, 'Delete', 'Schedule', 'The schedule is deleted: test', '::1', '2025-07-03 01:23:29', 1),
(3453, 'Add', 'Schedule', 'The schedule is added: Deploy, Start date: 07/01/2025 Stop date: 07/04/2025', '::1', '2025-07-03 01:31:59', 1),
(3454, 'Add', 'Schedule', 'The schedule is added: Jenkis, Start date: 07/01/2025 Stop date: 07/04/2025', '::1', '2025-07-03 01:33:56', 1),
(3455, 'Delete', 'Holiday', 'The holiday is deleted: New Year\'s Day', '::1', '2025-07-04 04:49:41', 1),
(3456, 'Delete', 'Holiday', 'The holiday is deleted: Martin Luther King Jr. Day', '::1', '2025-07-04 04:49:41', 1),
(3457, 'Delete', 'Holiday', 'The holiday is deleted: Presidents Day', '::1', '2025-07-04 04:49:41', 1),
(3458, 'Delete', 'Holiday', 'The holiday is deleted: Memorial Day', '::1', '2025-07-04 04:49:41', 1),
(3459, 'Add', 'Data Tracking', 'The data tracking is add, Project: ERS05031 - SR 59 BRIDGE, Date: 07/01/2025', '::1', '2025-07-19 15:26:15', 1),
(3460, 'Add', 'Schedule', 'The schedule is added: Prueba Lead, Start date: 07/01/2025 Stop date: 07/20/2025', '::1', '2025-07-19 15:28:48', 1),
(3461, 'Delete', 'Schedule', 'The schedule is deleted: Prueba Lead', '::1', '2025-07-19 15:29:03', 1),
(3462, 'Add', 'Item', 'The item is added: Test Quickbooks', '::1', '2025-07-20 19:27:45', 1),
(3463, 'Add', 'Item', 'The item is added: Test 2', '::1', '2025-07-20 19:28:37', 1),
(3464, 'Update', 'Estimate', 'The estimate is modified: Other project', '::1', '2025-07-26 01:59:36', 1),
(3465, 'Update', 'Estimate', 'The estimate is modified: Other project', '::1', '2025-07-26 02:00:34', 1),
(3466, 'Update', 'Schedule', 'The schedule is modified: test', '::1', '2025-07-27 17:23:22', 1),
(3467, 'Update', 'Schedule', 'The schedule is modified: test', '::1', '2025-08-01 19:50:09', 1),
(3468, 'Update', 'Schedule', 'The schedule is modified: test', '::1', '2025-08-01 19:53:44', 1),
(3469, 'Add', 'Schedule', 'The schedule is added: Prueba Leads, Start date: 08/01/2025 Stop date: 09/01/2025', '::1', '2025-08-01 20:07:22', 1);
INSERT INTO `log` (`log_id`, `operation`, `category`, `description`, `ip`, `created_at`, `user_id`) VALUES
(3470, 'Add', 'County', 'The county is added: Deploy', '::1', '2025-08-01 21:48:55', 1),
(3471, 'Update', 'County', 'The county is modified: Deploy', '::1', '2025-08-01 21:48:59', 1),
(3472, 'Update', 'Project', 'The project is modified: SR 15', '::1', '2025-08-02 00:01:38', 1),
(3473, 'Update', 'Project', 'The project is modified: LAURENS', '::1', '2025-08-02 00:02:18', 1),
(3474, 'Update', 'District', 'The district is modified: District 1', '::1', '2025-08-02 15:09:20', 1),
(3475, 'Update', 'District', 'The district is modified: District 2', '::1', '2025-08-02 15:09:24', 1),
(3476, 'Update', 'District', 'The district is modified: District 3', '::1', '2025-08-02 15:09:28', 1),
(3477, 'Update', 'District', 'The district is modified: District 4', '::1', '2025-08-02 15:09:35', 1),
(3478, 'Update', 'District', 'The district is modified: District 5', '::1', '2025-08-02 15:09:40', 1),
(3479, 'Update', 'District', 'The district is modified: District 1', '::1', '2025-08-02 15:09:46', 1),
(3480, 'Update', 'District', 'The district is modified: District 1', '::1', '2025-08-02 15:09:50', 1),
(3481, 'Update', 'Estimate', 'The estimate is modified: Test bid deadline', '::1', '2025-08-02 17:48:13', 1),
(3482, 'Update', 'Estimate', 'The estimate is modified: Other project', '::1', '2025-08-02 17:48:25', 1),
(3483, 'Add', 'Schedule', 'The schedule is added: Prueba Leads, Start date: 08/03/2025 Stop date: 08/10/2025', '::1', '2025-08-02 18:05:54', 1),
(3484, 'Add', 'Schedule', 'The schedule is added: Prueba Leads, Start date: 08/10/2025 Stop date: 08/17/2025', '::1', '2025-08-02 18:12:25', 1),
(3485, 'Add', 'Schedule', 'The schedule is added: Prueba Leads, Start date: 08/10/2025 Stop date: 08/17/2025', '::1', '2025-08-02 18:12:25', 1),
(3486, 'Add', 'Schedule', 'The schedule is added: Prueba Leads, Start date: 08/10/2025 Stop date: 08/17/2025', '::1', '2025-08-02 18:12:25', 1),
(3487, 'Update', 'Estimate', 'The estimate is modified: Other project', '::1', '2025-08-02 18:32:51', 1),
(3488, 'Update', 'Estimate', 'The estimate is modified: Other project', '::1', '2025-08-02 18:38:59', 1),
(3489, 'Update', 'Estimate', 'The estimate is modified: Other project', '::1', '2025-08-02 18:39:22', 1),
(3490, 'Update', 'Estimate', 'The estimate is modified: Other project', '::1', '2025-08-02 18:40:43', 1),
(3491, 'Update', 'Estimate', 'The estimate is modified: Other project', '::1', '2025-08-02 18:40:53', 1),
(3492, 'Add', 'Company Contact', 'The company contact is added: Geydis Marquez', '::1', '2025-08-02 18:46:33', 1),
(3493, 'Update', 'Estimate', 'The estimate is modified: Other project', '::1', '2025-08-02 18:46:37', 1),
(3494, 'Update', 'Estimate', 'The estimate is modified: Other project', '::1', '2025-08-02 19:01:29', 1),
(3495, 'Update', 'Estimate', 'The estimate is modified: Other project', '::1', '2025-08-02 19:06:01', 1),
(3496, 'Update', 'Estimate', 'The estimate is modified: Other project', '::1', '2025-08-02 19:12:06', 1),
(3497, 'Update', 'Estimate', 'The estimate is modified: Other project', '::1', '2025-08-03 03:33:04', 1),
(3498, 'Update', 'Estimate', 'The estimate is modified: Other project', '::1', '2025-08-03 03:34:40', 1),
(3499, 'Update', 'Estimate', 'The estimate is modified: Test bid deadline', '::1', '2025-08-03 03:34:53', 1),
(3500, 'Delete', 'Bid Deadline Estimate', 'The bid deadline estimate is deleted: Other project Bid Deadline: 02/08/2025 02:00', '::1', '2025-08-03 15:18:36', 1),
(3501, 'Update', 'Estimate', 'The estimate is modified: Other project', '::1', '2025-08-03 15:18:41', 1),
(3502, 'Update', 'Estimate', 'The estimate is modified: Test bid deadline', '::1', '2025-08-03 15:27:43', 1),
(3503, 'Update', 'Schedule', 'The schedule is modified: Prueba Leads', '::1', '2025-08-03 17:07:07', 1),
(3504, 'Delete', 'Schedule', 'The schedule is deleted: Prueba Leads', '::1', '2025-08-03 20:45:53', 1),
(3505, 'Delete', 'Schedule', 'The schedule is deleted: Prueba Leads', '::1', '2025-08-03 20:45:53', 1),
(3506, 'Delete', 'Schedule', 'The schedule is deleted: Prueba Leads', '::1', '2025-08-03 20:45:53', 1),
(3507, 'Delete', 'Schedule', 'The schedule is deleted: Prueba Leads', '::1', '2025-08-03 20:45:53', 1),
(3508, 'Delete', 'Schedule', 'The schedule is deleted: Prueba Leads', '::1', '2025-08-03 20:45:53', 1),
(3509, 'Delete', 'Schedule', 'The schedule is deleted: Prueba Leads', '::1', '2025-08-03 20:45:53', 1),
(3510, 'Delete', 'Schedule', 'The schedule is deleted: Prueba Leads', '::1', '2025-08-03 20:45:53', 1),
(3511, 'Delete', 'Schedule', 'The schedule is deleted: Prueba Leads', '::1', '2025-08-03 20:45:53', 1),
(3512, 'Delete', 'Schedule', 'The schedule is deleted: Prueba Leads', '::1', '2025-08-03 20:45:53', 1),
(3513, 'Delete', 'Schedule', 'The schedule is deleted: Prueba Leads', '::1', '2025-08-03 20:45:53', 1),
(3514, 'Delete', 'Schedule', 'The schedule is deleted: Prueba Leads', '::1', '2025-08-03 20:45:53', 1),
(3515, 'Delete', 'Schedule', 'The schedule is deleted: Prueba Leads', '::1', '2025-08-03 20:45:53', 1),
(3516, 'Delete', 'Schedule', 'The schedule is deleted: Prueba Leads', '::1', '2025-08-03 20:45:53', 1),
(3517, 'Delete', 'Schedule', 'The schedule is deleted: Prueba Leads', '::1', '2025-08-03 20:45:53', 1),
(3518, 'Delete', 'Schedule', 'The schedule is deleted: Prueba Leads', '::1', '2025-08-03 20:45:53', 1),
(3519, 'Delete', 'Schedule', 'The schedule is deleted: Prueba Leads', '::1', '2025-08-03 20:45:53', 1),
(3520, 'Delete', 'Schedule', 'The schedule is deleted: Prueba Leads', '::1', '2025-08-03 20:45:53', 1),
(3521, 'Delete', 'Schedule', 'The schedule is deleted: Prueba Leads', '::1', '2025-08-03 20:45:53', 1),
(3522, 'Delete', 'Schedule', 'The schedule is deleted: Prueba Leads', '::1', '2025-08-03 20:45:53', 1),
(3523, 'Delete', 'Schedule', 'The schedule is deleted: Prueba Leads', '::1', '2025-08-03 20:45:53', 1),
(3524, 'Delete', 'Schedule', 'The schedule is deleted: Prueba Leads', '::1', '2025-08-03 20:45:53', 1),
(3525, 'Delete', 'Schedule', 'The schedule is deleted: Prueba Leads', '::1', '2025-08-03 20:45:53', 1),
(3526, 'Delete', 'Schedule', 'The schedule is deleted: Prueba Leads', '::1', '2025-08-03 20:45:53', 1),
(3527, 'Delete', 'Schedule', 'The schedule is deleted: Prueba Leads', '::1', '2025-08-03 20:45:53', 1),
(3528, 'Delete', 'Schedule', 'The schedule is deleted: Prueba Leads', '::1', '2025-08-03 20:45:53', 1),
(3529, 'Delete', 'Schedule', 'The schedule is deleted: Prueba Leads', '::1', '2025-08-03 20:45:53', 1),
(3530, 'Delete', 'Schedule', 'The schedule is deleted: Prueba Leads', '::1', '2025-08-03 20:45:53', 1),
(3531, 'Delete', 'Schedule', 'The schedule is deleted: Prueba Leads', '::1', '2025-08-03 20:45:53', 1),
(3532, 'Delete', 'Schedule', 'The schedule is deleted: Prueba Leads', '::1', '2025-08-03 20:45:53', 1),
(3533, 'Delete', 'Schedule', 'The schedule is deleted: Prueba Leads', '::1', '2025-08-03 20:45:53', 1),
(3534, 'Delete', 'Schedule', 'The schedule is deleted: Prueba Leads', '::1', '2025-08-03 20:45:53', 1),
(3535, 'Delete', 'Schedule', 'The schedule is deleted: Prueba Leads', '::1', '2025-08-03 20:45:53', 1),
(3536, 'Delete', 'Schedule', 'The schedule is deleted: Prueba Leads', '::1', '2025-08-03 20:45:53', 1),
(3537, 'Delete', 'Schedule', 'The schedule is deleted: Prueba Leads', '::1', '2025-08-03 20:45:53', 1),
(3538, 'Delete', 'Schedule', 'The schedule is deleted: Prueba Leads', '::1', '2025-08-03 20:45:53', 1),
(3539, 'Delete', 'Schedule', 'The schedule is deleted: Prueba Leads', '::1', '2025-08-03 20:45:53', 1),
(3540, 'Delete', 'Schedule', 'The schedule is deleted: Prueba Leads', '::1', '2025-08-03 20:45:53', 1),
(3541, 'Delete', 'Schedule', 'The schedule is deleted: Prueba Leads', '::1', '2025-08-03 20:45:53', 1),
(3542, 'Delete', 'Schedule', 'The schedule is deleted: Prueba Leads', '::1', '2025-08-03 20:45:53', 1),
(3543, 'Delete', 'Schedule', 'The schedule is deleted: Prueba Leads', '::1', '2025-08-03 20:45:53', 1),
(3544, 'Delete', 'Schedule', 'The schedule is deleted: Prueba Leads', '::1', '2025-08-03 20:45:53', 1),
(3545, 'Delete', 'Schedule', 'The schedule is deleted: Prueba Leads', '::1', '2025-08-03 20:45:53', 1),
(3546, 'Delete', 'Schedule', 'The schedule is deleted: Prueba Leads', '::1', '2025-08-03 20:45:53', 1),
(3547, 'Delete', 'Schedule', 'The schedule is deleted: Prueba Leads', '::1', '2025-08-03 20:45:53', 1),
(3548, 'Delete', 'Schedule', 'The schedule is deleted: Prueba Leads', '::1', '2025-08-03 20:45:53', 1),
(3549, 'Delete', 'Schedule', 'The schedule is deleted: Prueba Leads', '::1', '2025-08-03 20:45:53', 1),
(3550, 'Delete', 'Schedule', 'The schedule is deleted: Prueba Leads', '::1', '2025-08-03 20:45:53', 1),
(3551, 'Delete', 'Schedule', 'The schedule is deleted: Prueba Leads', '::1', '2025-08-03 20:45:53', 1),
(3552, 'Delete', 'Schedule', 'The schedule is deleted: Prueba Leads', '::1', '2025-08-03 20:45:53', 1),
(3553, 'Delete', 'Schedule', 'The schedule is deleted: Prueba Leads', '::1', '2025-08-03 20:45:53', 1),
(3554, 'Delete', 'Schedule', 'The schedule is deleted: Prueba Leads', '::1', '2025-08-03 20:45:53', 1),
(3555, 'Delete', 'Schedule', 'The schedule is deleted: Prueba Leads', '::1', '2025-08-03 20:45:53', 1),
(3556, 'Delete', 'Schedule', 'The schedule is deleted: Prueba Leads', '::1', '2025-08-03 20:45:53', 1),
(3557, 'Delete', 'Schedule', 'The schedule is deleted: Prueba Leads', '::1', '2025-08-03 20:45:53', 1),
(3558, 'Delete', 'Schedule', 'The schedule is deleted: Prueba Leads', '::1', '2025-08-03 20:45:53', 1),
(3559, 'Delete', 'Schedule', 'The schedule is deleted: Prueba Leads', '::1', '2025-08-03 20:45:53', 1),
(3560, 'Delete', 'Schedule', 'The schedule is deleted: Prueba Leads', '::1', '2025-08-03 20:45:53', 1),
(3561, 'Delete', 'Schedule', 'The schedule is deleted: Prueba Leads', '::1', '2025-08-03 20:45:53', 1),
(3562, 'Delete', 'Schedule', 'The schedule is deleted: Prueba Leads', '::1', '2025-08-03 20:45:53', 1),
(3563, 'Delete', 'Schedule', 'The schedule is deleted: Prueba Leads', '::1', '2025-08-03 20:45:53', 1),
(3564, 'Delete', 'Schedule', 'The schedule is deleted: Prueba Leads', '::1', '2025-08-03 20:45:53', 1),
(3565, 'Delete', 'Schedule', 'The schedule is deleted: Prueba Leads', '::1', '2025-08-03 20:45:53', 1),
(3566, 'Delete', 'Schedule', 'The schedule is deleted: Prueba Leads', '::1', '2025-08-03 20:45:53', 1),
(3567, 'Delete', 'Schedule', 'The schedule is deleted: Prueba Leads', '::1', '2025-08-03 20:45:53', 1),
(3568, 'Delete', 'Schedule', 'The schedule is deleted: Prueba Leads', '::1', '2025-08-03 20:45:54', 1),
(3569, 'Delete', 'Schedule', 'The schedule is deleted: Prueba Leads', '::1', '2025-08-03 20:45:54', 1),
(3570, 'Delete', 'Schedule', 'The schedule is deleted: Prueba Leads', '::1', '2025-08-03 20:45:54', 1),
(3571, 'Delete', 'Schedule', 'The schedule is deleted: Prueba Leads', '::1', '2025-08-03 20:45:54', 1),
(3572, 'Delete', 'Schedule', 'The schedule is deleted: Prueba Leads', '::1', '2025-08-03 20:45:54', 1),
(3573, 'Delete', 'Schedule', 'The schedule is deleted: Prueba Leads', '::1', '2025-08-03 20:45:54', 1),
(3574, 'Delete', 'Schedule', 'The schedule is deleted: Prueba Leads', '::1', '2025-08-03 20:45:54', 1),
(3575, 'Delete', 'Schedule', 'The schedule is deleted: Prueba Leads', '::1', '2025-08-03 20:45:54', 1),
(3576, 'Delete', 'Schedule', 'The schedule is deleted: Prueba Leads', '::1', '2025-08-03 20:45:54', 1),
(3577, 'Delete', 'Schedule', 'The schedule is deleted: Prueba Leads', '::1', '2025-08-03 20:45:54', 1),
(3578, 'Delete', 'Schedule', 'The schedule is deleted: Prueba Leads', '::1', '2025-08-03 20:45:54', 1),
(3579, 'Delete', 'Schedule', 'The schedule is deleted: Prueba Leads', '::1', '2025-08-03 20:45:54', 1),
(3580, 'Delete', 'Schedule', 'The schedule is deleted: Prueba Leads', '::1', '2025-08-03 20:45:54', 1),
(3581, 'Delete', 'Schedule', 'The schedule is deleted: Prueba Leads', '::1', '2025-08-03 20:45:54', 1),
(3582, 'Delete', 'Schedule', 'The schedule is deleted: Prueba Leads', '::1', '2025-08-03 20:45:54', 1),
(3583, 'Delete', 'Schedule', 'The schedule is deleted: Prueba Leads', '::1', '2025-08-03 20:45:54', 1),
(3584, 'Delete', 'Schedule', 'The schedule is deleted: Prueba Leads', '::1', '2025-08-03 20:45:54', 1),
(3585, 'Delete', 'Schedule', 'The schedule is deleted: Prueba Leads', '::1', '2025-08-03 20:45:54', 1),
(3586, 'Delete', 'Schedule', 'The schedule is deleted: Prueba Leads', '::1', '2025-08-03 20:45:54', 1),
(3587, 'Delete', 'Schedule', 'The schedule is deleted: Prueba Leads', '::1', '2025-08-03 20:45:54', 1),
(3588, 'Delete', 'Schedule', 'The schedule is deleted: Prueba Leads', '::1', '2025-08-03 20:45:54', 1),
(3589, 'Delete', 'Schedule', 'The schedule is deleted: Prueba Leads', '::1', '2025-08-03 20:45:54', 1),
(3590, 'Delete', 'Schedule', 'The schedule is deleted: Prueba Leads', '::1', '2025-08-03 20:45:54', 1),
(3591, 'Delete', 'Schedule', 'The schedule is deleted: Prueba Leads', '::1', '2025-08-03 20:45:54', 1),
(3592, 'Delete', 'Schedule', 'The schedule is deleted: Prueba Leads', '::1', '2025-08-03 20:45:54', 1),
(3593, 'Delete', 'Schedule', 'The schedule is deleted: Prueba Leads', '::1', '2025-08-03 20:45:54', 1),
(3594, 'Delete', 'Schedule', 'The schedule is deleted: Prueba Leads', '::1', '2025-08-03 20:45:54', 1),
(3595, 'Delete', 'Schedule', 'The schedule is deleted: Prueba Leads', '::1', '2025-08-03 20:45:54', 1),
(3596, 'Delete', 'Schedule', 'The schedule is deleted: Prueba Leads', '::1', '2025-08-03 20:45:54', 1),
(3597, 'Delete', 'Schedule', 'The schedule is deleted: Prueba Leads', '::1', '2025-08-03 20:45:54', 1),
(3598, 'Delete', 'Schedule', 'The schedule is deleted: Prueba Leads', '::1', '2025-08-03 20:45:54', 1),
(3599, 'Delete', 'Schedule', 'The schedule is deleted: Prueba Leads', '::1', '2025-08-03 20:45:54', 1),
(3600, 'Delete', 'Schedule', 'The schedule is deleted: Prueba Leads', '::1', '2025-08-03 20:45:54', 1),
(3601, 'Delete', 'Schedule', 'The schedule is deleted: Prueba Leads', '::1', '2025-08-03 20:45:54', 1),
(3602, 'Delete', 'Schedule', 'The schedule is deleted: Prueba Leads', '::1', '2025-08-03 20:45:54', 1),
(3603, 'Delete', 'Schedule', 'The schedule is deleted: Prueba Leads', '::1', '2025-08-03 20:45:54', 1),
(3604, 'Delete', 'Schedule', 'The schedule is deleted: Prueba Leads', '::1', '2025-08-03 20:45:54', 1),
(3605, 'Delete', 'Schedule', 'The schedule is deleted: Prueba Leads', '::1', '2025-08-03 20:45:54', 1),
(3606, 'Delete', 'Schedule', 'The schedule is deleted: Prueba Leads', '::1', '2025-08-03 20:45:54', 1),
(3607, 'Delete', 'Schedule', 'The schedule is deleted: Prueba Leads', '::1', '2025-08-03 20:45:54', 1),
(3608, 'Delete', 'Schedule', 'The schedule is deleted: Prueba Leads', '::1', '2025-08-03 20:45:54', 1),
(3609, 'Delete', 'Schedule', 'The schedule is deleted: Prueba Leads', '::1', '2025-08-03 20:45:54', 1),
(3610, 'Delete', 'Schedule', 'The schedule is deleted: Prueba Leads', '::1', '2025-08-03 20:45:54', 1),
(3611, 'Delete', 'Schedule', 'The schedule is deleted: Prueba Leads', '::1', '2025-08-03 20:45:54', 1),
(3612, 'Delete', 'Schedule', 'The schedule is deleted: Prueba Leads', '::1', '2025-08-03 20:45:54', 1),
(3613, 'Delete', 'Schedule', 'The schedule is deleted: Prueba Leads', '::1', '2025-08-03 20:45:54', 1),
(3614, 'Delete', 'Schedule', 'The schedule is deleted: Prueba Leads', '::1', '2025-08-03 20:45:54', 1),
(3615, 'Delete', 'Schedule', 'The schedule is deleted: Prueba Leads', '::1', '2025-08-03 20:45:54', 1),
(3616, 'Delete', 'Schedule', 'The schedule is deleted: Prueba Leads', '::1', '2025-08-03 20:45:54', 1),
(3617, 'Delete', 'Schedule', 'The schedule is deleted: Prueba Leads', '::1', '2025-08-03 20:45:54', 1),
(3618, 'Delete', 'Schedule', 'The schedule is deleted: Prueba Leads', '::1', '2025-08-03 20:45:54', 1),
(3619, 'Delete', 'Schedule', 'The schedule is deleted: Prueba Leads', '::1', '2025-08-03 20:45:54', 1),
(3620, 'Delete', 'Schedule', 'The schedule is deleted: Prueba Leads', '::1', '2025-08-03 20:45:54', 1),
(3621, 'Delete', 'Schedule', 'The schedule is deleted: Prueba Leads', '::1', '2025-08-03 20:45:54', 1),
(3622, 'Delete', 'Schedule', 'The schedule is deleted: Prueba Leads', '::1', '2025-08-03 20:45:54', 1),
(3623, 'Delete', 'Schedule', 'The schedule is deleted: Prueba Leads', '::1', '2025-08-03 20:45:54', 1),
(3624, 'Delete', 'Schedule', 'The schedule is deleted: Prueba Leads', '::1', '2025-08-03 20:45:54', 1),
(3625, 'Add', 'Schedule', 'The schedule is added: Prueba, Start date: 08/01/2025 Stop date: 08/09/2025', '::1', '2025-08-03 20:46:35', 1),
(3626, 'Add', 'Schedule', 'The schedule was cloned: Prueba, From 08/10/2025 to 09/01/2025', '::1', '2025-08-03 20:47:04', 1),
(3627, 'Update', 'District', 'The district is modified: District 1', '::1', '2025-08-05 02:22:10', 1),
(3628, 'Update', 'County', 'The county is modified: AUGUSTA', '::1', '2025-08-05 02:43:15', 1),
(3629, 'Update', 'County', 'The county is modified: Augusta-Richmond', '::1', '2025-08-05 02:43:25', 1),
(3630, 'Update', 'Estimate', 'The estimate is modified: Other project', '::1', '2025-08-05 03:00:30', 1),
(3631, 'Add', 'County', 'The county is added: Test', '::1', '2025-08-06 00:44:24', 1),
(3632, 'Delete', 'County', 'The county is deleted: Test', '::1', '2025-08-06 00:45:07', 1),
(3633, 'Add', 'Company Contact', 'The company contact is added: Brian Marcel', '::1', '2025-08-06 02:07:35', 1),
(3634, 'Update', 'Estimate', 'The estimate is modified: Other project', '::1', '2025-08-06 02:07:42', 1),
(3635, 'Delete', 'Company Estimate', 'The company estimate is deleted: Other project Company: APAC-ATLANTIC, INC. ', '::1', '2025-08-06 02:08:51', 1),
(3636, 'Update', 'Estimate', 'The estimate is modified: Other project', '::1', '2025-08-06 02:08:53', 1),
(3637, 'Update', 'Estimate', 'The estimate is modified: Other project', '::1', '2025-08-06 02:09:13', 1),
(3638, 'Update', 'Invoice', 'The invoice #1 is modified', '::1', '2025-08-06 02:24:43', 1),
(3639, 'Update', 'Invoice', 'The invoice #21 is modified', '::1', '2025-08-06 02:24:55', 1),
(3640, 'Update', 'Invoice', 'The invoice #2 is modified', '::1', '2025-08-06 02:25:08', 1),
(3641, 'Update', 'Invoice', 'The invoice #1 is modified', '::1', '2025-08-06 02:25:18', 1),
(3642, 'Delete', 'Bid Deadline Estimate', 'The bid deadline estimate is deleted: Test bid deadline Bid Deadline: 30/06/2025 23:25', '::1', '2025-08-12 00:14:33', 1),
(3643, 'Delete', 'Bid Deadline Estimate', 'The bid deadline estimate is deleted: Test bid deadline Bid Deadline: 26/06/2025 17:10', '::1', '2025-08-12 00:14:34', 1),
(3644, 'Delete', 'Bid Deadline Estimate', 'The bid deadline estimate is deleted: Test bid deadline Bid Deadline: 18/06/2025 17:05', '::1', '2025-08-12 00:14:35', 1),
(3645, 'Update', 'Estimate', 'The estimate is modified: Test bid deadline', '::1', '2025-08-12 00:14:57', 1),
(3646, 'Update', 'Project', 'The project is modified: BUFORD HWY PED IMPROVEMENTS', '::1', '2025-08-16 16:43:52', 1),
(3647, 'Update', 'Project', 'The project is modified: BUFORD HWY PED IMPROVEMENTS', '::1', '2025-08-16 19:39:30', 1),
(3648, 'Update', 'Project', 'The project is modified: PULASKI', '::1', '2025-08-19 00:19:07', 1),
(3649, 'Update', 'Project', 'The project is modified: PULASKI', '::1', '2025-08-19 00:20:27', 1),
(3650, 'Update', 'Project', 'The project is modified: BEN EPPS TAXIWAY', '::1', '2025-08-21 00:58:27', 1),
(3651, 'Add', 'Schedule', 'The schedule was cloned: Prueba, From 08/10/2025 to 08/12/2025', '::1', '2025-08-21 01:04:27', 1),
(3652, 'Add', 'Schedule', 'The schedule was cloned: Prueba, From 08/17/2025 to 08/19/2025', '::1', '2025-08-21 01:04:54', 1),
(3653, 'Add', 'Schedule', 'The schedule is added: Prueba, Start date: 08/03/2025 Stop date: 08/10/2025', '::1', '2025-08-21 01:10:49', 1),
(3654, 'Add', 'Schedule', 'The schedule was cloned: Prueba, From 08/31/2025 to 09/07/2025', '::1', '2025-08-21 01:22:11', 1),
(3655, 'Add', 'Schedule', 'The schedule was cloned: Prueba, From 08/31/2025 to 09/07/2025', '::1', '2025-08-21 01:22:11', 1),
(3656, 'Add', 'Schedule', 'The schedule was cloned: Prueba, From 08/31/2025 to 09/07/2025', '::1', '2025-08-21 01:22:11', 1),
(3657, 'Add', 'Schedule', 'The schedule was cloned: Prueba, From 08/31/2025 to 09/07/2025', '::1', '2025-08-21 01:22:11', 1),
(3658, 'Add', 'Schedule', 'The schedule was cloned: Prueba, From 08/31/2025 to 09/07/2025', '::1', '2025-08-21 01:22:11', 1),
(3659, 'Add', 'Schedule', 'The schedule was cloned: Prueba, From 08/31/2025 to 09/07/2025', '::1', '2025-08-21 01:22:11', 1),
(3660, 'Add', 'Schedule', 'The schedule was cloned: Prueba, From 08/31/2025 to 10/01/2025', '::1', '2025-08-21 01:28:42', 1),
(3661, 'Add', 'Schedule', 'The schedule was cloned: Prueba, From 08/31/2025 to 10/01/2025', '::1', '2025-08-21 01:28:42', 1),
(3662, 'Add', 'Schedule', 'The schedule was cloned: Prueba, From 08/31/2025 to 10/01/2025', '::1', '2025-08-21 01:28:42', 1),
(3663, 'Add', 'Schedule', 'The schedule was cloned: Prueba, From 08/31/2025 to 10/01/2025', '::1', '2025-08-21 01:28:42', 1),
(3664, 'Add', 'Schedule', 'The schedule was cloned: Prueba, From 08/31/2025 to 10/01/2025', '::1', '2025-08-21 01:28:42', 1),
(3665, 'Add', 'Schedule', 'The schedule was cloned: Prueba, From 08/31/2025 to 10/01/2025', '::1', '2025-08-21 01:28:42', 1),
(3666, 'Add', 'Schedule', 'The schedule was cloned: Prueba, From 08/31/2025 to 10/01/2025', '::1', '2025-08-21 01:28:42', 1),
(3667, 'Add', 'Schedule', 'The schedule was cloned: Prueba, From 08/31/2025 to 10/01/2025', '::1', '2025-08-21 01:28:42', 1),
(3668, 'Add', 'Schedule', 'The schedule was cloned: Prueba, From 08/31/2025 to 10/01/2025', '::1', '2025-08-21 01:28:42', 1),
(3669, 'Add', 'Schedule', 'The schedule was cloned: Prueba, From 08/31/2025 to 10/01/2025', '::1', '2025-08-21 01:28:42', 1),
(3670, 'Add', 'Schedule', 'The schedule was cloned: Prueba, From 08/31/2025 to 10/01/2025', '::1', '2025-08-21 01:28:42', 1),
(3671, 'Add', 'Schedule', 'The schedule was cloned: Prueba, From 08/31/2025 to 10/01/2025', '::1', '2025-08-21 01:28:42', 1),
(3672, 'Add', 'Schedule', 'The schedule was cloned: Prueba, From 08/31/2025 to 10/01/2025', '::1', '2025-08-21 01:28:42', 1),
(3673, 'Delete', 'Schedule', 'The schedule is deleted: Prueba', '::1', '2025-08-21 01:29:32', 1),
(3674, 'Delete', 'Schedule', 'The schedule is deleted: Prueba', '::1', '2025-08-21 01:29:32', 1),
(3675, 'Delete', 'Schedule', 'The schedule is deleted: Prueba', '::1', '2025-08-21 01:29:32', 1),
(3676, 'Delete', 'Schedule', 'The schedule is deleted: Prueba', '::1', '2025-08-21 01:29:32', 1),
(3677, 'Delete', 'Schedule', 'The schedule is deleted: Prueba', '::1', '2025-08-21 01:29:32', 1),
(3678, 'Delete', 'Schedule', 'The schedule is deleted: Prueba', '::1', '2025-08-21 01:29:32', 1),
(3679, 'Delete', 'Schedule', 'The schedule is deleted: Prueba', '::1', '2025-08-21 01:29:32', 1),
(3680, 'Delete', 'Schedule', 'The schedule is deleted: Prueba', '::1', '2025-08-21 01:29:32', 1),
(3681, 'Delete', 'Schedule', 'The schedule is deleted: Prueba', '::1', '2025-08-21 01:29:32', 1),
(3682, 'Delete', 'Schedule', 'The schedule is deleted: Prueba', '::1', '2025-08-21 01:29:32', 1),
(3683, 'Delete', 'Schedule', 'The schedule is deleted: Prueba', '::1', '2025-08-21 01:29:32', 1),
(3684, 'Delete', 'Schedule', 'The schedule is deleted: Prueba', '::1', '2025-08-21 01:29:32', 1),
(3685, 'Delete', 'Schedule', 'The schedule is deleted: Prueba', '::1', '2025-08-21 01:29:32', 1),
(3686, 'Delete', 'Schedule', 'The schedule is deleted: Prueba', '::1', '2025-08-21 01:29:32', 1),
(3687, 'Delete', 'Schedule', 'The schedule is deleted: Prueba', '::1', '2025-08-21 01:29:32', 1),
(3688, 'Delete', 'Schedule', 'The schedule is deleted: Prueba', '::1', '2025-08-21 01:29:32', 1),
(3689, 'Delete', 'Schedule', 'The schedule is deleted: Prueba', '::1', '2025-08-21 01:29:32', 1),
(3690, 'Delete', 'Schedule', 'The schedule is deleted: Prueba', '::1', '2025-08-21 01:29:32', 1),
(3691, 'Delete', 'Schedule', 'The schedule is deleted: Prueba', '::1', '2025-08-21 01:29:32', 1),
(3692, 'Delete', 'Schedule', 'The schedule is deleted: Prueba', '::1', '2025-08-21 01:29:32', 1),
(3693, 'Delete', 'Schedule', 'The schedule is deleted: Prueba', '::1', '2025-08-21 01:29:32', 1),
(3694, 'Delete', 'Schedule', 'The schedule is deleted: Prueba', '::1', '2025-08-21 01:29:32', 1),
(3695, 'Delete', 'Schedule', 'The schedule is deleted: Prueba', '::1', '2025-08-21 01:29:32', 1),
(3696, 'Delete', 'Schedule', 'The schedule is deleted: Prueba', '::1', '2025-08-21 01:29:32', 1),
(3697, 'Delete', 'Schedule', 'The schedule is deleted: Prueba', '::1', '2025-08-21 01:29:32', 1),
(3698, 'Delete', 'Schedule', 'The schedule is deleted: Prueba', '::1', '2025-08-21 01:29:44', 1),
(3699, 'Delete', 'Schedule', 'The schedule is deleted: Prueba', '::1', '2025-08-21 01:29:44', 1),
(3700, 'Delete', 'Schedule', 'The schedule is deleted: Prueba', '::1', '2025-08-21 01:29:44', 1),
(3701, 'Delete', 'Schedule', 'The schedule is deleted: Prueba', '::1', '2025-08-21 01:29:44', 1),
(3702, 'Delete', 'Schedule', 'The schedule is deleted: Prueba', '::1', '2025-08-21 01:29:44', 1),
(3703, 'Delete', 'Schedule', 'The schedule is deleted: Prueba', '::1', '2025-08-21 01:29:44', 1),
(3704, 'Delete', 'Schedule', 'The schedule is deleted: Prueba', '::1', '2025-08-21 01:29:44', 1),
(3705, 'Delete', 'Schedule', 'The schedule is deleted: Prueba', '::1', '2025-08-21 01:29:44', 1),
(3706, 'Delete', 'Schedule', 'The schedule is deleted: Prueba', '::1', '2025-08-21 01:29:44', 1),
(3707, 'Delete', 'Schedule', 'The schedule is deleted: Prueba', '::1', '2025-08-21 01:29:44', 1),
(3708, 'Delete', 'Schedule', 'The schedule is deleted: Prueba', '::1', '2025-08-21 01:29:44', 1),
(3709, 'Delete', 'Schedule', 'The schedule is deleted: Prueba', '::1', '2025-08-21 01:29:44', 1),
(3710, 'Delete', 'Schedule', 'The schedule is deleted: Prueba', '::1', '2025-08-21 01:29:44', 1),
(3711, 'Delete', 'Schedule', 'The schedule is deleted: Prueba', '::1', '2025-08-21 01:29:44', 1),
(3712, 'Delete', 'Schedule', 'The schedule is deleted: Prueba', '::1', '2025-08-21 01:29:44', 1),
(3713, 'Delete', 'Schedule', 'The schedule is deleted: Prueba', '::1', '2025-08-21 01:29:44', 1),
(3714, 'Delete', 'Schedule', 'The schedule is deleted: Prueba', '::1', '2025-08-21 01:29:44', 1),
(3715, 'Delete', 'Schedule', 'The schedule is deleted: Prueba', '::1', '2025-08-21 01:29:44', 1),
(3716, 'Delete', 'Schedule', 'The schedule is deleted: Prueba', '::1', '2025-08-21 01:29:45', 1),
(3717, 'Delete', 'Schedule', 'The schedule is deleted: Prueba', '::1', '2025-08-21 01:29:45', 1),
(3718, 'Delete', 'Schedule', 'The schedule is deleted: Prueba', '::1', '2025-08-21 01:29:45', 1),
(3719, 'Delete', 'Schedule', 'The schedule is deleted: Prueba', '::1', '2025-08-21 01:29:45', 1),
(3720, 'Delete', 'Schedule', 'The schedule is deleted: Prueba', '::1', '2025-08-21 01:29:45', 1),
(3721, 'Delete', 'Schedule', 'The schedule is deleted: Prueba', '::1', '2025-08-21 01:29:45', 1),
(3722, 'Delete', 'Schedule', 'The schedule is deleted: Prueba', '::1', '2025-08-21 01:29:45', 1),
(3723, 'Delete', 'Schedule', 'The schedule is deleted: Prueba', '::1', '2025-08-21 01:29:45', 1),
(3724, 'Delete', 'Schedule', 'The schedule is deleted: Prueba', '::1', '2025-08-21 01:29:45', 1),
(3725, 'Delete', 'Schedule', 'The schedule is deleted: Prueba', '::1', '2025-08-21 01:29:45', 1),
(3726, 'Delete', 'Schedule', 'The schedule is deleted: Prueba', '::1', '2025-08-21 01:29:45', 1),
(3727, 'Delete', 'Schedule', 'The schedule is deleted: Prueba', '::1', '2025-08-21 01:29:45', 1),
(3728, 'Delete', 'Schedule', 'The schedule is deleted: Prueba', '::1', '2025-08-21 01:29:45', 1),
(3729, 'Delete', 'Schedule', 'The schedule is deleted: Prueba', '::1', '2025-08-21 01:29:45', 1),
(3730, 'Delete', 'Schedule', 'The schedule is deleted: Prueba', '::1', '2025-08-21 01:29:45', 1),
(3731, 'Delete', 'Schedule', 'The schedule is deleted: Prueba', '::1', '2025-08-21 01:29:45', 1),
(3732, 'Delete', 'Schedule', 'The schedule is deleted: Prueba', '::1', '2025-08-21 01:29:45', 1),
(3733, 'Delete', 'Schedule', 'The schedule is deleted: Prueba', '::1', '2025-08-21 01:29:45', 1),
(3734, 'Delete', 'Schedule', 'The schedule is deleted: Prueba', '::1', '2025-08-21 01:29:45', 1),
(3735, 'Delete', 'Schedule', 'The schedule is deleted: Prueba', '::1', '2025-08-21 01:29:45', 1),
(3736, 'Delete', 'Schedule', 'The schedule is deleted: Prueba', '::1', '2025-08-21 01:29:45', 1),
(3737, 'Add', 'Schedule', 'The schedule was cloned: Prueba, From 08/31/2025 to 10/01/2025', '::1', '2025-08-21 01:30:06', 1),
(3738, 'Add', 'Schedule', 'The schedule was cloned: Prueba, From 08/31/2025 to 10/01/2025', '::1', '2025-08-21 01:30:06', 1),
(3739, 'Add', 'Schedule', 'The schedule was cloned: Prueba, From 08/31/2025 to 10/01/2025', '::1', '2025-08-21 01:30:06', 1),
(3740, 'Add', 'Schedule', 'The schedule was cloned: Prueba, From 08/31/2025 to 10/01/2025', '::1', '2025-08-21 01:30:06', 1),
(3741, 'Add', 'Schedule', 'The schedule was cloned: Prueba, From 08/31/2025 to 10/01/2025', '::1', '2025-08-21 01:30:06', 1),
(3742, 'Add', 'Schedule', 'The schedule was cloned: Prueba, From 08/31/2025 to 10/01/2025', '::1', '2025-08-21 01:30:06', 1),
(3743, 'Add', 'Schedule', 'The schedule was cloned: Prueba, From 08/31/2025 to 10/01/2025', '::1', '2025-08-21 01:30:06', 1),
(3744, 'Add', 'Schedule', 'The schedule was cloned: Prueba, From 08/31/2025 to 10/01/2025', '::1', '2025-08-21 01:30:06', 1),
(3745, 'Add', 'Schedule', 'The schedule was cloned: Prueba, From 08/31/2025 to 10/01/2025', '::1', '2025-08-21 01:30:06', 1),
(3746, 'Add', 'Schedule', 'The schedule was cloned: Prueba, From 08/31/2025 to 10/01/2025', '::1', '2025-08-21 01:30:06', 1),
(3747, 'Add', 'Schedule', 'The schedule was cloned: Prueba, From 08/31/2025 to 10/01/2025', '::1', '2025-08-21 01:30:06', 1),
(3748, 'Add', 'Schedule', 'The schedule was cloned: Prueba, From 08/31/2025 to 10/01/2025', '::1', '2025-08-21 01:30:06', 1),
(3749, 'Add', 'Schedule', 'The schedule was cloned: Prueba, From 08/31/2025 to 10/01/2025', '::1', '2025-08-21 01:30:06', 1),
(3750, 'Add', 'Schedule', 'The schedule was cloned: Prueba, From 08/31/2025 to 10/01/2025', '::1', '2025-08-21 01:30:06', 1),
(3751, 'Add', 'Schedule', 'The schedule was cloned: Prueba, From 08/31/2025 to 10/01/2025', '::1', '2025-08-21 01:30:06', 1),
(3752, 'Add', 'Schedule', 'The schedule was cloned: Prueba, From 08/31/2025 to 10/01/2025', '::1', '2025-08-21 01:30:06', 1),
(3753, 'Add', 'Schedule', 'The schedule was cloned: Prueba, From 08/31/2025 to 10/01/2025', '::1', '2025-08-21 01:30:06', 1),
(3754, 'Add', 'Schedule', 'The schedule was cloned: Prueba, From 08/31/2025 to 10/01/2025', '::1', '2025-08-21 01:30:06', 1),
(3755, 'Add', 'Schedule', 'The schedule was cloned: Prueba, From 08/31/2025 to 10/01/2025', '::1', '2025-08-21 01:30:06', 1),
(3756, 'Add', 'Schedule', 'The schedule was cloned: Prueba, From 08/31/2025 to 10/01/2025', '::1', '2025-08-21 01:30:06', 1),
(3757, 'Add', 'Schedule', 'The schedule was cloned: Prueba, From 08/31/2025 to 10/01/2025', '::1', '2025-08-21 01:30:06', 1),
(3758, 'Add', 'Schedule', 'The schedule was cloned: Prueba, From 08/31/2025 to 10/01/2025', '::1', '2025-08-21 01:30:06', 1),
(3759, 'Add', 'Schedule', 'The schedule was cloned: Prueba Lead, From 08/31/2025 to 10/01/2025', '::1', '2025-08-21 01:30:06', 1),
(3760, 'Add', 'Schedule', 'The schedule was cloned: Prueba Lead, From 08/31/2025 to 10/01/2025', '::1', '2025-08-21 01:30:06', 1),
(3761, 'Add', 'Schedule', 'The schedule was cloned: Prueba Lead, From 08/31/2025 to 10/01/2025', '::1', '2025-08-21 01:30:06', 1),
(3762, 'Add', 'Schedule', 'The schedule was cloned: Prueba Lead, From 08/31/2025 to 10/01/2025', '::1', '2025-08-21 01:30:06', 1),
(3763, 'Add', 'Schedule', 'The schedule was cloned: Prueba Lead, From 08/31/2025 to 10/01/2025', '::1', '2025-08-21 01:30:06', 1),
(3764, 'Add', 'Schedule', 'The schedule was cloned: Prueba Lead, From 08/31/2025 to 10/01/2025', '::1', '2025-08-21 01:30:06', 1),
(3765, 'Add', 'Schedule', 'The schedule was cloned: Prueba Lead, From 08/31/2025 to 10/01/2025', '::1', '2025-08-21 01:30:06', 1),
(3766, 'Add', 'Schedule', 'The schedule was cloned: Prueba Lead, From 08/31/2025 to 10/01/2025', '::1', '2025-08-21 01:30:06', 1),
(3767, 'Add', 'Schedule', 'The schedule was cloned: Prueba Lead, From 08/31/2025 to 10/01/2025', '::1', '2025-08-21 01:30:06', 1),
(3768, 'Add', 'Schedule', 'The schedule was cloned: Prueba Lead, From 08/31/2025 to 10/01/2025', '::1', '2025-08-21 01:30:06', 1),
(3769, 'Add', 'Schedule', 'The schedule was cloned: Prueba Lead, From 08/31/2025 to 10/01/2025', '::1', '2025-08-21 01:30:06', 1),
(3770, 'Add', 'Schedule', 'The schedule was cloned: Prueba Lead, From 08/31/2025 to 10/01/2025', '::1', '2025-08-21 01:30:06', 1),
(3771, 'Add', 'Schedule', 'The schedule was cloned: Prueba Lead, From 08/31/2025 to 10/01/2025', '::1', '2025-08-21 01:30:06', 1),
(3772, 'Add', 'Schedule', 'The schedule was cloned: Prueba Lead, From 08/31/2025 to 10/01/2025', '::1', '2025-08-21 01:30:06', 1),
(3773, 'Add', 'Schedule', 'The schedule was cloned: Prueba Lead, From 08/31/2025 to 10/01/2025', '::1', '2025-08-21 01:30:06', 1),
(3774, 'Add', 'Schedule', 'The schedule was cloned: test, From 08/31/2025 to 10/01/2025', '::1', '2025-08-21 01:30:06', 1),
(3775, 'Add', 'Schedule', 'The schedule was cloned: Deploy, From 08/31/2025 to 10/01/2025', '::1', '2025-08-21 01:30:06', 1),
(3776, 'Add', 'Schedule', 'The schedule was cloned: Jenkis, From 08/31/2025 to 10/01/2025', '::1', '2025-08-21 01:30:06', 1),
(3777, 'Add', 'Schedule', 'The schedule was cloned: Prueba Lead, From 08/31/2025 to 10/01/2025', '::1', '2025-08-21 01:30:06', 1),
(3778, 'Add', 'Schedule', 'The schedule was cloned: test, From 08/31/2025 to 10/01/2025', '::1', '2025-08-21 01:30:06', 1),
(3779, 'Add', 'Schedule', 'The schedule was cloned: Deploy, From 08/31/2025 to 10/01/2025', '::1', '2025-08-21 01:30:06', 1),
(3780, 'Add', 'Schedule', 'The schedule was cloned: Jenkis, From 08/31/2025 to 10/01/2025', '::1', '2025-08-21 01:30:06', 1),
(3781, 'Add', 'Schedule', 'The schedule was cloned: Prueba Lead, From 08/31/2025 to 10/01/2025', '::1', '2025-08-21 01:30:07', 1),
(3782, 'Add', 'Schedule', 'The schedule was cloned: test, From 08/31/2025 to 10/01/2025', '::1', '2025-08-21 01:30:07', 1),
(3783, 'Add', 'Schedule', 'The schedule was cloned: Deploy, From 08/31/2025 to 10/01/2025', '::1', '2025-08-21 01:30:07', 1),
(3784, 'Add', 'Schedule', 'The schedule was cloned: Jenkis, From 08/31/2025 to 10/01/2025', '::1', '2025-08-21 01:30:07', 1),
(3785, 'Add', 'Schedule', 'The schedule was cloned: Prueba Lead, From 08/31/2025 to 10/01/2025', '::1', '2025-08-21 01:30:07', 1),
(3786, 'Add', 'Schedule', 'The schedule was cloned: Test, From 08/31/2025 to 10/01/2025', '::1', '2025-08-21 01:30:07', 1),
(3787, 'Update', 'Project', 'The project is modified: SR 26 MILL/INLAY/RESURF', '::1', '2025-08-22 21:02:56', 1),
(3788, 'Update', 'Project', 'The project is modified: AIRFIELD SEWERS ENHANCEMENTS GRADES 4&5', '::1', '2025-08-22 21:06:24', 1),
(3789, 'Update', 'Project', 'The project is modified: AIRFIELD SEWERS ENHANCEMENTS GRADES 4&5', '::1', '2025-08-22 21:06:37', 1),
(3790, 'Update', 'Project', 'The project is modified: AIRFIELD SEWERS ENHANCEMENTS GRADES 4&5', '::1', '2025-08-22 21:07:02', 1),
(3791, 'Update', 'Data Tracking', 'The data tracking is modified, Project: ERS05031 - SR 59 BRIDGE, Date: 07/01/2025', '::1', '2025-08-23 01:14:32', 1),
(3792, 'Add', 'Reminder', 'The reminder is added: Test 2, Date: 06/08/2027', '::1', '2025-08-29 04:20:57', 1),
(3793, 'Add', 'Reminder', 'The reminder is added: Test 2, Date: 05/08/2027', '::1', '2025-08-29 04:23:06', 1),
(3794, 'Add', 'Reminder', 'The reminder is added: Test 2, Date: 08/29/2025', '::1', '2025-08-29 04:29:21', 1),
(3795, 'Add', 'Reminder', 'The reminder is added: Test 3, Date: 05/08/2027', '::1', '2025-08-29 16:49:48', 1),
(3797, 'Add', 'Rol', 'The rol is added: Test', '::1', '2025-08-29 17:57:57', 1),
(3798, 'Update', 'Rol', 'The rol is modified: Test upd', '::1', '2025-08-29 18:03:48', 1),
(3799, 'Delete', 'Rol', 'The rol is deleted: Test upd', '::1', '2025-08-29 18:19:31', 1),
(3800, 'Add', 'Rol', 'The rol is added: Test', '::1', '2025-08-29 18:20:32', 1),
(3801, 'Delete', 'Rol', 'The rol is deleted: Test', '::1', '2025-08-29 18:20:39', 1),
(3802, 'Update', 'Rol', 'The rol is modified: View Only', '::1', '2025-08-29 18:37:24', 1),
(3803, 'Add', 'User', 'The user is added: Test Test', '::1', '2025-08-30 02:18:08', 1),
(3804, 'Update', 'User', 'The user is modified: Test Test', '::1', '2025-08-30 02:18:16', 1),
(3806, 'Update', 'User', 'The user is modified: Administrator Concrete', '::1', '2025-08-30 14:57:58', 1),
(3807, 'Update', 'Project', 'The project is modified: AIRFIELD SHOULDER REPLACEMENT', '::1', '2025-08-31 17:00:29', 1),
(3808, 'Update', 'Data Tracking', 'The data tracking is modified, Project: ERS05031 - SR 59 BRIDGE, Date: 07/01/2025', '::1', '2025-08-31 17:32:05', 1),
(3809, 'Add', 'Unit', 'The unit is added: Test', '::1', '2025-08-31 18:29:25', 1),
(3810, 'Update', 'Unit', 'The unit is modified: Test', '::1', '2025-08-31 18:30:17', 1),
(3811, 'Delete', 'Unit', 'The unit is deleted: Test', '::1', '2025-08-31 18:30:21', 1),
(3812, 'Add', 'Equation', 'The equation is added: Test', '::1', '2025-08-31 23:25:05', 1),
(3813, 'Update', 'Equation', 'The equation is modified: Test', '::1', '2025-08-31 23:25:35', 1),
(3814, 'Delete', 'Equation', 'The equation is deleted: Test', '::1', '2025-08-31 23:26:21', 1),
(3815, 'Update', 'Item', 'The item is modified: Test 2 upd', '::1', '2025-09-01 01:30:03', 1),
(3816, 'Update', 'Item', 'The item is modified: Test 2 upd', '::1', '2025-09-01 01:30:58', 1),
(3817, 'Update', 'Item', 'The item is modified: Test 2 upd', '::1', '2025-09-01 01:31:02', 1),
(3818, 'Update', 'Item', 'The item is modified: Test 2 upd', '::1', '2025-09-01 01:31:47', 1),
(3819, 'Add', 'Unit', 'The unit is added: test', '::1', '2025-09-01 01:32:04', 1),
(3820, 'Add', 'Item', 'The item is added: Test', '::1', '2025-09-01 01:32:13', 1),
(3821, 'Delete', 'Item', 'The item is deleted: Test', '::1', '2025-09-01 01:32:20', 1),
(3822, 'Delete', 'Unit', 'The unit is deleted: test', '::1', '2025-09-01 01:32:44', 1),
(3823, 'Add', 'Inspector', 'The inspector is added: Marcel Curbelo Carmona', '::1', '2025-09-02 02:18:27', 1),
(3824, 'Update', 'Inspector', 'The inspector is modified: Marcel Curbelo Carmona', '::1', '2025-09-02 02:19:21', 1),
(3825, 'Delete', 'Inspector', 'The inspector is deleted: Marcel Curbelo Carmona', '::1', '2025-09-02 02:20:12', 1),
(3826, 'Update', 'Employee', 'The employee is modified: \"Tate\" Vincente Bly', '::1', '2025-09-02 03:13:45', 1),
(3827, 'Add', 'Employee', 'The employee is added: Marcel Curbelo Carmona', '::1', '2025-09-02 03:14:03', 1),
(3828, 'Update', 'Employee', 'The employee is modified: Marcel Curbelo Carmona', '::1', '2025-09-02 03:14:11', 1),
(3829, 'Delete', 'Employee', 'The employee is deleted: Marcel Curbelo Carmona', '::1', '2025-09-02 03:16:14', 1),
(3830, 'Update', 'Employee', 'The employee is modified: \"Tate\" Vincente Bly', '::1', '2025-09-02 03:24:23', 1),
(3831, 'Add', 'Material', 'The material is added: Test', '::1', '2025-09-03 01:46:28', 1),
(3832, 'Delete', 'Material', 'The material is deleted: Test', '::1', '2025-09-03 01:47:04', 1),
(3833, 'Add', 'Material', 'The material is added: Test', '::1', '2025-09-03 01:47:43', 1),
(3834, 'Update', 'Material', 'The material is modified: Test', '::1', '2025-09-03 02:05:26', 1),
(3835, 'Update', 'Material', 'The material is modified: Test', '::1', '2025-09-03 02:05:48', 1),
(3836, 'Update', 'Material', 'The material is modified: Test', '::1', '2025-09-03 02:19:08', 1),
(3837, 'Update', 'Material', 'The material is modified: Test', '::1', '2025-09-03 02:19:22', 1),
(3838, 'Update', 'Material', 'The material is modified: #4 REBAR, 20 FT', '::1', '2025-09-03 02:20:08', 1),
(3839, 'Update', 'Material', 'The material is modified: 3-GANG DRILL', '::1', '2025-09-03 02:20:15', 1),
(3840, 'Add', 'Overhead Price', 'The overhead price is added: 2025 Q2', '::1', '2025-09-03 02:31:54', 1),
(3841, 'Update', 'Overhead Price', 'The overhead price is modified: 2025 Q2', '::1', '2025-09-03 02:32:26', 1),
(3842, 'Delete', 'Overhead Price', 'The overhead price is deleted: 2025 Q2', '::1', '2025-09-03 02:35:08', 1),
(3843, 'Delete', 'Material', 'The material is deleted: Test', '::1', '2025-09-03 02:35:24', 1),
(3844, 'Add', 'Advertisement', 'The advertisement is added: test', '::1', '2025-09-03 03:45:50', 1),
(3845, 'Update', 'Advertisement', 'The advertisement is modified: test', '::1', '2025-09-03 03:45:56', 1),
(3846, 'Delete', 'Advertisement', 'The advertisement is deleted: test', '::1', '2025-09-03 03:46:04', 1),
(3847, 'Add', 'Reminder', 'The reminder is added: Test, Date: 09/03/2025', '::1', '2025-09-04 01:02:13', 1),
(3848, 'Update', 'Reminder', 'The reminder is modified: Test, Date: 09/04/2025', '::1', '2025-09-04 01:05:26', 1),
(3849, 'Update', 'Reminder', 'The reminder is modified: Test, Date: 09/04/2025', '::1', '2025-09-04 01:06:45', 1),
(3850, 'Delete', 'Reminder', 'The reminder is deleted: Test', '::1', '2025-09-04 01:12:48', 1),
(3851, 'Add', 'Reminder', 'The reminder is added: Test, Date: 09/03/2025', '::1', '2025-09-04 01:13:04', 1),
(3852, 'Add', 'Holiday', 'The holiday is added: Test', '::1', '2025-09-04 01:48:45', 1),
(3853, 'Update', 'Holiday', 'The holiday is modified: Test fff', '::1', '2025-09-04 01:48:57', 1),
(3854, 'Delete', 'Holiday', 'The holiday is deleted: Test fff', '::1', '2025-09-04 01:49:04', 1),
(3855, 'Add', 'Project Stage', 'The project stage is added: Test', '::1', '2025-09-04 02:20:14', 1),
(3856, 'Update', 'Project Stage', 'The project stage is modified: Test', '::1', '2025-09-04 02:20:19', 1),
(3857, 'Delete', 'Project Stage', 'The project stage is deleted: Test', '::1', '2025-09-04 02:20:25', 1),
(3858, 'Add', 'Project Type', 'The project type is added: Test', '::1', '2025-09-04 02:33:37', 1),
(3859, 'Update', 'Project Type', 'The project type is modified: Test', '::1', '2025-09-04 02:33:41', 1),
(3860, 'Delete', 'Project Type', 'The project type is deleted: Test', '::1', '2025-09-04 02:33:45', 1),
(3861, 'Add', 'Proposal Type', 'The proposal type is added: Test', '::1', '2025-09-04 02:40:46', 1),
(3862, 'Update', 'Proposal Type', 'The proposal type is modified: Test ddd', '::1', '2025-09-04 02:40:53', 1),
(3863, 'Update', 'Proposal Type', 'The proposal type is modified: Test ddd', '::1', '2025-09-04 02:40:56', 1),
(3864, 'Delete', 'Proposal Type', 'The proposal type is deleted: Test ddd', '::1', '2025-09-04 02:41:00', 1),
(3865, 'Add', 'Plan Status', 'The plan status is added: Test', '::1', '2025-09-04 02:49:55', 1),
(3866, 'Update', 'Plan Status', 'The plan status is modified: Test dsds', '::1', '2025-09-04 02:50:00', 1),
(3867, 'Delete', 'Plan Status', 'The plan status is deleted: Test dsds', '::1', '2025-09-04 02:50:02', 1),
(3868, 'Update', 'District', 'The district is modified: District 1', '::1', '2025-09-04 02:57:59', 1),
(3869, 'Add', 'District', 'The district is added: Test', '::1', '2025-09-04 02:58:06', 1),
(3870, 'Update', 'District', 'The district is modified: Test up', '::1', '2025-09-04 02:58:34', 1),
(3871, 'Delete', 'District', 'The district is deleted: Test up', '::1', '2025-09-04 02:58:37', 1),
(3872, 'Add', 'Plan Downloading', 'The plan downloading is added: Test', '::1', '2025-09-04 03:08:54', 1),
(3873, 'Update', 'Plan Downloading', 'The plan downloading is modified: Test fdfdf', '::1', '2025-09-04 03:08:59', 1),
(3874, 'Delete', 'Plan Downloading', 'The plan downloading is deleted: Test fdfdf', '::1', '2025-09-04 03:09:02', 1),
(3875, 'Add', 'County', 'The county is added: Test', '::1', '2025-09-04 03:33:16', 1),
(3876, 'Update', 'County', 'The county is modified: Test df', '::1', '2025-09-04 03:33:28', 1),
(3877, 'Delete', 'County', 'The county was deleted: Test df', '::1', '2025-09-04 03:33:32', 1),
(3878, 'Add', 'Company', 'The company is added: Test Metronic 8', '::1', '2025-09-05 00:10:32', 1),
(3879, 'Delete', 'Contact', 'The company contact is deleted: Marcel Curbelo Carmona', '::1', '2025-09-05 00:15:02', 1),
(3880, 'Update', 'Company', 'The company is modified: Test Metronic 8', '::1', '2025-09-05 00:15:04', 1),
(3881, 'Delete', 'Company', 'The company is deleted: Test Metronic 8', '::1', '2025-09-05 00:15:08', 1),
(3882, 'Delete', 'Subcontractor Employee', 'The employee: Marcel Curbelo Carmona is delete from subcontractor: Disrupsoft', '::1', '2025-09-06 00:07:56', 1),
(3883, 'Update', 'Subcontractor', 'The subcontractor is modified: Disrupsoft', '::1', '2025-09-06 00:09:30', 1),
(3884, 'Add', 'Subcontractor Employee', 'The employee: Geydis Marquez is add to the subcontractor: Disrupsoft', '::1', '2025-09-06 00:09:39', 1),
(3885, 'Delete', 'Subcontractor Employee', 'The employee: Geydis Marquez is delete from subcontractor: Disrupsoft', '::1', '2025-09-06 00:10:53', 1),
(3886, 'Add', 'Subcontractor Employee', 'The employee: Geydis Marquez is add to the subcontractor: Disrupsoft', '::1', '2025-09-06 00:10:55', 1),
(3887, 'Delete', 'Subcontractor Employee', 'The employee: Geydis Marquez is delete from subcontractor: Disrupsoft', '::1', '2025-09-06 00:11:10', 1),
(3888, 'Update', 'Subcontractor Employee', 'The employee: Geydis Marquez is modified to the subcontractor: Disrupsoft', '::1', '2025-09-06 00:13:00', 1),
(3889, 'Add', 'Subcontractor Employee', 'The employee: Brian is add to the subcontractor: Disrupsoft', '::1', '2025-09-06 00:21:29', 1),
(3890, 'Update', 'Subcontractor Employee', 'The employee: Brian is modified to the subcontractor: Disrupsoft', '::1', '2025-09-06 00:21:34', 1),
(3891, 'Delete', 'Subcontractor Employee', 'The employee: Brian is delete from subcontractor: Disrupsoft', '::1', '2025-09-06 00:21:38', 1),
(3892, 'Add', 'Subcontractor Notes', 'The notes:  is add to the subcontractor: Disrupsoft', '::1', '2025-09-06 00:30:58', 1),
(3893, 'Add', 'Subcontractor Notes', 'The notes: <p>test</p> is add to the subcontractor: Disrupsoft', '::1', '2025-09-06 00:31:46', 1),
(3894, 'Delete', 'Subcontractor Notes', 'The notes: <p>test</p> is delete from subcontractor: Disrupsoft', '::1', '2025-09-06 00:33:16', 1),
(3895, 'Update', 'Subcontractor Notes', 'The notes: <p>test</p> is modified to the subcontractor: Disrupsoft', '::1', '2025-09-06 00:33:20', 1),
(3896, 'Delete', 'Subcontractor Notes', 'The notes 09/05/2025 and  is delete from subcontractor: Disrupsoft', '::1', '2025-09-06 00:35:04', 1),
(3897, 'Update', 'Project', 'The project is modified: WOODLANDS TRINITY', '::1', '2025-09-06 19:35:58', 1),
(3898, 'Update', 'Project', 'The project is modified: HIDDEN ACRES DRIVE', '::1', '2025-09-06 19:37:27', 1),
(3899, 'Update', 'Project', 'The project is modified: SR 400 PHASE', '::1', '2025-09-06 19:38:40', 1),
(3900, 'Update', 'Project', 'The project is modified: HIDDEN ACRES DRIVE', '::1', '2025-09-06 19:40:58', 1),
(3901, 'Delete', 'Project Item', 'The item: CONC V GUTTER of the project is deleted', '::1', '2025-09-06 19:55:25', 1),
(3902, 'Update', 'Project', 'The project is modified: BIBB', '::1', '2025-09-06 19:55:29', 1),
(3903, 'Update', 'Project', 'The project is modified: BIBB', '::1', '2025-09-06 19:56:01', 1),
(3904, 'Update', 'Project', 'The project is modified: BIBB', '::1', '2025-09-06 19:57:46', 1),
(3905, 'Delete', 'Contact', 'The company contact is deleted: Joana Garcia', '::1', '2025-09-06 19:57:50', 1),
(3906, 'Add', 'Project Notes', 'The notes: <p>dffd</p> is add to the project: ', '::1', '2025-09-06 20:01:59', 1),
(3907, 'Update', 'Project', 'The project is modified: WINDSOR PKWY SIDEWALK', '::1', '2025-09-06 20:50:29', 1),
(3908, 'Update', 'Project', 'The project is modified: WINDSOR PKWY SIDEWALK', '::1', '2025-09-06 20:50:37', 1),
(3909, 'Update', 'Project', 'The project is modified: WINDSOR PKWY SIDEWALK', '::1', '2025-09-06 20:52:18', 1),
(3910, 'Delete', 'Project Price Adjustment', 'The project price adjustment is deleted: Project #: AG01005, Day: 09/05/2025, Percent: 5', '::1', '2025-09-06 21:02:58', 1),
(3911, 'Add', 'Project Estimate', 'The project estimate is added: Prueba Metronic 8', '::1', '2025-09-08 23:31:09', 1),
(3912, 'Update', 'Estimate', 'The estimate is modified: Prueba Metronic 8', '::1', '2025-09-08 23:34:57', 1),
(3913, 'Update', 'Estimate', 'The estimate is modified: Prueba Metronic 8', '::1', '2025-09-08 23:36:55', 1),
(3914, 'Delete', 'Estimate', 'The estimate is deleted: Prueba Metronic 8', '::1', '2025-09-08 23:37:04', 1),
(3915, 'Add', 'Project Estimate', 'The project estimate is added: Prueba Metronic 8', '::1', '2025-09-08 23:38:20', 1),
(3916, 'Delete', 'Estimate', 'The estimate is deleted: Prueba Metronic 8', '::1', '2025-09-08 23:44:13', 1),
(3917, 'Add', 'Project Estimate', 'The project estimate is added: Test Metronic 8', '::1', '2025-09-08 23:45:59', 1),
(3918, 'Update', 'Estimate', 'The estimate is modified: Test Metronic 8', '::1', '2025-09-08 23:55:52', 1),
(3919, 'Update', 'Estimate', 'The estimate is modified: Test Metronic 8', '::1', '2025-09-09 00:00:19', 1),
(3920, 'Update', 'Estimate', 'The estimate is modified: Test Metronic 8', '::1', '2025-09-09 00:08:02', 1),
(3921, 'Update', 'Estimate', 'The estimate is modified: Test Metronic 8', '::1', '2025-09-09 00:14:36', 1),
(3922, 'Delete', 'Bid Deadline Estimate', 'The bid deadline estimate is deleted: Test Metronic 8 Bid Deadline: 22/09/2025 03:00', '::1', '2025-09-09 00:14:42', 1),
(3923, 'Add', 'Company Contact', 'The company contact is added: hjhjhhj', '::1', '2025-09-09 00:15:18', 1),
(3924, 'Update', 'Estimate', 'The estimate is modified: Test Metronic 8', '::1', '2025-09-09 00:15:23', 1),
(3925, 'Delete', 'Company Estimate', 'The company estimate is deleted: Test Metronic 8 Company: Wilson Construction Management', '::1', '2025-09-09 00:15:36', 1),
(3926, 'Update', 'Estimate', 'The estimate is modified: Test Metronic 8', '::1', '2025-09-09 00:15:37', 1),
(3927, 'Update', 'Estimate', 'The estimate is modified: Test Metronic 8', '::1', '2025-09-09 00:37:34', 1),
(3928, 'Delete', 'Invoice', 'The invoice #1 is deleted', '::1', '2025-09-10 02:34:49', 1),
(3929, 'Update', 'Invoice', 'The invoice #1 is modified', '::1', '2025-09-10 02:45:46', 1),
(3930, 'Update', 'Invoice', 'The invoice #1 is modified', '::1', '2025-09-10 02:52:55', 1),
(3931, 'Update', 'Invoice', 'The invoice #1 is modified', '::1', '2025-09-10 22:52:19', 1),
(3932, 'Update', 'Data Tracking', 'The data tracking is modified, Project: ERS05031 - SR 59 BRIDGE, Date: 07/01/2025', '::1', '2025-09-12 00:15:08', 1),
(3933, 'Delete', 'Item Project', 'The data tracking is deleted, Project: ERS05031 - SR 59 BRIDGE, Date: 07/01/2025', '::1', '2025-09-12 00:16:04', 1);
INSERT INTO `log` (`log_id`, `operation`, `category`, `description`, `ip`, `created_at`, `user_id`) VALUES
(3934, 'Update', 'Data Tracking', 'The data tracking is modified, Project: ERS05055 - EVERMORE NORTH BLVD, Date: 03/01/2025', '::1', '2025-09-12 00:16:09', 1),
(3935, 'Update', 'Data Tracking', 'The data tracking is modified, Project: ERS05055 - EVERMORE NORTH BLVD, Date: 03/01/2025', '::1', '2025-09-12 00:17:29', 1),
(3936, 'Update', 'Company', 'The company is modified: AMERICAN LIGHTING & SIGNALIZATION, LLC.', '::1', '2025-09-12 00:18:45', 1),
(3937, 'Update', 'Data Tracking', 'The data tracking is modified, Project: ERS05055 - EVERMORE NORTH BLVD, Date: 03/01/2025', '::1', '2025-09-12 00:25:43', 1),
(3938, 'Update', 'Data Tracking', 'The data tracking is modified, Project: ERS05055 - EVERMORE NORTH BLVD, Date: 03/01/2025', '::1', '2025-09-12 00:26:33', 1),
(3939, 'Update', 'Data Tracking', 'The data tracking is modified, Project: ERS05055 - EVERMORE NORTH BLVD, Date: 03/01/2025', '::1', '2025-09-12 00:27:16', 1),
(3940, 'Update', 'Data Tracking', 'The data tracking is modified, Project: ERS05055 - EVERMORE NORTH BLVD, Date: 03/01/2025', '::1', '2025-09-12 00:29:15', 1),
(3941, 'Update', 'Data Tracking', 'The data tracking is modified, Project: ERS05055 - EVERMORE NORTH BLVD, Date: 03/01/2025', '::1', '2025-09-12 00:31:20', 1),
(3962, 'Delete', 'Item Project', 'The data tracking is deleted, Project: ERS05039 - BUFORD HWY PED IMPROVEMENTS, Date: 06/26/2024', '::1', '2025-09-14 15:22:34', 1),
(3963, 'Delete', 'Item Project', 'The data tracking is deleted, Project: ERS05039 - BUFORD HWY PED IMPROVEMENTS, Date: 06/27/2024', '::1', '2025-09-14 15:22:34', 1),
(3964, 'Delete', 'Item Project', 'The data tracking is deleted, Project: ERS05039 - BUFORD HWY PED IMPROVEMENTS, Date: 06/28/2024', '::1', '2025-09-14 15:22:34', 1),
(3965, 'Delete', 'Item Project', 'The data tracking is deleted, Project: ERS05039 - BUFORD HWY PED IMPROVEMENTS, Date: 07/01/2024', '::1', '2025-09-14 15:22:34', 1),
(3966, 'Delete', 'Item Project', 'The data tracking is deleted, Project: ERS05059 - VALENTINE BLVD BRIDGE, Date: 07/01/2024', '::1', '2025-09-14 15:22:34', 1),
(3967, 'Delete', 'Item Project', 'The data tracking is deleted, Project: ERS05059 - VALENTINE BLVD BRIDGE, Date: 07/02/2024', '::1', '2025-09-14 15:22:34', 1),
(3968, 'Delete', 'Item Project', 'The data tracking is deleted, Project: PO-0195-GRW - WOODLANDS TRINITY, Date: 07/02/2024', '::1', '2025-09-14 15:22:34', 1),
(3969, 'Delete', 'Item Project', 'The data tracking is deleted, Project: PO-0195-GRW - WOODLANDS TRINITY, Date: 07/03/2024', '::1', '2025-09-14 15:22:34', 1),
(3970, 'Delete', 'Item Project', 'The data tracking is deleted, Project: ERS05066 - BEN EPPS TAXIWAY, Date: 07/01/2024', '::1', '2025-09-14 15:22:34', 1),
(3971, 'Delete', 'Item Project', 'The data tracking is deleted, Project: ERS05066 - BEN EPPS TAXIWAY, Date: 07/02/2024', '::1', '2025-09-14 15:22:34', 1),
(3973, 'Delete', 'Project', 'The project is deleted: LAURENS', '::1', '2025-09-14 15:39:21', 1),
(3974, 'Update', 'Project', 'The project is modified: VILLA RICA BYPASS', '::1', '2025-09-14 18:47:43', 1),
(3975, 'Update', 'Project', 'The project is modified: VILLA RICA BYPASS', '::1', '2025-09-14 18:49:38', 1),
(3976, 'Update', 'Project', 'The project is modified: VILLA RICA BYPASS', '::1', '2025-09-14 19:01:29', 1),
(3977, 'Update', 'User', 'The user is modified: Andres Iglesias', '::1', '2025-09-14 19:03:05', 1),
(3978, 'Update', 'Project', 'The project is modified: VILLA RICA BYPASS', '::1', '2025-09-14 19:33:13', 1),
(3979, 'Update', 'Project', 'The project is modified: VILLA RICA BYPASS', '2600:100a:b12a:82b3:1db5:c51b:3d0a:2e3', '2025-09-17 01:43:29', 1),
(3980, 'Update', 'Data Tracking', 'The data tracking is modified, Project: ERS05031 - SR 59 BRIDGE, Date: 02/27/2025', '2600:100a:b12a:82b3:1db5:c51b:3d0a:2e3', '2025-09-17 01:44:16', 1),
(3981, 'Update', 'Project', 'The project is modified: VILLA RICA BYPASS', '2600:100a:b12a:82b3:1db5:c51b:3d0a:2e3', '2025-09-17 01:45:56', 1),
(3982, 'Update', 'Data Tracking', 'The data tracking is modified, Project: ERS05031 - SR 59 BRIDGE, Date: 02/06/2025', '2600:100a:b12a:82b3:1db5:c51b:3d0a:2e3', '2025-09-17 01:47:32', 1),
(3983, 'Update', 'Project', 'The project is modified: VILLA RICA BYPASS', '2600:100a:b12a:82b3:1db5:c51b:3d0a:2e3', '2025-09-17 02:20:04', 1),
(3984, 'Add', 'Project', 'The project is added: Test', '199.59.97.146', '2025-09-17 02:34:22', 1),
(3985, 'Update', 'Project', 'The project is modified: Test', '2600:100a:b12a:82b3:1db5:c51b:3d0a:2e3', '2025-09-17 02:39:59', 1),
(3986, 'Add', 'Project', 'The project is added: 3246', '2600:100a:b12e:42f0:cc29:876c:2060:af5', '2025-09-17 02:55:11', 1),
(3987, 'Update', 'Schedule', 'The schedule is modified: Octuber schedule', '2600:100a:b12e:42f0:cc29:876c:2060:af5', '2025-09-17 04:03:34', 1),
(3988, 'Update', 'Schedule', 'The schedule is modified: Octuber schedule', '2600:100a:b12e:42f0:cc29:876c:2060:af5', '2025-09-17 04:03:44', 1),
(3989, 'Update', 'Schedule', 'The schedule is modified: Prueba Lead', '2600:100a:b12e:42f0:cc29:876c:2060:af5', '2025-09-17 04:03:56', 1),
(3990, 'Update', 'Data Tracking', 'The data tracking is modified, Project: ERS05055 - EVERMORE NORTH BLVD, Date: 03/05/2025', '2600:100a:b10a:255e:804f:4268:1883:9e6b', '2025-09-19 01:50:04', 1),
(3991, 'Update', 'Data Tracking', 'The data tracking is modified, Project: ERS05055 - EVERMORE NORTH BLVD, Date: 03/05/2025', '2600:100a:b10a:255e:804f:4268:1883:9e6b', '2025-09-19 01:50:10', 1),
(3992, 'Update', 'Data Tracking', 'The data tracking is modified, Project: ERS05055 - EVERMORE NORTH BLVD, Date: 03/05/2025', '2600:100a:b10a:255e:804f:4268:1883:9e6b', '2025-09-19 01:50:27', 1),
(3993, 'Update', 'User', 'The user is modified: test test', '2600:100a:b110:2609:78c4:5c23:749d:525f', '2025-09-21 13:03:56', 1),
(3994, 'Add', 'Schedule', 'The schedule was cloned: test, From 10/14/2025 to 10/17/2025', '2600:100a:b110:2609:78c4:5c23:749d:525f', '2025-09-21 13:05:00', 10),
(3995, 'Add', 'Schedule', 'The schedule was cloned: test, From 10/13/2025 to 10/17/2025', '2600:100a:b110:2609:78c4:5c23:749d:525f', '2025-09-21 13:06:40', 10),
(3996, 'Add', 'Advertisement', 'The advertisement is added: uu', '2600:100a:b10e:83bd:f16d:433e:e9ad:5746', '2025-09-26 12:49:12', 1),
(3997, 'Delete', 'Advertisement', 'The advertisement is deleted: uu', '2600:100a:b10e:83bd:f16d:433e:e9ad:5746', '2025-09-26 13:21:12', 1),
(3998, 'Delete', 'Advertisement', 'The advertisement is deleted: Prueba', '2600:100a:b10e:83bd:f16d:433e:e9ad:5746', '2025-09-26 13:21:12', 1),
(3999, 'Delete', 'Schedule', 'The schedule is deleted: Prueba Lead', '2800:300:6b52:47f0:7c31:9a14:3b7:ffb7', '2025-09-26 19:39:41', 1),
(4000, 'Add', 'Invoice Notes', 'Notes \'<p>hello</p>\' have been added to invoice #3 (Project: I-285/I-20 EAST INTERCHANGE) (Item: CONC SLOPE PAV, 4 IN)', '2600:100a:b125:a031:2ce5:7d35:ef7d:63f9', '2025-10-22 00:23:40', 1),
(4001, 'Add', 'Invoice Notes', 'Notes \'<p>hola</p>\' have been added to invoice #3 (Project: I-285/I-20 EAST INTERCHANGE) (Item: CONC SLOPE PAV, 4 IN)', '2600:100a:b125:a031:2ce5:7d35:ef7d:63f9', '2025-10-22 00:23:46', 1),
(4002, 'Add', 'Invoice Notes', 'Notes \'<p>eee</p>\' have been added to invoice #3 (Project: I-285/I-20 EAST INTERCHANGE) (Item: CONC SLOPE PAV, 4 IN)', '2600:100a:b125:a031:2ce5:7d35:ef7d:63f9', '2025-10-22 00:24:09', 1),
(4003, 'Delete', 'Invoice Notes', 'Notes \'<p>eee</p>\' have been deleted to invoice #3 (Project: I-285/I-20 EAST INTERCHANGE) (Item: CONC SLOPE PAV, 4 IN)', '2600:100a:b125:a031:2ce5:7d35:ef7d:63f9', '2025-10-22 00:45:03', 1),
(4004, 'Delete', 'Invoice Notes', 'Notes \'<p>hola</p>\' have been deleted to invoice #3 (Project: I-285/I-20 EAST INTERCHANGE) (Item: CONC SLOPE PAV, 4 IN)', '2600:100a:b125:a031:2ce5:7d35:ef7d:63f9', '2025-10-22 00:45:06', 1),
(4005, 'Delete', 'Invoice Notes', 'Notes \'<p>hello</p>\' have been deleted to invoice #3 (Project: I-285/I-20 EAST INTERCHANGE) (Item: CONC SLOPE PAV, 4 IN)', '2600:100a:b125:a031:2ce5:7d35:ef7d:63f9', '2025-10-22 00:45:08', 1),
(4006, 'Update', 'User', 'The user is modified: test test', '2600:100a:b117:b623:25a3:9eb3:a82e:9f4c', '2025-10-26 19:25:34', 1),
(4007, 'Update', 'User', 'The user is modified: Administrator Concrete', '2600:100a:b117:b623:25a3:9eb3:a82e:9f4c', '2025-10-26 19:27:59', 1),
(4008, 'Update', 'User', 'The user is modified: Andres Iglesias', '::1', '2025-10-26 22:01:07', 10),
(4009, 'Update', 'User', 'The user is modified: Administrator Concrete', '::1', '2025-10-26 22:01:13', 10),
(4010, 'Update', 'User', 'The user is modified: Marcel Curbelo Carmona', '::1', '2025-10-26 22:01:21', 10),
(4011, 'Update', 'User', 'The user is modified: test test', '::1', '2025-10-26 22:01:29', 10),
(4012, 'Add', 'Invoice Notes', 'Notes \'<p>test</p>\' have been added to invoice #3 (Project: I-285/I-20 EAST INTERCHANGE) (Item: CONC SLOPE PAV, 4 IN)', '::1', '2025-10-31 01:25:03', 1),
(4013, 'Update', 'Invoice', 'The invoice #3 is modified', '::1', '2025-10-31 01:25:06', 1),
(4014, 'Delete', 'Invoice', 'The invoice #3 is deleted', '::1', '2025-10-31 01:25:32', 1),
(4015, 'Update', 'Estimate', 'The estimate is modified: Other project', '::1', '2025-10-31 01:40:49', 1),
(4016, 'Update', 'Unit', 'The unit is modified: BUCKET', '::1', '2025-10-31 03:07:35', 1),
(4017, 'Update', 'Invoice', 'The invoice #2 is modified', '::1', '2025-11-07 01:01:20', 1),
(4018, 'Add', 'Data Tracking', 'The data tracking is add, Project: ERS05055 - EVERMORE NORTH BLVD, Date: 11/07/2025', '::1', '2025-11-07 18:04:47', 1),
(4019, 'Update', 'User', 'The user is modified: Administrator Concrete', '::1', '2025-11-09 15:42:41', 1),
(4020, 'Update', 'User', 'The user is modified: Administrator Concrete', '::1', '2025-11-09 15:43:19', 1),
(4021, 'Update', 'Invoice', 'The invoice #2 is modified', '::1', '2025-11-10 02:32:02', 1),
(4022, 'Delete', 'Item Invoice', 'The item details invoice is deleted: CONC MEDIAN, 6 IN', '::1', '2025-11-10 02:35:10', 1),
(4023, 'Delete', 'Item Invoice', 'The item details invoice is deleted: CLASS B CONC, BASE OR PVMT WIDENING', '::1', '2025-11-10 02:35:15', 1),
(4024, 'Delete', 'Item Invoice', 'The item details invoice is deleted: PLAIN CONC DITCH PAVING 4 IN', '::1', '2025-11-10 02:35:38', 1),
(4025, 'Update', 'Invoice', 'The invoice #2 is modified', '::1', '2025-11-10 02:37:15', 1),
(4026, 'Add', 'Invoice', 'The invoice #6 is added', '::1', '2025-11-11 01:07:20', 1),
(4027, 'Delete', 'Invoice', 'The invoice #5 is deleted', '::1', '2025-11-14 02:13:56', 1),
(4028, 'Update', 'Invoice', 'The invoice #4 is modified', '::1', '2025-11-14 03:01:27', 1),
(4029, 'Update', 'Invoice', 'The invoice #2 is modified', '::1', '2025-11-14 03:01:32', 1),
(4030, 'Add', 'Invoice', 'The invoice #1 is added', '::1', '2025-11-14 03:04:17', 1),
(4031, 'Delete', 'Invoice', 'The invoice #6 is deleted', '::1', '2025-11-14 03:05:48', 1),
(4032, 'Update', 'Project', 'The project is modified: Test', '::1', '2025-11-15 14:43:56', 1),
(4033, 'Update', 'Project', 'The project is modified: SR 59 BRIDGE', '::1', '2025-11-15 15:06:27', 1),
(4034, 'Update', 'User', 'The user is modified: Marcel Curbelo Carmona', '::1', '2025-11-15 15:53:24', 1),
(4035, 'Update', 'Project', 'The project is modified: TRAFFIC SIGNAL UPGRADES AT VARIOUS LOCATIONS IN RO', '::1', '2025-11-15 15:54:08', 1),
(4036, 'Update', 'Project', 'The project is modified: TRAFFIC SIGNAL UPGRADES AT VARIOUS LOCATIONS IN RO', '::1', '2025-11-15 15:57:08', 1),
(4037, 'Add', 'Gender', 'The gender is added: Asian-Indian', '::1', '2025-11-15 17:18:07', 1),
(4038, 'Add', 'Gender', 'The gender is added: Asian-Pacific', '::1', '2025-11-15 17:18:30', 1),
(4039, 'Add', 'Gender', 'The gender is added: Black', '::1', '2025-11-15 17:18:49', 1),
(4040, 'Add', 'Gender', 'The gender is added: White', '::1', '2025-11-15 17:19:09', 1),
(4041, 'Add', 'Gender', 'The gender is added: Hispanic', '::1', '2025-11-15 17:19:25', 1),
(4042, 'Add', 'Gender', 'The gender is added: Native American', '::1', '2025-11-15 17:20:06', 1),
(4043, 'Add', 'Gender', 'The gender is added: Other', '::1', '2025-11-15 17:20:23', 1),
(4044, 'Add', 'Race', 'The race is added: TEst', '::1', '2025-11-15 18:24:50', 1),
(4045, 'Update', 'Race', 'The race is modified: TEst', '::1', '2025-11-15 18:24:57', 1),
(4046, 'Delete', 'Race', 'The race is deleted: TEst', '::1', '2025-11-15 18:25:20', 1),
(4047, 'Update', 'Employee', 'The employee is modified: \"Tate\" Vincente Bly', '::1', '2025-11-16 01:40:24', 1),
(4048, 'Delete', 'Item Project', 'The data tracking is deleted, Project: TTC00000000001 - TESTING PROJECT FOR SOFTWARE, Date: 02/25/2025', '::1', '2025-11-19 00:10:47', 1),
(4049, 'Delete', 'Item Project', 'The data tracking is deleted, Project: TTC00000000001 - TESTING PROJECT FOR SOFTWARE, Date: 02/10/2025', '::1', '2025-11-19 00:10:47', 1),
(4050, 'Add', 'Data Tracking', 'The data tracking is add, Project: TTC00000000001 - TESTING PROJECT FOR SOFTWARE, Date: 10/07/2025', '::1', '2025-11-19 00:16:21', 1),
(4051, 'Add', 'Data Tracking', 'The data tracking is add, Project: TTC00000000001 - TESTING PROJECT FOR SOFTWARE, Date: 11/18/2025', '::1', '2025-11-19 00:16:53', 1),
(4052, 'Add', 'Data Tracking', 'The data tracking is add, Project: TTC00000000001 - TESTING PROJECT FOR SOFTWARE, Date: 09/09/2025', '::1', '2025-11-19 00:17:34', 1),
(4053, 'Add', 'Invoice', 'The invoice #1 is added', '::1', '2025-11-19 00:18:38', 1),
(4054, 'Add', 'Invoice', 'The invoice #2 is added', '::1', '2025-11-19 00:19:36', 1),
(4055, 'Add', 'Invoice', 'The invoice #3 is added', '::1', '2025-11-19 00:21:25', 1),
(4056, 'Update', 'Project', 'The project is modified: TESTING PROJECT FOR SOFTWARE', '::1', '2025-11-19 02:09:32', 1),
(4057, 'Update', 'Project', 'The project is modified: TESTING PROJECT FOR SOFTWARE', '::1', '2025-11-19 02:12:47', 1),
(4058, 'Update', 'Invoice', 'The invoice #1 is modified', '::1', '2025-11-21 01:17:03', 1),
(4059, 'Delete', 'Invoice', 'The invoice #1 is deleted', '::1', '2025-11-21 02:08:59', 1),
(4060, 'Delete', 'Invoice', 'The invoice #2 is deleted', '::1', '2025-11-21 02:08:59', 1),
(4061, 'Delete', 'Invoice', 'The invoice #3 is deleted', '::1', '2025-11-21 02:08:59', 1),
(4062, 'Add', 'Invoice', 'The invoice #1 is added', '::1', '2025-11-21 02:09:32', 1),
(4063, 'Add', 'Invoice', 'The invoice #2 is added', '::1', '2025-11-21 02:09:59', 1),
(4064, 'Add', 'Invoice', 'The invoice #3 is added', '::1', '2025-11-21 02:10:17', 1),
(4065, 'Update', 'Invoice', 'The invoice #1 is modified', '::1', '2025-11-27 01:44:30', 1),
(4066, 'Update', 'Item', 'The item is modified: 12 IN HEADER CURB', '::1', '2025-11-29 00:30:40', 1),
(4067, 'Update', 'Item', 'The item is modified: 12 IN HEADER CURB', '::1', '2025-11-29 00:30:52', 1),
(4068, 'Update', 'Project', 'The project is modified: Test', '::1', '2025-11-29 00:32:20', 1),
(4069, 'Update', 'Employee', 'The employee is modified: \"Tate\" Vincente Bly', '::1', '2025-11-30 15:42:00', 1),
(4070, 'Update', 'Project', 'The project is modified: TESTING PROJECT FOR SOFTWARE', '::1', '2025-12-02 01:09:16', 1),
(4071, 'Update', 'Data Tracking', 'The data tracking is modified, Project: TTC00000000001 - TESTING PROJECT FOR SOFTWARE, Date: 11/18/2025', '::1', '2025-12-06 15:21:07', 1),
(4072, 'Update', 'Data Tracking', 'The data tracking is modified, Project: TTC00000000001 - TESTING PROJECT FOR SOFTWARE, Date: 11/18/2025', '::1', '2025-12-06 15:22:14', 1),
(4073, 'Delete', 'Data Tracking', 'The item of the data tracking is deleted, Item: C&G 6 X 24 IN, Project: TTC00000000001 - TESTING PROJECT FOR SOFTWARE, Date: 11/18/2025', '::1', '2025-12-06 15:23:04', 1),
(4074, 'Update', 'Project', 'The project is modified: TESTING PROJECT FOR SOFTWARE', '::1', '2025-12-06 16:00:30', 1),
(4075, 'Update', 'Project', 'The project is modified: TESTING PROJECT FOR SOFTWARE', '::1', '2025-12-06 16:00:58', 1),
(4076, 'Update', 'Project', 'The project is modified: TESTING PROJECT FOR SOFTWARE', '::1', '2025-12-06 16:03:20', 1),
(4077, 'Add', 'Concrete Class', 'The concrete class is added: Class A', '::1', '2025-12-06 18:01:17', 1),
(4078, 'Add', 'Concrete Class', 'The concrete class is added: Class B', '::1', '2025-12-06 18:01:22', 1),
(4079, 'Add', 'Concrete Class', 'The concrete class is added: Class C', '::1', '2025-12-06 18:01:26', 1),
(4080, 'Update', 'Concrete Class', 'The concrete class is modified: Class A', '::1', '2025-12-06 18:01:29', 1),
(4081, 'Add', 'Concrete Class', 'The concrete class is added: test', '::1', '2025-12-06 18:01:40', 1),
(4082, 'Update', 'Concrete Class', 'The concrete class is modified: test upd', '::1', '2025-12-06 18:01:50', 1),
(4083, 'Delete', 'Concrete Class', 'The concrete class is deleted: test upd', '::1', '2025-12-06 18:01:53', 1),
(4084, 'Update', 'Concrete Class', 'The concrete class is modified: Class A', '::1', '2025-12-06 18:08:32', 1),
(4085, 'Update', 'Concrete Class', 'The concrete class is modified: Class A', '::1', '2025-12-06 18:08:35', 1);

-- --------------------------------------------------------

--
-- Estructura de tabla para la tabla `material`
--

CREATE TABLE `material` (
  `material_id` int(11) NOT NULL,
  `name` varchar(255) DEFAULT NULL,
  `price` float(8,2) DEFAULT NULL,
  `unit_id` int(11) DEFAULT NULL
) ENGINE=InnoDB DEFAULT CHARSET=utf8;

--
-- Volcado de datos para la tabla `material`
--

INSERT INTO `material` (`material_id`, `name`, `price`, `unit_id`) VALUES
(1, 'LUMBER, 2X4', 0.70, 12),
(2, 'EXPANSION PAPER, 4 IN', 70.00, 18),
(3, 'EXPANSION SHEET', 130.00, 15),
(4, 'REBAR/TIE BAR CHAIRS', 5.00, 12),
(5, 'CURING COMPOUND', 100.00, 20),
(6, 'ADA TILE STAMPS', 250.00, 15),
(7, 'PLASTIC, 100 FT', 100.00, 22),
(8, 'GENERATOR', 95.00, 15),
(9, 'PLATE TAMPS', 100.00, 15),
(10, 'VIBRATOR', 150.00, 15),
(11, 'CLEAR SEALANT', 200.00, 20),
(12, 'DRILL BIT, 3-GANG', 200.00, 15),
(13, 'DIAMOND BLADE', 200.00, 15),
(14, 'TIE BAR, 6 IN', 0.75, 15),
(15, 'DOWELS BASKET', 25.00, 12),
(16, 'TIE BAR, 4 IN', 0.50, 15),
(17, 'TIE BAR, LF', 1.50, 12),
(18, '#4 REBAR, 20 FT', 3450.00, 19),
(19, '#5 REBAR, 20 FT', 3500.00, 19),
(20, '#4 BARS, LF', 1.50, 12),
(21, '#5 REBAR, LF', 1.80, 12),
(22, '#7 REBAR, WEIGHT', 135.00, 23),
(23, 'CONCRETE SAW', 100.00, 15),
(24, 'LIGHT TOWER', 225.00, 15),
(25, 'ARROW BOARD', 125.00, 15),
(26, 'MINI EXCAVATOR', 365.00, 15),
(27, '3-GANG DRILL', 90.00, 21),
(28, 'HANDHELD DRILL', 54.00, 15),
(29, 'DRILL BIT, HANDHELD', 40.00, 15),
(30, 'DUMP TRUCK', 500.00, 15),
(31, 'HAULING', 500.00, 15),
(32, 'PRESSURE WASHER', 150.00, 15),
(33, 'COLOR ', 200.00, 17),
(34, 'CATCH BASIN RING & COVER', 348.00, 15);

-- --------------------------------------------------------

--
-- Estructura de tabla para la tabla `notification`
--

CREATE TABLE `notification` (
  `id` int(11) NOT NULL,
  `content` varchar(255) DEFAULT NULL,
  `readed` tinyint(1) DEFAULT NULL,
  `created_at` datetime DEFAULT NULL,
  `user_id` int(11) DEFAULT NULL,
  `project_id` int(11) DEFAULT NULL
) ENGINE=InnoDB DEFAULT CHARSET=utf8mb4;

--
-- Volcado de datos para la tabla `notification`
--

INSERT INTO `notification` (`id`, `content`, `readed`, `created_at`, `user_id`, `project_id`) VALUES
(42, 'Project ERS05034 - 0009011 OCONEE US 441 SR 53 WIDENING is close to its due date 01/29/2025', 1, '2025-01-26 21:08:46', 1, 229),
(72, 'Project TTC00000000001 - TESTING PROJECT FOR SOFTWARE is close to its due date 02/20/2025', 1, '2025-02-20 12:45:05', 1, 254),
(73, 'AL22000 - TRAFFIC SIGNAL UPGRADES AT VARIOUS LOCATIONS IN RO invoice due date 11/20/2025 (in 5 days)', 0, '2025-11-15 12:57:11', 2, 170),
(74, 'TTC00000000001 - TESTING PROJECT FOR SOFTWARE invoice due date 12/05/2025 (in 5 days)', 0, '2025-12-01 22:17:50', 2, 254),
(75, 'TTC00000000001 - TESTING PROJECT FOR SOFTWARE invoice due date 12/05/2025 (in 4 days)', 0, '2025-12-01 22:26:18', 2, 254);

-- --------------------------------------------------------

--
-- Estructura de tabla para la tabla `overhead_price`
--

CREATE TABLE `overhead_price` (
  `overhead_id` int(11) NOT NULL,
  `name` varchar(255) DEFAULT NULL,
  `price` decimal(18,2) DEFAULT NULL
) ENGINE=InnoDB DEFAULT CHARSET=utf8mb4;

--
-- Volcado de datos para la tabla `overhead_price`
--

INSERT INTO `overhead_price` (`overhead_id`, `name`, `price`) VALUES
(1, '2025 Q1', 286.00);

-- --------------------------------------------------------

--
-- Estructura de tabla para la tabla `plan_downloading`
--

CREATE TABLE `plan_downloading` (
  `plan_downloading_id` int(11) NOT NULL,
  `description` varchar(255) DEFAULT NULL,
  `status` tinyint(1) DEFAULT NULL
) ENGINE=InnoDB DEFAULT CHARSET=utf8mb4;

--
-- Volcado de datos para la tabla `plan_downloading`
--

INSERT INTO `plan_downloading` (`plan_downloading_id`, `description`, `status`) VALUES
(1, 'In Progress', 1),
(2, 'Done', 1),
(3, 'Done - Requested Scopes Not Found', 1),
(4, 'No Plans Available', 1),
(5, 'Invalid Platform Credentials', 1),
(6, 'Limit Reached', 1);

-- --------------------------------------------------------

--
-- Estructura de tabla para la tabla `plan_status`
--

CREATE TABLE `plan_status` (
  `status_id` int(11) NOT NULL,
  `description` varchar(255) DEFAULT NULL,
  `status` tinyint(1) DEFAULT NULL
) ENGINE=InnoDB DEFAULT CHARSET=utf8mb4;

--
-- Volcado de datos para la tabla `plan_status`
--

INSERT INTO `plan_status` (`status_id`, `description`, `status`) VALUES
(1, 'Downloaded', 1),
(2, 'New Addenda', 1),
(3, 'No Plans', 1),
(4, 'Log Only', 1);

-- --------------------------------------------------------

--
-- Estructura de tabla para la tabla `project`
--

CREATE TABLE `project` (
  `project_id` int(11) NOT NULL,
  `project_id_number` varchar(50) DEFAULT NULL,
  `project_number` varchar(50) DEFAULT NULL,
  `proposal_number` varchar(255) DEFAULT NULL,
  `name` varchar(255) DEFAULT NULL,
  `description` varchar(255) DEFAULT NULL,
  `location` varchar(255) DEFAULT NULL,
  `owner` varchar(255) DEFAULT NULL,
  `subcontract` varchar(255) DEFAULT NULL,
  `contract_amount` decimal(18,2) DEFAULT NULL,
  `federal_funding` tinyint(1) DEFAULT NULL,
  `county` varchar(255) DEFAULT NULL,
  `resurfacing` tinyint(1) DEFAULT NULL,
  `invoice_contact` varchar(255) DEFAULT NULL,
  `certified_payrolls` tinyint(1) DEFAULT NULL,
  `start_date` date DEFAULT NULL,
  `end_date` date DEFAULT NULL,
  `due_date` date DEFAULT NULL,
  `manager` varchar(255) DEFAULT NULL,
  `status` int(1) DEFAULT NULL,
  `po_number` varchar(255) DEFAULT NULL,
  `po_cg` varchar(255) DEFAULT NULL,
  `concrete_quote_price` decimal(18,2) DEFAULT NULL,
  `concrete_quote_price_escalator` decimal(18,2) DEFAULT NULL,
  `concrete_time_period_every_n` int(11) DEFAULT NULL,
  `concrete_time_period_unit` enum('day','month','year','') DEFAULT NULL,
  `retainage` tinyint(1) DEFAULT NULL,
  `retainage_percentage` double(18,2) DEFAULT NULL,
  `retainage_adjustment_percentage` double(18,2) DEFAULT NULL,
  `retainage_adjustment_completion` double(18,2) DEFAULT NULL,
  `created_at` datetime DEFAULT NULL,
  `updated_at` datetime DEFAULT NULL,
  `updated_at_concrete_quote_price` datetime DEFAULT NULL,
  `company_id` int(11) DEFAULT NULL,
  `inspector_id` int(11) DEFAULT NULL,
  `county_id` int(11) DEFAULT NULL,
  `vendor_id` int(11) DEFAULT NULL,
  `concrete_class_id` int(11) DEFAULT NULL
) ENGINE=InnoDB DEFAULT CHARSET=utf8mb4;

--
-- Volcado de datos para la tabla `project`
--

INSERT INTO `project` (`project_id`, `project_id_number`, `project_number`, `proposal_number`, `name`, `description`, `location`, `owner`, `subcontract`, `contract_amount`, `federal_funding`, `county`, `resurfacing`, `invoice_contact`, `certified_payrolls`, `start_date`, `end_date`, `due_date`, `manager`, `status`, `po_number`, `po_cg`, `concrete_quote_price`, `concrete_quote_price_escalator`, `concrete_time_period_every_n`, `concrete_time_period_unit`, `retainage`, `retainage_percentage`, `retainage_adjustment_percentage`, `retainage_adjustment_completion`, `created_at`, `updated_at`, `updated_at_concrete_quote_price`, `company_id`, `inspector_id`, `county_id`, `vendor_id`, `concrete_class_id`) VALUES
(6, 'N/A', 'ERS05039', 'N/A', 'BUFORD HWY PED IMPROVEMENTS', 'BUFORD HWY PED IMPROVEMENTS', NULL, 'DOT', '60294-9754', 1483750.00, 1, 'DeKalb', 0, '', 1, '2023-05-10', '2025-03-31', '2024-07-25', '', 1, NULL, NULL, NULL, NULL, NULL, NULL, NULL, NULL, NULL, NULL, '2024-07-08 14:37:28', '2025-08-16 19:39:30', NULL, 5, NULL, 2, NULL, NULL),
(7, 'N/A', 'ERS05066', 'N/A', 'BEN EPPS TAXIWAY', 'BEN EPPS TAXIWAY', NULL, 'UNIFIED GOV. OF ATHENS-CLARKE', '50429-9754', 77691.00, 1, 'CLARKE', 0, '', 0, '2024-06-24', '2024-10-31', '2024-07-31', '', 1, NULL, NULL, NULL, NULL, NULL, NULL, NULL, NULL, NULL, NULL, '2024-07-08 15:12:55', '2025-08-21 00:58:27', NULL, 5, NULL, 3, NULL, NULL),
(8, '435435345', 'PO-0195-GRW', '', 'WOODLANDS TRINITY', 'WOODLANDS TRINITY', 'undefined', 'WOODLANDS SUBDIVISION', '45435435', 0.00, 0, 'HOUSTON', 0, '', 0, '2020-09-07', NULL, '2024-07-31', 'Cliff Gradwell', 1, 'undefined', 'undefined', NULL, NULL, NULL, NULL, NULL, NULL, NULL, NULL, '2024-07-08 15:27:25', '2025-09-06 19:35:58', NULL, 6, NULL, 4, NULL, NULL),
(9, 'N/A', 'CWM04099', 'N/A', 'HIDDEN ACRES DRIVE', 'HIDDEN ACRES DRIVE', 'undefined', 'N/A', 'N/A', 99.76, 0, 'DEKALB', 0, '', 0, '2024-07-02', '2024-07-02', '2024-07-31', 'Mike Lunsford', 1, 'undefined', 'undefined', NULL, NULL, NULL, NULL, NULL, NULL, NULL, NULL, '2024-07-08 16:06:19', '2025-09-06 19:40:58', NULL, 7, NULL, 2, NULL, NULL),
(10, '324324', 'WEB56001', '', 'BIBB', 'BIBB', 'undefined', 'GDOT', '2021CW1K00026', 800.00, 1, 'BIBB', 0, '', 0, '2022-03-29', NULL, '2024-07-31', '', 1, 'undefined', 'undefined', NULL, NULL, NULL, NULL, NULL, NULL, NULL, NULL, '2024-07-08 16:21:32', '2025-09-06 19:57:46', NULL, 8, NULL, 5, NULL, NULL),
(11, '0016523', 'ERS05059', 'B1CBA2302156-0', 'VALENTINE BLVD BRIDGE', 'VALENTINE BLVD BRIDGE', NULL, 'DOT', '60336-9754', 101910.00, 1, 'JACKSON', 0, '', 0, '2024-06-18', '2024-09-30', '2024-07-31', '', 2, NULL, NULL, NULL, NULL, NULL, NULL, NULL, NULL, NULL, NULL, '2024-07-08 19:19:11', '2025-02-14 16:13:36', NULL, 5, NULL, 6, NULL, NULL),
(12, '-', 'REEV50013', '', 'JEFFERSON-WIDENING US 221-US1-SR4', 'JEFFERSON-WIDENING US 221-US1-SR4', NULL, 'DOT', '0', 6120.00, 1, 'JEFFERSON', 0, '', 1, '2024-05-17', '2025-03-04', '2024-07-25', 'Michael Schriver', 1, NULL, NULL, NULL, NULL, NULL, NULL, NULL, NULL, NULL, NULL, '2024-07-09 14:24:19', '2024-12-02 15:33:03', NULL, 9, NULL, 7, NULL, NULL),
(13, NULL, 'STEB19010', NULL, '2021 LMIG STREET RESURFACING GROUP 1 NORTH', '2021 LMIG STREET RESURFACING GROUP 1 NORTH', 'FULTON-COA', 'FULTON COUNTY', '52305-03', NULL, 0, 'FULTON', 0, '', 0, '2024-08-21', NULL, '2024-07-31', '', 1, '', '', NULL, NULL, NULL, NULL, NULL, NULL, NULL, NULL, '2024-07-09 15:59:34', NULL, NULL, 10, NULL, 8, NULL, NULL),
(14, 'N/A', 'RW74001', 'N/A', 'FULTON', 'FULTON', NULL, 'GDOT', 'N/A', 342832.00, 0, 'FULTON', 0, '', 0, '2024-04-24', '2024-11-30', '2024-07-31', '', 1, NULL, NULL, NULL, NULL, NULL, NULL, NULL, NULL, NULL, NULL, '2024-07-09 16:16:48', '2024-12-02 14:35:23', NULL, 11, NULL, 8, NULL, NULL),
(15, NULL, 'PC25028', NULL, 'ROCKDALE - Roundabout 138 Union Church Rd', 'ROCKDALE - Roundabout 138 Union Church Rd', 'ROCKDALE - Roundabout 138 Union Church Rd', 'DOT', '1809', NULL, 1, 'ROCKDALE ', 0, '', 1, '2023-03-03', '2024-07-31', '2024-07-31', 'ROBERT MOON- rmoon@pittman-construction.com', 1, '0009989', 'B1CBA2202367-0', NULL, NULL, NULL, NULL, NULL, NULL, NULL, NULL, '2024-07-09 16:22:29', '2024-07-24 18:16:29', NULL, 12, NULL, 9, NULL, NULL),
(19, 'IFB-C-1210246', 'CWM04043', '', 'CASCADE RD AVE STREETSCAPE, PH 1', 'CASCADE RD AVE STREETSCAPE, PH 1', NULL, 'City of Atlanta', '32742', 4663597.00, 0, 'FULTON', 0, '', 0, '2024-07-12', '2024-08-31', '2024-08-31', '', 1, NULL, NULL, NULL, NULL, NULL, NULL, NULL, NULL, NULL, NULL, '2024-08-14 18:06:41', '2025-02-19 20:17:12', NULL, 7, NULL, 8, NULL, NULL),
(20, 'IM/NH-75-1(131)', 'WRB21009', '33005-1185-44', 'Design-Build I-75@ I-24, Ph II', 'Design-Build I-75@ I-24, Ph II', NULL, 'TDOT', '01-0703-3969', 626404.80, 1, 'HAMILTON', 0, '', 1, '2024-09-23', '2026-10-01', '2024-10-24', '', 1, NULL, NULL, NULL, NULL, NULL, NULL, NULL, NULL, NULL, NULL, '2024-10-03 16:38:29', '2025-02-19 18:12:32', NULL, 36, NULL, 10, NULL, NULL),
(21, '0014482', 'ERS05074', 'B3CBA2401992-0', 'Henry Western Parallel Connector', 'Henry Western Parallel Connector', NULL, 'GDOT', '60376-9754', 3069748.87, 1, 'Henry', 0, '', 1, '0024-08-12', '2026-11-30', NULL, '', 1, NULL, NULL, NULL, NULL, NULL, NULL, NULL, NULL, NULL, NULL, '2024-10-03 17:13:48', '2025-02-17 18:00:38', NULL, 5, NULL, 11, NULL, NULL),
(22, '1148.02', 'BP02020', '', 'Windy Hill Boulevard', 'Windy Hill Boulevard', NULL, 'City of Smyrna', '159944-01', 527211.75, 0, 'Cobb', 0, '', 0, '2024-08-10', '2025-03-30', NULL, '', 1, NULL, NULL, NULL, NULL, NULL, NULL, NULL, NULL, NULL, NULL, '2024-10-04 15:04:04', '2024-12-02 17:41:22', NULL, 17, NULL, 12, NULL, NULL),
(23, '019-45', 'ERS05070', '', 'Hall, White Sulphur Road', 'Hall, White Sulphur Road', NULL, 'Hall County Board of Comm', '50446-9754', 731972.72, 0, 'Hall', 0, '', 0, '2024-08-01', '2025-07-02', NULL, '', 1, NULL, NULL, NULL, NULL, NULL, NULL, NULL, NULL, NULL, NULL, '2024-10-04 18:11:30', '2025-02-17 18:04:29', NULL, 5, NULL, 13, NULL, NULL),
(25, '0013809', 'CMES60005', 'B1CBA2402186-0', 'Bridge Construction on SR14 over CSX Railroad', 'Bridge Construction on SR14 over CSX Railroad', NULL, 'GDOT', '24030', 445588.50, 1, 'Fulton', 0, '', 0, '2024-08-03', '2027-09-30', NULL, '', 1, NULL, NULL, NULL, NULL, NULL, NULL, NULL, NULL, NULL, NULL, '2024-10-04 19:59:12', '2024-11-25 19:16:50', NULL, 26, NULL, 8, NULL, NULL),
(28, 'F-1251-01 & M-1238-31', 'ERS05071', 'BL079-24', 'Lakeview Road Bridge', 'Lakeview Road Bridge', NULL, 'Gwinnett County Tax Commission', '50445', 241343.25, 0, 'Gwinnett', 0, '', 0, '2024-08-13', '2025-03-01', NULL, '', 1, NULL, NULL, NULL, NULL, NULL, NULL, NULL, NULL, NULL, NULL, '2024-10-09 13:21:47', '2025-02-17 17:03:33', NULL, 5, NULL, 14, NULL, NULL),
(29, 'M006298', 'ERS05072', '', 'I-285 RESURFACING', 'I-285 RESURFACING', NULL, 'GDOT', '60385', 80243.62, 1, 'Cobb Fulton', 1, '', 1, '2024-08-19', '2025-10-31', NULL, '', 1, NULL, NULL, NULL, NULL, NULL, NULL, NULL, NULL, NULL, NULL, '2024-10-09 18:14:26', '2025-02-17 17:25:13', NULL, 5, NULL, 15, NULL, NULL),
(30, '0015656', 'ERS05073', '', 'Clotfelter Road Bridge', 'Clotfelter Road Bridge', NULL, 'GDOT', '60386', 15462.16, 1, 'Oconee', 0, '', 1, '2023-01-30', '2025-12-31', NULL, '', 1, NULL, NULL, NULL, NULL, NULL, NULL, NULL, NULL, NULL, NULL, '2024-10-10 14:51:15', '2025-02-19 18:29:01', NULL, 5, NULL, 16, NULL, NULL),
(31, '0011434', 'SCR16010', 'B3TIA2202312-0', 'Cusseta Road GDOT Project 0011434', 'Cusseta Road GDOT Project 0011434', NULL, 'GDOT', '2117004', 1814416.50, 1, 'Muscogee', 0, '', 0, '2024-08-12', '2026-03-31', NULL, '', 1, NULL, NULL, NULL, NULL, NULL, NULL, NULL, NULL, NULL, NULL, '2024-10-10 15:29:42', '2025-02-17 21:04:40', NULL, 37, NULL, 17, NULL, NULL),
(32, 'M006453', 'COM34017', 'B1CBA2401801-0', 'B1CBA2401801-0 Dade', 'B1CBA2401801-0 Dade', NULL, 'GDOT- Office of Bridges and Structures', '293-SUB04', 73728.00, 1, 'Dade', 0, '', 0, '2024-08-01', '2025-12-31', NULL, '', 1, NULL, NULL, NULL, NULL, NULL, NULL, NULL, NULL, NULL, NULL, '2024-10-10 18:28:27', '2024-11-25 17:42:11', NULL, 29, NULL, 18, NULL, NULL),
(33, 'M006156', 'COM34018', '', 'Slygo Slope Paving', 'Slygo Slope Paving', NULL, 'GDOT', '277-SUB11', 58121.00, 1, 'Dade', 0, '', 0, '2024-09-11', '2025-10-11', NULL, '', 1, NULL, NULL, NULL, NULL, NULL, NULL, NULL, NULL, NULL, NULL, '2024-10-10 19:01:21', '2024-12-02 16:07:14', NULL, 29, NULL, 18, NULL, NULL),
(34, '403906', 'SESD18022', '', 'McDonough Parkway Extension', 'McDonough Parkway Extension', NULL, 'Henry County Georgia', '24-442-010', 622532.00, 0, 'Henry', 0, '', 0, '2024-08-01', '2026-08-27', NULL, '', 1, NULL, NULL, NULL, NULL, NULL, NULL, NULL, NULL, NULL, NULL, '2024-10-10 19:30:25', '2024-12-02 15:42:57', NULL, 38, NULL, 11, NULL, NULL),
(35, '0015636', 'TAL20034', '', 'CR 225 over little Creek', 'CR 225 over little Creek', NULL, 'GDOT- Habershame', '24032.06', 33560.00, 0, 'Habersham', 0, '', 0, '2024-09-04', '2025-10-31', NULL, '', 1, NULL, NULL, NULL, NULL, NULL, NULL, NULL, NULL, NULL, NULL, '2024-10-10 20:30:51', '2024-12-02 13:42:53', NULL, 39, NULL, 19, NULL, NULL),
(36, '0013894', 'CMES60004', 'B3CBA2401402-0', 'Intersection Improvement on SR 316 at Cedars Road', 'Intersection Improvement on SR 316 at Cedars Road', NULL, 'GDOT', '24010.12628', 187511.50, 1, 'Gwinnett', 0, '', 1, '2024-04-23', '2025-05-31', NULL, '', 1, NULL, NULL, NULL, NULL, NULL, NULL, NULL, NULL, NULL, NULL, '2024-10-11 13:00:19', '2024-12-02 15:20:13', NULL, 26, NULL, 14, NULL, NULL),
(37, '0017130', 'AW42004', '', 'GDOR I-285 Westbound Auxiliary Lane', 'GDOR I-285 Westbound Auxiliary Lane', NULL, 'GDOT', '222113', 522586.64, 1, 'Fulton', 0, '', 1, '2024-04-16', '2027-04-16', NULL, '', 1, NULL, NULL, NULL, NULL, NULL, NULL, NULL, NULL, NULL, NULL, '2024-10-16 13:50:47', '2024-12-02 14:38:12', NULL, 15, NULL, 8, NULL, NULL),
(38, '0013915', 'AW42003', '', 'I-285/I-20 EAST INTERCHANGE', 'I-285/I-20 EAST INTERCHANGE', NULL, 'GDOT', '222108', 2746078.10, 1, 'Dekalb', 0, '', 1, NULL, '2026-06-01', NULL, '', 1, NULL, NULL, NULL, NULL, NULL, NULL, NULL, NULL, NULL, NULL, '2024-10-16 18:40:46', '2025-02-17 17:20:24', NULL, 15, NULL, 2, NULL, NULL),
(39, '0017129', 'AW42002', '', 'I-285 Eastside Bridge Replacements', 'I-285 Eastside Bridge Replacements', NULL, 'GDOT', '221063', 733674.00, 1, 'Dekalb', 0, '', 1, NULL, '2025-08-30', NULL, '', 1, NULL, NULL, NULL, NULL, NULL, NULL, NULL, NULL, NULL, NULL, '2024-10-16 20:00:47', '2025-02-25 18:53:44', NULL, 15, NULL, 2, NULL, NULL),
(40, 'F.40.15.010', 'AW42001', 'IFB-C-1200348', 'South Deicing Complex Ramp', 'South Deicing Complex Ramp', NULL, 'City of Atlanta', '220113', 44853.00, 0, 'HJAIA', 0, '', 1, '2022-10-11', '2024-10-18', NULL, '', 1, NULL, NULL, NULL, NULL, NULL, NULL, NULL, NULL, NULL, NULL, '2024-10-17 12:56:19', '2024-12-02 16:11:44', NULL, 15, NULL, 20, NULL, NULL),
(41, '0014168', 'AG01008', 'B1CBA2302158-0', 'SR HEARD COUNTY SR 34 2 BRIDGE REPLACEMENTS', 'SR HEARD COUNTY SR 34 2 BRIDGE REPLACEMENTS', NULL, 'GDOT', '24-191-007', 225755.00, 1, 'HEARD', 0, '', 0, NULL, '2025-01-31', NULL, '', 1, NULL, NULL, NULL, NULL, NULL, NULL, NULL, NULL, NULL, NULL, '2024-10-17 13:24:28', '2024-12-02 16:54:50', NULL, 16, NULL, 21, NULL, NULL),
(42, '0015998', 'BP02019', 'B1CBA2302781-1', 'SR3 (Northside Drive) Widening & Pedestrian Upgrades', 'SR3 (Northside Drive) Widening & Pedestrian Upgrades', NULL, 'GDOT', '320101-01', 387118.31, 1, 'Fulton', 0, '', 1, NULL, '2025-12-31', NULL, '', 1, NULL, NULL, NULL, NULL, NULL, NULL, NULL, NULL, NULL, NULL, '2024-10-17 14:11:50', '2024-12-02 16:56:35', NULL, 17, NULL, 8, NULL, NULL),
(43, '0015432', 'BP02018', 'B3CBA2302700-0', 'SR3 Connector at Upper Riverdale Road, Clayton County', 'SR3 Connector at Upper Riverdale Road, Clayton County', NULL, 'GDOT', '320087-01', 165938.00, 1, 'CLAYTON', 0, '', 0, '2023-10-26', '2024-08-31', NULL, '', 1, NULL, NULL, NULL, NULL, NULL, NULL, NULL, NULL, NULL, NULL, '2024-10-17 14:38:13', '2025-02-14 17:00:46', NULL, 17, NULL, 22, NULL, NULL),
(44, '0009967', 'BP02017', 'B1CBA2201350-0', 'SR 14 & SR41 ROUNDABOUT', 'SR 14 & SR41 ROUNDABOUT', NULL, 'GDOT', 'UNKNOWN', 398154.50, 1, 'COWETA', 0, '', 0, '2022-04-26', '2024-03-31', NULL, '', 1, NULL, NULL, NULL, NULL, NULL, NULL, NULL, NULL, NULL, NULL, '2024-10-17 15:20:47', '2024-12-02 16:29:48', NULL, 17, NULL, 23, NULL, NULL),
(45, 'N/A', 'BP02016', '22-09', '22-09 Widening of CP 1344/Valley Hill Road', '22-09 Widening of CP 1344/Valley Hill Road', NULL, 'Clayton County Board of Commissioners', 'Unknown', 566370.75, 0, 'Clayton', 0, '', 0, '2022-04-26', '2024-11-24', NULL, '', 1, NULL, NULL, NULL, NULL, NULL, NULL, NULL, NULL, NULL, NULL, '2024-10-17 17:34:47', '2025-02-14 15:39:27', NULL, 17, NULL, 22, NULL, NULL),
(46, '631490', 'AG01007', 'B1CBA2201629-0', 'VILLA RICA BYPASS', 'wwe', 'undefined', 'GDOTj', '24-186-015', 952473.50, 1, 'CARROLL', 0, '', 1, '2025-09-01', '2025-09-30', '2025-09-30', '', 1, 'undefined', 'undefined', 100.00, 10.00, 2, 'month', NULL, NULL, NULL, NULL, '2024-10-18 17:14:24', '2025-09-17 02:20:04', NULL, 16, NULL, 24, 2, NULL),
(49, '0006700', 'BB27001', 'B3CBA2101501-0', 'COMPLETION OF EFFINGHAM PARKWAY BEGINNING AT SR 30 AND EXTENDING TO BLUE JAY RD', 'COMPLETION OF EFFINGHAM PARKWAY BEGINNING AT SR 30 AND EXTENDING TO BLUE JAY RD', NULL, 'GDOT', '20001024-SC-001', 221048.92, 1, 'CHATHAM, EFFINGHAM', 0, '', 0, '2022-01-12', '2025-04-30', NULL, '', 1, NULL, NULL, NULL, NULL, NULL, NULL, NULL, NULL, NULL, NULL, '2024-10-18 20:30:24', '2024-11-25 21:11:30', NULL, 18, NULL, 27, NULL, NULL),
(50, '00077259 & 522790', 'BB27000', 'B3CBA1701600-0', 'Jimmy Deloach Parkway Extension from I-16 to SR/26 US 80', 'Jimmy Deloach Parkway Extension from I-16 to SR/26 US 80', NULL, 'GDOT', '2036-SC-002', 503316.80, 1, 'CHATHAM', 0, '', 0, NULL, '2021-10-31', NULL, '', 2, NULL, NULL, NULL, NULL, NULL, NULL, NULL, NULL, NULL, NULL, '2024-10-21 14:33:38', '2024-12-02 15:36:26', NULL, 18, NULL, 28, NULL, NULL),
(51, 'PR-IMP-CR710-(65)(32)', 'BAR59011', '21008-1505', 'DALLAS ACWORTH HWY @FREY ROAD & MT TABOR CHURCH RD INTERSECTION IMPROVEMENT', 'DALLAS ACWORTH HWY @FREY ROAD & MT TABOR CHURCH RD INTERSECTION IMPROVEMENT', NULL, 'Paulding County Board of Commissioners', '20-7040-S10', 42404.00, 0, 'PAULDING', 0, '', 0, '2024-07-15', '2024-12-31', NULL, '', 1, NULL, NULL, NULL, NULL, NULL, NULL, NULL, NULL, NULL, NULL, '2024-10-21 15:29:59', '2024-12-02 14:05:11', NULL, 19, NULL, 29, NULL, NULL),
(52, '72123', 'BAR59010', '2024-020', 'EAST CHEROKEE DR. AT MILL CREEK DR. INTERSECTION IMPROVEMENTS #72123', 'EAST CHEROKEE DR. AT MILL CREEK DR. INTERSECTION IMPROVEMENTS #72123', NULL, 'CHEROKEE COUNTY BOARD OF COMMISSIONERS', '24-7024-S3', 358493.00, 0, 'CHEROKEE', 0, '', 0, '2024-05-13', '2024-11-10', NULL, '', 1, NULL, NULL, NULL, NULL, NULL, NULL, NULL, NULL, NULL, NULL, '2024-10-21 15:57:18', '2024-12-02 14:20:31', NULL, 19, NULL, 30, NULL, NULL),
(53, '0017698', 'BAR59009', 'B1CBA2302142-0', 'GDOT CALL 015, 0017698', 'GDOT CALL 015, 0017698', NULL, 'GDOT', '23-9002-S2', 123528.00, 1, 'GILMER', 0, '', 1, '2023-12-05', '2024-12-31', NULL, '', 1, NULL, NULL, NULL, NULL, NULL, NULL, NULL, NULL, NULL, NULL, '2024-10-21 18:29:30', '2025-02-19 17:58:48', NULL, 19, NULL, 31, NULL, NULL),
(54, '0016106', 'BAR59008', 'B1CBA2301905-0', 'CALL 020 US278/SR6 AT SR100', 'CALL 020 US278/SR6 AT SR100', NULL, 'GDOT', '23-9001-S1', 442795.50, 1, 'POLK', 0, '', 1, NULL, '2025-01-31', NULL, '', 1, NULL, NULL, NULL, NULL, NULL, NULL, NULL, NULL, NULL, NULL, '2024-10-21 19:14:52', '2024-11-25 19:50:45', NULL, 19, NULL, 32, NULL, NULL),
(55, '0009901', 'CWM04037', 'B1CBA2101668-0', '0009901, CONST OF ROUNDABOUT ON I-20/SR402 @ WACO RD- HARALSON COUNTY', '0009901, CONST OF ROUNDABOUT ON I-20/SR402 @ WACO RD- HARALSON COUNTY', NULL, 'GDOT', '12711', 71186.00, 1, 'HARALSON', 0, '', 1, '2021-08-17', '2023-03-03', '2025-02-01', '', 2, NULL, NULL, NULL, NULL, NULL, NULL, NULL, NULL, NULL, NULL, '2024-10-22 18:22:41', '2025-02-20 15:57:01', NULL, 7, NULL, 33, NULL, NULL),
(56, '0016105', 'BAR59007', 'B1CBA2202374-0', 'CHEROKEE CALL 07, 0016105', 'CHEROKEE CALL 07, 0016105', NULL, 'GDOT', '22-9003-S11', 85811.00, 1, 'CHEROKEE', 0, '', 1, '2023-01-14', '2024-04-30', NULL, '', 1, NULL, NULL, NULL, NULL, NULL, NULL, NULL, NULL, NULL, NULL, '2024-10-22 18:52:11', '2024-11-25 20:20:29', NULL, 19, NULL, 30, NULL, NULL),
(57, 'M006324', 'BAR59005', 'B1CBA2202026-0', 'GDOT, CALL 039, M006324', 'GDOT, CALL 039, M006324', NULL, 'GDOT', '22-9002-S5', 98740.00, 1, 'POLK', 0, '', 1, '2023-02-02', '2023-05-31', NULL, '', 1, NULL, NULL, NULL, NULL, NULL, NULL, NULL, NULL, NULL, NULL, '2024-10-22 19:27:08', '2025-02-19 17:56:38', NULL, 19, NULL, 32, NULL, NULL),
(58, '0013806', 'ERS05069', 'B1CBA2401543-0', 'US 78 @ NORTH OCONEE', 'US 78 @ NORTH OCONEE', NULL, 'GDOT', '60371', 255519.12, 1, 'CLARKE', 0, '', 1, '2024-06-25', '2026-12-31', NULL, '', 1, NULL, NULL, NULL, NULL, NULL, NULL, NULL, NULL, NULL, NULL, '2024-10-23 13:36:18', '2024-12-02 17:15:35', NULL, 5, NULL, 3, NULL, NULL),
(59, '0017771', 'ERS05067', 'B1CBA2401555-0', 'BARROW - ROBERTSON BRIDGE ROAD', 'BARROW - ROBERTSON BRIDGE ROAD', NULL, 'GDOT', '60370', 6967.35, 1, 'BARROW', 0, '', 1, '2024-04-09', '2025-01-31', NULL, '', 1, NULL, NULL, NULL, NULL, NULL, NULL, NULL, NULL, NULL, NULL, '2024-10-23 14:28:30', '2024-11-25 17:51:01', NULL, 5, NULL, 34, NULL, NULL),
(60, 'M006361', 'ERS05065', 'B1CBA2302803-0', 'CLAYTON SR54 RESURFACING', 'CLAYTON SR54 RESURFACING', NULL, 'GDOT', '60357', 27210.00, 1, 'CLAYTON', 1, '', 1, '2024-01-30', '2024-10-31', NULL, '', 1, NULL, NULL, NULL, NULL, NULL, NULL, NULL, NULL, NULL, NULL, '2024-10-23 14:42:28', '2024-11-25 20:44:47', NULL, 5, NULL, 22, NULL, NULL),
(61, '0012866', 'ERS05064', '23-184', 'CR 601/Wheeler Road at CR 124/CR 2157/Robert C. Daniel Parkway', 'CR 601/Wheeler Road at CR 124/CR 2157/Robert C. Daniel Parkway', NULL, 'CITY OF AUGUSTA', '50420', 246205.01, 0, 'RICHMOND', 0, '', 0, '2024-10-24', '2024-10-24', NULL, '', 1, NULL, NULL, NULL, NULL, NULL, NULL, NULL, NULL, NULL, NULL, '2024-10-23 14:55:24', '2024-12-02 13:52:41', NULL, 5, NULL, 35, NULL, NULL),
(62, '0016122', 'ERS05063', '24001-1501', 'BURNT HICKORY RD ROUNDABOUT EXT PAULING', 'BURNT HICKORY RD ROUNDABOUT EXT PAULING', NULL, 'PAULING COUNTY', '50419', 220790.00, 0, 'PAULING', 0, '', 0, '2023-10-30', '2026-10-29', NULL, '', 1, NULL, NULL, NULL, NULL, NULL, NULL, NULL, NULL, NULL, NULL, '2024-10-23 15:28:06', '2024-11-25 19:37:35', NULL, 5, NULL, 36, NULL, NULL),
(63, '122890', 'ERS05062', 'B1CBA2302237-0', 'CLARKE ATLANTA HWY INTERCHANGE', 'CLARKE ATLANTA HWY INTERCHANGE', NULL, 'GDOT', '60341', 3376213.55, 1, 'CLARKE', 0, '', 1, '2023-10-16', '2027-04-30', NULL, '', 1, NULL, NULL, NULL, NULL, NULL, NULL, NULL, NULL, NULL, NULL, '2024-10-23 16:04:02', '2024-11-25 20:22:07', NULL, 5, NULL, 3, NULL, NULL),
(64, 'NA', 'ERS05061', '', 'JEFFERSPM SR 82 - JETT ROBERTS ROUNDABOUT', 'JEFFERSPM SR 82 - JETT ROBERTS ROUNDABOUT', NULL, 'CITY OF JEFFERSON', '50418', 395660.12, 0, 'JEFFERSON', 0, '', 0, '2023-08-28', '2024-08-28', NULL, '', 1, NULL, NULL, NULL, NULL, NULL, NULL, NULL, NULL, NULL, NULL, '2024-10-23 17:40:28', '2025-02-17 16:55:08', NULL, 5, NULL, 7, NULL, NULL),
(65, '259416', 'ERS05060', '2023010-BID3313', 'COLUMBIA 2023 TIA RESURFACING GROUP 2', 'COLUMBIA 2023 TIA RESURFACING GROUP 2', NULL, 'COLUMBIA COUNTY ROADS AND BRIDGES', '50416', 12240.00, 0, 'COLUMBIA', 1, '', 0, '2023-07-25', '2024-01-21', NULL, '', 1, NULL, NULL, NULL, NULL, NULL, NULL, NULL, NULL, NULL, NULL, '2024-10-23 18:13:56', '2024-11-25 21:04:01', NULL, 5, NULL, 37, NULL, NULL),
(66, '0015646', 'ERS05058', 'B1CBA2302251-0', 'DEKALB MERCER UNIV BRIDGE', 'DEKALB MERCER UNIV BRIDGE', NULL, 'GDOT', '60334', 88725.53, 1, 'DEKALB', 0, '', 1, '2023-07-18', '2024-12-31', NULL, '', 1, NULL, NULL, NULL, NULL, NULL, NULL, NULL, NULL, NULL, NULL, '2024-10-23 18:52:53', '2024-12-02 14:09:04', NULL, 5, NULL, 2, NULL, NULL),
(67, '0013715', 'ERS05057', 'B1CBA2301635-0', 'CLARKE SR 10 LOOP BRIDGES', 'CLARKE SR 10 LOOP BRIDGES', NULL, 'GDOT', '60331', 487905.56, 1, 'CLARKE', 0, '', 0, '2023-04-23', '2025-12-31', '2024-10-23', '', 1, NULL, NULL, NULL, NULL, NULL, NULL, NULL, NULL, NULL, NULL, '2024-10-23 20:27:25', '2025-02-19 18:31:48', NULL, 5, NULL, 3, NULL, NULL),
(68, '0013603', 'ERS05056', 'B1CBA2301519-0', 'JASPER SR12 OVER LAKE JACKSON', 'JASPER SR12 OVER LAKE JACKSON', NULL, 'GDOT', '60328', 85048.32, 1, 'JASPER, NEWTON', 0, '', 1, '0023-04-27', '2025-09-30', NULL, '', 1, NULL, NULL, NULL, NULL, NULL, NULL, NULL, NULL, NULL, NULL, '2024-10-24 13:24:11', '2025-02-17 16:58:02', NULL, 5, NULL, 38, NULL, NULL),
(69, '0007535/ F-0831-03/F-1387-19/M-0907-', 'ERS05055', 'BL086-22', 'EVERMORE NORTH BLVD', 'EVERMORE NORTH BLVD', NULL, 'GWINNETT COUNTY AP', '50407', 1232898.39, 0, 'GWINNETT', 0, '', 0, '2023-05-08', '2025-09-30', NULL, '', 1, NULL, NULL, NULL, NULL, NULL, NULL, NULL, NULL, NULL, NULL, '2024-10-24 13:36:15', '2025-02-17 20:48:46', NULL, 5, NULL, 14, NULL, NULL),
(70, '0015547', 'ERS05054', 'B1CBA2301446-0', 'GILMER SR 515 NB BRIDGE', 'GILMER SR 515 NB BRIDGE', NULL, 'GDOT', '60327', 88914.00, 1, 'GILMER', 0, '', 1, '2023-04-09', '2025-03-31', NULL, '', 1, NULL, NULL, NULL, NULL, NULL, NULL, NULL, NULL, NULL, NULL, '2024-10-24 13:56:48', '2025-02-17 20:11:45', NULL, 5, NULL, 31, NULL, NULL),
(71, 'M006333', 'ERS05053', 'B1CBA2301482-0', 'DOUGLAS SR 6 RESURFACING', 'DOUGLAS SR 6 RESURFACING', NULL, 'GDOT', '60326', 6669.60, 1, 'DOUGLAS', 1, '', 1, '2023-04-04', '0024-02-29', NULL, '', 1, NULL, NULL, NULL, NULL, NULL, NULL, NULL, NULL, NULL, NULL, '2024-10-24 14:28:51', '2024-12-02 14:19:37', NULL, 5, NULL, 39, NULL, NULL),
(72, '0014167', 'ERS05052', 'B1CBA2202400-0', 'FANNIN SHALLOWFORD RD BRIDGE', 'FANNIN SHALLOWFORD RD BRIDGE', NULL, 'GDOT', '60316', 33165.38, 1, 'FANNIN', 0, '', 1, '2023-03-23', '2024-08-31', NULL, '', 1, NULL, NULL, NULL, NULL, NULL, NULL, NULL, NULL, NULL, NULL, '2024-10-24 14:57:56', '2024-12-02 14:29:56', NULL, 5, NULL, 40, NULL, NULL),
(73, '0000411', 'ERS05051', 'B3CBA2201972-0', 'WALTON MONROE BYPASS', 'WALTON MONROE BYPASS', NULL, 'GDOT', '60314', 1193116.01, 1, 'WALTON', 0, '', 1, '2023-03-14', '2025-10-31', NULL, '', 1, NULL, NULL, NULL, NULL, NULL, NULL, NULL, NULL, NULL, NULL, '2024-10-24 15:24:15', '2024-12-02 17:27:12', NULL, 5, NULL, 41, NULL, NULL),
(74, 'M006248', 'ERS05050', 'B1CBA2202375-0', 'SR 138 RESURFACING', 'SR 138 RESURFACING', NULL, 'GDOT', '60315', 80789.50, 1, 'CLAYTON, HENRY', 1, '', 1, '2023-01-30', '2023-10-31', NULL, '', 1, NULL, NULL, NULL, NULL, NULL, NULL, NULL, NULL, NULL, NULL, '2024-10-24 16:02:50', '2024-12-02 16:21:26', NULL, 5, NULL, 42, NULL, NULL),
(75, '0013813', 'ERS05068', 'B1CBA2401581-0', 'JASPER MONROE SR 83 BRIDGE', 'JASPER MONROE SR 83 BRIDGE', NULL, 'GDOT', '60369', 85406.61, 1, 'JASPER, MONROE', 0, '', 1, '2024-06-18', '2026-09-30', NULL, '', 1, NULL, NULL, NULL, NULL, NULL, NULL, NULL, NULL, NULL, NULL, '2024-10-24 17:53:35', '2025-02-17 17:00:41', NULL, 5, NULL, 43, NULL, NULL),
(76, '0015543', 'ERS05049', 'B3CBA2202040-1', 'ELBERT SR 77 BRIDGE OVER COLDWATER CREEK', 'ELBERT SR 77 BRIDGE OVER COLDWATER CREEK', NULL, 'GDOT', '60319', 66090.57, 1, 'ELBERT', 0, '', 1, '2023-02-22', '2024-10-31', NULL, '', 1, NULL, NULL, NULL, NULL, NULL, NULL, NULL, NULL, NULL, NULL, '2024-10-24 18:33:36', '2025-02-17 20:29:12', NULL, 5, NULL, 44, NULL, NULL),
(77, 'N/A', 'ERS05048', '22-195', '13TH ST IMPROV & TELFAIR ST IMPROV', '13TH ST IMPROV & TELFAIR ST IMPROV', NULL, 'CITY OF AUGUSTA', '50400', 2662239.82, 0, 'AUGUSTA', 0, '', 0, '2023-02-23', '2026-10-10', NULL, '', 1, NULL, NULL, NULL, NULL, NULL, NULL, NULL, NULL, NULL, NULL, '2024-10-28 15:21:59', '2025-02-17 14:37:34', NULL, 5, NULL, 45, NULL, NULL),
(78, '0014903', 'ERS05047', 'B1CBA2202034-0', 'MORGAN - I-20 BRIDGES', 'MORGAN - I-20 BRIDGES', NULL, 'GDOT', '60309', 4565.50, 0, 'MORGAN', 0, '', 1, '2022-10-17', '2024-04-30', NULL, '', 1, NULL, NULL, NULL, NULL, NULL, NULL, NULL, NULL, NULL, NULL, '2024-10-28 15:58:22', '2024-10-28 15:59:33', NULL, 5, NULL, 46, NULL, NULL),
(79, 'N/A', 'ERS05046', '19-197-G', 'SR 9 @ OXBO ROAD', 'SR 9 @ OXBO ROAD', NULL, 'CITY OF ROSWELL', '50303', 198363.09, 0, 'CITY OF ROSWELL', 0, '', 0, '2022-09-19', '2023-07-01', NULL, '', 2, NULL, NULL, NULL, NULL, NULL, NULL, NULL, NULL, NULL, NULL, '2024-10-28 17:18:08', '2024-12-02 16:53:54', NULL, 5, NULL, 47, NULL, NULL),
(80, 'M0006342', 'ERS05045', 'B1CBA2202003-0', 'SR 100 RESURFACING', 'SR 100 RESURFACING', NULL, 'GDOT', '60305', 16100.00, 1, 'HARALSON', 1, '', 1, '2022-07-21', '2023-05-31', NULL, '', 1, NULL, NULL, NULL, NULL, NULL, NULL, NULL, NULL, NULL, NULL, '2024-10-28 17:33:15', '2024-12-02 16:16:05', NULL, 5, NULL, 33, NULL, NULL),
(81, '0013996', 'ERS05044', 'B1CBA2101553-0', 'US 29 BRIDGE REPLACEMENT', 'US 29 BRIDGE REPLACEMENT', NULL, 'GDOT', '60273', 38874.00, 1, 'MADISON', 0, '', 1, '2021-07-12', '2023-05-31', NULL, '', 1, NULL, NULL, NULL, NULL, NULL, NULL, NULL, NULL, NULL, NULL, '2024-10-28 18:21:25', '2024-12-02 17:14:35', NULL, 5, NULL, 48, NULL, NULL),
(82, '0013942', 'ERS05043', 'B1CBA2201633-0', 'TROUP - SR 1 BRIDGE OVER LONG CREEK', 'TROUP - SR 1 BRIDGE OVER LONG CREEK', NULL, 'GDOT', '60298', 62276.00, 1, 'TROUP', 0, '', 1, '2022-06-07', '2024-10-31', NULL, '', 1, NULL, NULL, NULL, NULL, NULL, NULL, NULL, NULL, NULL, NULL, '2024-10-29 13:37:40', '2024-12-02 17:10:11', NULL, 5, NULL, 49, NULL, NULL),
(83, '0008057', 'ERS05042', 'B1CBA2201022-0', 'WARREN - SR 16 BRIDGE OVER SHORT CREEK', 'WARREN - SR 16 BRIDGE OVER SHORT CREEK', NULL, 'GDOT', '60291', 5700.00, 1, 'WARREN', 0, '', 1, '2022-04-06', '0023-03-31', NULL, '', 2, NULL, NULL, NULL, NULL, NULL, NULL, NULL, NULL, NULL, NULL, '2024-10-29 13:47:50', '2025-02-14 16:04:02', NULL, 5, NULL, 50, NULL, NULL),
(84, 'M006283', 'ERS05041', 'B1CBA2201216-0', 'SR 138 RESURFACING', 'SR 138 RESURFACING', NULL, 'GDOT', '60293', 225185.00, 1, 'CLAYTON', 1, '', 1, '2022-04-08', '2023-01-23', NULL, '', 1, NULL, NULL, NULL, NULL, NULL, NULL, NULL, NULL, NULL, NULL, '2024-10-29 14:12:28', '2024-12-02 16:26:28', NULL, 5, NULL, 22, NULL, NULL),
(85, 'M006284', 'ERS05040', 'B1CBA2201213-0', 'SR 279 RESURFACING', 'SR 279 RESURFACING', NULL, 'GDOT', '60295', 58105.00, 1, 'FULTON', 1, '', 1, '2022-04-19', '2023-01-31', NULL, '', 1, NULL, NULL, NULL, NULL, NULL, NULL, NULL, NULL, NULL, NULL, '2024-10-29 14:21:11', '2024-12-02 16:43:55', NULL, 5, NULL, 8, NULL, NULL),
(86, '0015689', 'CMES60006', 'B1CBA2402595-0', 'CONSTRUCTION OF ROUNDABOUT ON SR81 AT NEW MORN DRIVE CR204', 'CONSTRUCTION OF ROUNDABOUT ON SR81 AT NEW MORN DRIVE CR204', NULL, 'GDOT', '24040', 580093.25, 1, 'HENRY', 0, '', 1, '2024-10-25', '2026-08-31', NULL, '', 1, NULL, NULL, NULL, NULL, NULL, NULL, NULL, NULL, NULL, NULL, '2024-10-29 14:39:10', '2024-11-25 21:19:00', NULL, 26, NULL, 11, NULL, NULL),
(87, '0004428', 'CMES60002', '20-014', 'C.R. 817/LEE RD WIDENING AND RECONSTRUCTION', 'C.R. 817/LEE RD WIDENING AND RECONSTRUCTION', NULL, 'DOUGLAS COUNTY COARD OF COMMISSIONERS', 'CSSTP-0004-00(428)', 2272391.50, 0, 'DOUGLAS', 0, '', 1, '2022-03-12', '2025-11-30', NULL, '', 1, NULL, NULL, NULL, NULL, NULL, NULL, NULL, NULL, NULL, NULL, '2024-10-29 18:52:10', '2024-11-25 19:44:37', NULL, 26, NULL, 39, NULL, NULL),
(88, 'NA', 'CMES60001', '', 'ANVIL BLOCK ROAD PHASE III - CITY OF FOREST PARK', 'ANVIL BLOCK ROAD PHASE III - CITY OF FOREST PARK', NULL, 'URBAN DEVELOPMENT AGENCY OF CITY OF FOREST PARK', 'NA', 55960.00, 0, 'FOREST PARK', 0, '', 0, '2021-07-07', '2024-10-31', NULL, '', 1, NULL, NULL, NULL, NULL, NULL, NULL, NULL, NULL, NULL, NULL, '2024-10-29 19:18:27', '2024-10-29 19:20:12', NULL, 26, NULL, 51, NULL, NULL),
(89, '0013686', 'CMES60000', 'B1CBA2101083-0', 'DOT Call #006 SR155 @ Panola Rd Roundabout', 'DOT Call #006 SR155 @ Panola Rd Roundabout', NULL, 'GDOT', 'na', 264969.50, 1, 'DEKALB, HENRY', 0, '', 1, '2021-04-21', '0022-05-31', NULL, '', 2, NULL, NULL, NULL, NULL, NULL, NULL, NULL, NULL, NULL, NULL, '2024-10-29 20:33:09', '2024-12-02 14:18:42', NULL, 26, NULL, 52, NULL, NULL),
(90, '0015318', 'BP02015', 'B1CBA2201876-0', 'US41 AT NORTH AVENUE REALIGNMENT FULTON ', 'US41 AT NORTH AVENUE REALIGNMENT FULTON ', NULL, 'GDOT', 'NA', 188251.00, 1, 'FULTON', 0, '', 0, '2022-06-30', '2023-08-31', NULL, '', 2, NULL, NULL, NULL, NULL, NULL, NULL, NULL, NULL, NULL, NULL, '2024-10-30 20:33:36', '2024-12-02 17:16:27', NULL, 17, NULL, 8, NULL, NULL),
(91, '0017000', 'PC25019', 'B3CBA2101769-0', 'RABUN COUNTY B3CBA2101769-0', 'RABUN COUNTY B3CBA2101769-0', NULL, 'GDOT', '1742', 282403.00, 1, 'RABUN', 0, '', 0, '2021-08-20', '2022-06-30', NULL, '', 2, NULL, NULL, NULL, NULL, NULL, NULL, NULL, NULL, NULL, NULL, '2024-10-31 13:30:59', '2025-02-17 14:24:15', NULL, 12, NULL, 53, NULL, NULL),
(92, 'M005099, M001685', 'PC25030', 'B1CBA2202414-1', 'SR 12 WARREN', 'SR 12 WARREN', NULL, 'GDOT', '1833', 83200.00, 1, 'WARREN', 0, '', 0, '2023-06-01', '2024-03-31', NULL, '', 1, NULL, NULL, NULL, NULL, NULL, NULL, NULL, NULL, NULL, NULL, '2024-10-31 14:28:25', '2025-02-17 13:59:19', NULL, 12, NULL, 50, NULL, NULL),
(93, 'M005601', 'PC25029', 'B1CBA2301175-0', 'NEWTON COUNTY SR 81', 'NEWTON COUNTY SR 81', NULL, 'GDOT', '1819', 142044.00, 1, 'NEWTON', 0, '', 0, NULL, '2023-12-31', NULL, '', 2, NULL, NULL, NULL, NULL, NULL, NULL, NULL, NULL, NULL, NULL, '2024-10-31 14:52:48', '2025-01-24 15:12:17', NULL, 12, NULL, 54, NULL, NULL),
(94, '0013531', 'PC25027', 'B3CBA2202331-0', 'SR 20 @ I-75 SR 401 HENRY', 'SR 20 @ I-75 SR 401 HENRY', NULL, 'GDOT', '1813', 2352672.22, 1, 'HENRY', 0, '', 1, '2023-01-06', '2025-05-31', NULL, '', 1, NULL, NULL, NULL, NULL, NULL, NULL, NULL, NULL, NULL, NULL, '2024-10-31 15:56:17', '2024-12-02 16:30:14', NULL, 12, NULL, 11, NULL, NULL),
(95, '0003626', 'ERS05076', 'B3CBA2402629-0', 'SARDIS RD CONNECTOR', 'SARDIS RD CONNECTOR', NULL, 'GDOT', '60395', 6417925.82, 1, 'HALL', 0, '', 1, '2024-11-01', '2028-09-30', NULL, '', 1, NULL, NULL, NULL, NULL, NULL, NULL, NULL, NULL, NULL, NULL, '2024-11-01 17:33:42', '2024-12-02 16:05:05', NULL, 5, NULL, 13, NULL, NULL),
(96, 'M006326', 'PC25026', 'B1CBA2202028-1', 'SR 10 @ MEMORIAL DRIVE', 'SR 10 @ MEMORIAL DRIVE', NULL, 'GDOT', '1807', 101708.00, 1, 'DEKALB', 0, '', 0, '2023-02-07', '2023-10-31', NULL, '', 2, NULL, NULL, NULL, NULL, NULL, NULL, NULL, NULL, NULL, NULL, '2024-11-04 15:20:12', '2024-12-02 16:13:38', NULL, 12, NULL, 2, NULL, NULL),
(97, 'M006327', 'PC25025', 'B1CBA2202000-0', 'SR 236 DEKALB COUNTY', 'SR 236 DEKALB COUNTY', NULL, 'GDOT', '1790', 8100.00, 1, 'DEKALB', 0, '', 0, '2022-11-28', '2023-05-31', NULL, '', 2, NULL, NULL, NULL, NULL, NULL, NULL, NULL, NULL, NULL, NULL, '2024-11-04 16:13:41', '2024-12-02 16:38:18', NULL, 12, NULL, 2, NULL, NULL),
(98, 'M006325', 'PC25024', 'B1CBA2201838-0', 'SR 42 DEKALB FULTON', 'SR 42 DEKALB FULTON', NULL, 'GDOT', '1787', 66880.00, 1, 'DEKALB, FULTON', 0, '', 0, '2022-06-29', '2023-04-30', NULL, '', 2, NULL, NULL, NULL, NULL, NULL, NULL, NULL, NULL, NULL, NULL, '2024-11-04 16:38:19', '2024-12-02 16:52:23', NULL, 12, NULL, 55, NULL, NULL),
(99, 'T-17-0012', 'PC25023', '21-32', 'ROCKDALE SPLOST 4A ROADWAY', 'ROCKDALE SPLOST 4A ROADWAY', NULL, 'ROCKDALE COUNTY GA', '1787', 401150.00, 0, 'ROCKDALE', 0, '', 0, '2022-04-22', '2022-11-04', NULL, '', 2, NULL, NULL, NULL, NULL, NULL, NULL, NULL, NULL, NULL, NULL, '2024-11-04 16:58:38', '2024-12-02 15:49:19', NULL, 12, NULL, 9, NULL, NULL),
(100, '005314', 'PC25021', 'B1CBA2102166-0', 'I-85 @SR154', 'I-85 @SR154', NULL, 'GDOT', '1770', 144430.00, 1, 'EAST POINT', 0, '', 0, '2022-02-17', '2022-08-31', NULL, '', 2, NULL, NULL, NULL, NULL, NULL, NULL, NULL, NULL, NULL, NULL, '2024-11-04 19:20:47', '2024-11-04 19:27:26', NULL, 12, NULL, 56, NULL, NULL),
(101, 'M006287', 'PC25020', 'B1CBA2200992-0', 'SR 212 DEKALB COUNTY', 'SR 212 DEKALB COUNTY', NULL, 'GDOT', '1772', 109200.00, 1, 'DEKALB', 1, '', 0, '2022-02-26', '2022-12-31', NULL, '', 2, NULL, NULL, NULL, NULL, NULL, NULL, NULL, NULL, NULL, NULL, '2024-11-04 19:34:51', '2024-12-02 16:37:20', NULL, 12, NULL, 2, NULL, NULL),
(102, 'CW 18-05E', 'CWM04103', '24-11', 'S HOUSTON LAKE ROAD @ SMITHVILLE CHURCH ROAD', 'S HOUSTON LAKE ROAD @ SMITHVILLE CHURCH ROAD', NULL, 'HOUSTON COUNTY, GEORGIA', '3154', 86860.00, 0, 'HOUSTON', 0, '', 0, '2024-10-29', '2025-07-26', NULL, '', 1, NULL, NULL, NULL, NULL, NULL, NULL, NULL, NULL, NULL, NULL, '2024-11-05 15:49:50', '2025-02-14 19:48:50', NULL, 7, NULL, 4, NULL, NULL),
(103, 'FC-9938-C', 'CWM04101', '', 'AIRFIELD SHOULDER REPLACEMENT', 'AIRFIELD SHOULDER REPLACEMENT', NULL, 'CITY OF ATLANTA', '162890', 93874.00, 0, 'COBB- HJAIA', 0, '', 0, '2024-09-12', '2024-12-01', NULL, '', 1, NULL, NULL, NULL, NULL, NULL, NULL, NULL, NULL, NULL, NULL, '2024-11-05 20:05:42', '2025-08-31 17:00:29', NULL, 7, NULL, 57, NULL, NULL),
(104, '0016618 ', 'CWM04100', '', 'PI# 0016618 US 280/SR 30 WIDEN & INTRCHNG IMPRV DB, BRYAN', 'PI# 0016618 US 280/SR 30 WIDEN & INTRCHNG IMPRV DB, BRYAN', NULL, 'GDOT', '53033', 839460.00, 1, 'BRYAN', 0, '', 0, '2024-06-28', '2026-03-31', NULL, '', 1, NULL, NULL, NULL, NULL, NULL, NULL, NULL, NULL, NULL, NULL, '2024-11-05 21:23:40', '2024-12-02 15:46:34', NULL, 7, NULL, 58, NULL, NULL),
(105, '0013886', 'GGC78001', 'B1CBA2302109-1', 'B1CBA2302109-1: Call:002 Project: 0013886', 'B1CBA2302109-1: Call:002 Project: 0013886', NULL, 'GDOT', 'NA', 0.00, 1, 'BALDWIN', 0, '', 1, '2024-10-31', '2026-04-30', NULL, '', 1, NULL, NULL, NULL, NULL, NULL, NULL, NULL, NULL, NULL, NULL, '2024-11-07 14:33:13', '2024-11-25 17:40:25', NULL, 40, NULL, 59, NULL, NULL),
(106, '0017229', 'GGC78000', 'B3CBA2401794-0', 'B3CBA2401794-0: Call:013 Project: 0017229 WILKINSON', 'B3CBA2401794-0: Call:013 Project: 0017229 WILKINSON', NULL, 'GDOT', 'na', 61405.00, 1, 'WILKINSON', 0, '', 0, '2024-07-18', '2025-02-28', NULL, '', 1, NULL, NULL, NULL, NULL, NULL, NULL, NULL, NULL, NULL, NULL, '2024-11-08 13:52:58', '2024-11-08 13:54:15', NULL, 40, NULL, 60, NULL, NULL),
(107, '0015670, 0016000', 'CWM04098', 'B3CBA2202166-0', 'US441/SR15 Pedestrian Upgrades & Realign, Banks County', 'US441/SR15 Pedestrian Upgrades & Realign, Banks County', NULL, 'GDOT', '52842', 783718.00, 1, 'BANKS', 0, '', 0, '2024-04-05', '2024-08-31', NULL, '', 1, NULL, NULL, NULL, NULL, NULL, NULL, NULL, NULL, NULL, NULL, '2024-11-08 14:40:01', '2024-12-02 17:20:11', NULL, 7, NULL, 61, NULL, NULL),
(108, 'M006377', 'CWM04097', 'B1CBA240144-0', 'M006377; GDOT #002 SR 1 LOOP; Mill/Inlay/Resurface - Floyd', 'M006377; GDOT #002 SR 1 LOOP; Mill/Inlay/Resurface - Floyd', NULL, 'GDOT', '3067', 13640.00, 1, 'FLOYD', 1, '', 1, '2024-04-27', '2025-01-31', NULL, '', 1, NULL, NULL, NULL, NULL, NULL, NULL, NULL, NULL, NULL, NULL, '2024-11-08 15:47:28', '2024-12-02 15:39:18', NULL, 7, NULL, 62, NULL, NULL),
(109, 'tesr', 'test', '', 'test', 'test', NULL, 'test', 'test', 0.00, 0, 'test', 0, '', 0, '2024-11-07', '0024-08-08', NULL, '', 1, NULL, NULL, NULL, NULL, NULL, NULL, NULL, NULL, NULL, NULL, '2024-11-11 19:52:45', NULL, NULL, 14, NULL, 63, NULL, NULL),
(110, '0007841', 'ERS05075', 'B1CBA2402591-0', 'I-85 SR 74 INTERCHANGE', 'I-85 SR 74 INTERCHANGE', NULL, 'GDOT', '60391', 0.00, 1, 'FULTON', 0, '', 1, '2024-10-07', '2027-10-31', NULL, '', 1, NULL, NULL, NULL, NULL, NULL, NULL, NULL, NULL, NULL, NULL, '2024-11-13 19:06:05', '2025-02-17 17:10:29', NULL, 5, NULL, 8, NULL, NULL),
(111, '0013997', 'ERS05038', 'B3CBA2200983-0', 'SR 281 BRIDGE OVER BROAD RIVER', 'SR 281 BRIDGE OVER BROAD RIVER', NULL, 'GDOT', '60292', 16872.00, 1, 'MADISON', 0, '', 1, '2022-03-18', '2024-04-30', NULL, '', 2, NULL, NULL, NULL, NULL, NULL, NULL, NULL, NULL, NULL, NULL, '2024-11-13 19:13:30', '2024-12-02 16:50:03', NULL, 5, NULL, 48, NULL, NULL),
(112, '0016841', 'BP02014', 'B1CBA2102133-0', 'Asbun RD over Trestle creek', 'Asbun RD over Trestle creek', NULL, 'GDOT', 'NA', 0.00, 1, 'Carroll', 0, '', 0, '2021-11-23', '2022-10-31', NULL, '', 2, NULL, NULL, NULL, NULL, NULL, NULL, NULL, NULL, NULL, NULL, '2024-11-13 19:22:32', '2024-11-25 17:36:18', NULL, 17, NULL, 24, NULL, NULL),
(113, 'M006402', 'REEV50017', '', 'SR 24 Resurfacing', 'SR 24 Resurfacing', NULL, 'GDOT', '10338910', 37832.00, 1, 'BURKE', 1, '', 1, '2024-11-15', '2025-08-31', NULL, '', 1, NULL, NULL, NULL, NULL, NULL, NULL, NULL, NULL, NULL, NULL, '2024-11-22 16:10:08', '2024-12-02 16:42:23', NULL, 9, NULL, 64, NULL, NULL),
(114, 'PO 590', 'RTS75003', '', 'BETHANY CHURCH ROAD @ QUINBERY ROAD', 'BETHANY CHURCH ROAD @ QUINBERY ROAD', NULL, 'RIVERSIDE TRAFFIC SOLUTIONS LLC', '590', 42500.00, 0, 'GWINNETT', 0, '', 0, '2024-11-26', '2025-11-26', NULL, '', 1, NULL, NULL, NULL, NULL, NULL, NULL, NULL, NULL, NULL, NULL, '2024-11-26 16:37:18', '2024-11-26 16:39:34', NULL, 41, NULL, 14, NULL, NULL),
(115, 'M005976.02', 'BP02012', 'B1CBA2102122-0', 'SR42 RESURFACING', 'SR42 RESURFACING', NULL, 'GDOT', 'M005976.02', 140440.00, 1, 'FULTON', 1, '', 1, '2021-11-08', '2022-08-21', NULL, '', 1, NULL, NULL, NULL, NULL, NULL, NULL, NULL, NULL, NULL, NULL, '2024-11-27 20:20:28', '2024-12-02 17:09:09', NULL, 17, NULL, 8, NULL, NULL),
(116, '0013119', 'BP02011', 'B1CBA2101994-1', 'HARPER ST & COBB ST IMPROVEMENTS / 0013119', 'HARPER ST & COBB ST IMPROVEMENTS / 0013119', NULL, 'GDOT', '0013119', 30101.50, 1, 'COWETA, FULTON', 0, '', 0, '2021-11-04', '2021-09-17', NULL, '', 1, NULL, NULL, NULL, NULL, NULL, NULL, NULL, NULL, NULL, NULL, '2024-11-27 20:39:08', '2024-11-27 20:40:51', NULL, 17, NULL, 65, NULL, NULL),
(117, '0016468', 'BP02009', 'B1CBA2001820-0', 'I-75@I-85 S. Ramp/#0016468', 'I-75@I-85 S. Ramp/#0016468', NULL, 'GDOT', '0016468', 66062.00, 1, 'FULTON', 0, '', 0, '2020-10-13', '2021-10-13', NULL, '', 1, NULL, NULL, NULL, NULL, NULL, NULL, NULL, NULL, NULL, NULL, '2024-11-27 21:01:39', '2024-12-02 15:13:52', NULL, 17, NULL, 8, NULL, NULL),
(118, '0018361', 'CWM04096', '', 'I-20 @ CR 249 Old Mill Rd', 'I-20 @ CR 249 Old Mill Rd', NULL, 'GDOT', '163043', 1553290.50, 1, 'Walton, Morgan', 0, '', 1, '2024-01-30', '2025-10-01', NULL, '', 1, NULL, NULL, NULL, NULL, NULL, NULL, NULL, NULL, NULL, NULL, '2024-12-02 16:08:34', '2024-12-02 16:17:42', NULL, 7, NULL, 66, NULL, NULL),
(119, 'M006350', 'CWM04095', 'B3CBA2302762-1', 'M006350; GDOT # 011 SR 22/SR 540 Mill, Inlay & Resurf; Muscogee', 'M006350; GDOT # 011 SR 22/SR 540 Mill, Inlay & Resurf; Muscogee', NULL, 'GDOT', '3059', 14896.00, 1, 'MUSCOGEE', 1, '', 0, '2024-01-22', '2024-11-30', NULL, '', 1, NULL, NULL, NULL, NULL, NULL, NULL, NULL, NULL, NULL, NULL, '2024-12-02 16:54:03', '2025-02-17 15:24:45', NULL, 7, NULL, 17, NULL, NULL),
(120, '0015652', 'CWM04094', 'B1CBA2302714-0', '0015652; GDOT #019 Gorman Rd Bridge over CSX RR', '0015652; GDOT #019 Gorman Rd Bridge over CSX RR', NULL, 'GDOT', '63054', 134566.00, 1, 'TALBERT', 0, '', 1, '2024-01-15', '2025-07-31', NULL, '', 1, NULL, NULL, NULL, NULL, NULL, NULL, NULL, NULL, NULL, NULL, '2024-12-02 16:59:13', '2025-02-14 14:45:58', NULL, 7, NULL, 67, NULL, NULL),
(121, 'M006335', 'CWM04093', 'B1CBA2302786-0', 'M006335; SR 9 Mill/Inlay/Resurf; Fulton', 'M006335; SR 9 Mill/Inlay/Resurf; Fulton', NULL, 'GDOT', '33052', 59760.00, 1, 'FULTON', 1, '', 1, '2024-01-05', '2024-10-31', NULL, '', 1, NULL, NULL, NULL, NULL, NULL, NULL, NULL, NULL, NULL, NULL, '2024-12-02 19:34:47', '2024-12-02 19:35:39', NULL, 7, NULL, 8, NULL, NULL),
(122, 'M006347', 'CWM04092', 'B1CBA2302749-0', 'M006347 – GDOT #006 SR 5/SR 280 Mill/Inlay/Resurf - Cobb', 'M006347 – GDOT #006 SR 5/SR 280 Mill/Inlay/Resurf - Cobb', NULL, 'GDOT', '33035', 37028.00, 1, 'COBB', 1, '', 1, '2023-11-05', '2024-08-31', NULL, '', 1, NULL, NULL, NULL, NULL, NULL, NULL, NULL, NULL, NULL, NULL, '2024-12-02 19:43:16', '2025-02-17 15:27:49', NULL, 7, NULL, 12, NULL, NULL),
(123, '0017462, 0019545', 'CWM04089', 'B1CBA2302710-0', '0017462, 0019545; SR 515 Widen & Trout Restoration; Towns County', '0017462, 0019545; SR 515 Widen & Trout Restoration; Towns County', NULL, 'GDOT', '13024', 1455411.00, 1, 'TOWNS', 0, '', 1, '2023-09-22', '2026-07-31', NULL, '', 1, NULL, NULL, NULL, NULL, NULL, NULL, NULL, NULL, NULL, NULL, '2024-12-02 20:00:33', '2025-02-14 15:09:19', NULL, 7, NULL, 68, NULL, NULL),
(124, '0013921', 'CWM04088', 'B1CBA2302673-0', '0013921 CONSTR OF A BRIDGE & APPR I-475/SR 408, BIBB', '0013921 CONSTR OF A BRIDGE & APPR I-475/SR 408, BIBB', NULL, 'GDOT', '3025', 84155.00, 1, 'BIBB', 0, '', 1, '2023-10-10', '2026-02-28', NULL, '', 1, NULL, NULL, NULL, NULL, NULL, NULL, NULL, NULL, NULL, NULL, '2024-12-02 20:35:08', '2024-12-02 20:53:05', NULL, 7, NULL, 5, NULL, NULL),
(125, 'FC-8468', 'CWM04087', '22-02-001', 'H-JAIA INTERNATIONAL SOUTH DECK PHASE 1', 'H-JAIA INTERNATIONAL SOUTH DECK PHASE 1', NULL, 'CITY OF ATLANTA', '300220', 54032.00, 0, 'HJAIA', 0, '', 0, '0023-09-20', '2024-09-20', NULL, '', 1, NULL, NULL, NULL, NULL, NULL, NULL, NULL, NULL, NULL, NULL, '2024-12-02 21:07:17', '2024-12-02 21:10:16', NULL, 7, NULL, 20, NULL, NULL),
(126, '0017391', 'CWM04086', 'B3CBA2301688-0', 'INTERSECTION IMPROVEMENTS US341/SR 7', 'INTERSECTION IMPROVEMENTS US341/SR 7', NULL, 'GDOT', '13026', 172576.00, 1, 'PEACH', 0, '', 0, '2023-09-26', '2025-05-31', NULL, '', 1, NULL, NULL, NULL, NULL, NULL, NULL, NULL, NULL, NULL, NULL, '2024-12-03 13:43:44', '2025-02-06 15:17:46', NULL, 7, NULL, 69, NULL, NULL),
(127, '0015692', 'CWM04085', 'B1CBA2302125-0', '0015692, GDOT #004 SR 87 @ Bass/Arkwright Rd Roundabout – Bibb County', '0015692, GDOT #004 SR 87 @ Bass/Arkwright Rd Roundabout – Bibb County', NULL, 'GDOT', '13010', 386309.00, 1, 'BIBB', 0, '', 1, NULL, '2025-05-31', NULL, '', 1, NULL, NULL, NULL, NULL, NULL, NULL, NULL, NULL, NULL, NULL, '2024-12-03 14:22:07', '2025-02-24 21:05:57', NULL, 7, NULL, 5, NULL, NULL),
(128, '0017219 & 0018363', 'CWM04084', '', 'US 278, FRONTAGE ROAD DESIGN BUILD, CITY OF MORGAN, CALHOUN', 'US 278, FRONTAGE ROAD DESIGN BUILD, CITY OF MORGAN, CALHOUN', NULL, 'GDOT', '182855', 886202.50, 1, 'WALTON, NEWTON, MORGAN', 0, '', 0, '2022-12-27', '2024-06-01', NULL, '', 1, NULL, NULL, NULL, NULL, NULL, NULL, NULL, NULL, NULL, NULL, '2024-12-03 14:30:58', '2025-02-14 16:31:33', NULL, 7, NULL, 70, NULL, NULL),
(129, '0015544', 'CWM04083', 'B1CBA2301256-0', '0015544; SR 293 Const of Bridge/Approaches over Dykes Ck – Floyd County', '0015544; SR 293 Const of Bridge/Approaches over Dykes Ck – Floyd County', NULL, 'GDOT', '12969', 83429.00, 1, 'FLOYD', 0, '', 1, '2023-04-19', '2025-12-31', NULL, '', 1, NULL, NULL, NULL, NULL, NULL, NULL, NULL, NULL, NULL, NULL, '2024-12-03 14:41:19', '2024-12-03 14:45:20', NULL, 7, NULL, 62, NULL, NULL),
(130, 'M006330', 'CWM04082', 'B1CBA2301501-0', 'M006330 MILL, INLAY, RESURFACING SR 120, COBB', 'M006330 MILL, INLAY, RESURFACING SR 120, COBB', NULL, 'GDOT', '2967', 29100.00, 1, 'COBB', 1, '', 1, '2023-04-15', '2024-02-29', NULL, '', 1, NULL, NULL, NULL, NULL, NULL, NULL, NULL, NULL, NULL, NULL, '2024-12-03 20:51:04', '2024-12-03 20:53:07', NULL, 7, NULL, 12, NULL, NULL),
(131, 'M006369', 'CWM04081', 'B1CBA2301493-0', 'M006369, SR 21 Mill/Inlay/Resurf/Shldr Rehab – Effingham County', 'M006369, SR 21 Mill/Inlay/Resurf/Shldr Rehab – Effingham County', NULL, 'GDOT', '32968', 19600.00, 1, 'EFFINGHAM', 1, '', 1, '2023-04-21', '2024-02-29', NULL, '', 1, NULL, NULL, NULL, NULL, NULL, NULL, NULL, NULL, NULL, NULL, '2024-12-03 20:56:50', '2024-12-03 20:57:37', NULL, 7, NULL, 71, NULL, NULL),
(132, 'M006352', 'CWM04080', 'B1CBA2301491-0', 'M006352 GDOT003 SR 247 MILL & RESURFACE; BIBB', 'M006352 GDOT003 SR 247 MILL & RESURFACE; BIBB', NULL, 'GDOT', '32965', 35240.00, 1, 'BIBB', 1, '', 0, '2023-04-21', '2024-02-29', NULL, '', 1, NULL, NULL, NULL, NULL, NULL, NULL, NULL, NULL, NULL, NULL, '2024-12-03 21:07:46', '2024-12-03 21:08:51', NULL, 7, NULL, 5, NULL, NULL),
(133, 'M006329', 'CWM04079', 'B1CBA2301295-0', 'M006329; GDOT # 101 - SR 139 Mill/Inlay/Resurf; Fulton County', 'M006329; GDOT # 101 - SR 139 Mill/Inlay/Resurf; Fulton County', NULL, 'GDOT', '32952', 26150.00, 1, 'FULTON', 1, '', 1, '2023-04-07', '2024-01-31', NULL, '', 1, NULL, NULL, NULL, NULL, NULL, NULL, NULL, NULL, NULL, NULL, '2024-12-03 21:19:47', '2024-12-03 21:20:22', NULL, 7, NULL, 8, NULL, NULL),
(134, 'M005002', 'CWM04078', 'B1CBA2301274-0', 'M005002, SR 92 Mill/Inlay/Resurf – Spalding County', 'M005002, SR 92 Mill/Inlay/Resurf – Spalding County', NULL, 'GDOT', '32953', 90550.00, 1, 'SPALDING', 1, '', 1, '2023-04-05', '2024-01-31', NULL, '', 1, NULL, NULL, NULL, NULL, NULL, NULL, NULL, NULL, NULL, NULL, '2024-12-03 21:27:37', '2024-12-03 21:28:23', NULL, 7, NULL, 72, NULL, NULL),
(135, 'M006214', 'CWM04077', 'B1CBA2301115-0', 'M006214; GDOT #006- SR 26 Mill & Resurfacing; Chatham', 'M006214; GDOT #006- SR 26 Mill & Resurfacing; Chatham', NULL, 'GDOT', '32939', 131464.00, 1, 'CHATHAM', 1, '', 1, '2023-03-17', '2023-12-31', NULL, '', 1, NULL, NULL, NULL, NULL, NULL, NULL, NULL, NULL, NULL, NULL, '2024-12-04 20:00:15', '2025-02-17 15:43:33', NULL, 7, NULL, 28, NULL, NULL),
(136, 'M0063626', 'CWM04076', 'B1CBA2301127-0', 'M0063626 MILL, INLAY, RESURAF SR 120, COBB', 'M0063626 MILL, INLAY, RESURAF SR 120, COBB', NULL, 'GDOT', '32940', 48045.00, 1, 'COBB', 1, '', 1, '2023-03-14', '2023-12-31', NULL, '', 1, NULL, NULL, NULL, NULL, NULL, NULL, NULL, NULL, NULL, NULL, '2024-12-04 20:04:26', '2024-12-04 20:06:07', NULL, 7, NULL, 12, NULL, NULL),
(137, 'M006102', 'CWM04075', 'B1CBA2202341-0', 'M006102 - SR 219 Mill/Inlay/Resurf – Muscogee County', 'M006102 - SR 219 Mill/Inlay/Resurf – Muscogee County', NULL, 'GDOT', '62873', 151525.00, 1, 'MUSCOGEE', 1, '', 1, '2023-01-06', '2023-09-30', NULL, '', 1, NULL, NULL, NULL, NULL, NULL, NULL, NULL, NULL, NULL, NULL, '2024-12-04 20:09:51', '2024-12-04 20:10:25', NULL, 7, NULL, 17, NULL, NULL),
(138, 'M006328', 'CWM04074', 'B1CBA2202002-1', 'M006328, SR 139 Mill/Inlay/Resurf/Shldr Rehab – Cobb County', 'M006328, SR 139 Mill/Inlay/Resurf/Shldr Rehab – Cobb County', NULL, 'GDOT', '32881', 69316.00, 1, 'COBB', 1, '', 1, '2023-01-12', '2023-10-31', NULL, '', 1, NULL, NULL, NULL, NULL, NULL, NULL, NULL, NULL, NULL, NULL, '2024-12-04 20:12:58', '2024-12-04 20:14:56', NULL, 7, NULL, 12, NULL, NULL),
(139, 'M004965', 'CWM04072', '', 'M004965, SR 92 Mill/Inlay/Resurf/Shldr Rehab – Douglas County', 'M004965, SR 92 Mill/Inlay/Resurf/Shldr Rehab – Douglas County', NULL, 'GDOT', '32869', 54360.00, 1, 'DOUGLAS', 1, '', 1, '2022-12-14', '2023-12-31', NULL, '', 1, NULL, NULL, NULL, NULL, NULL, NULL, NULL, NULL, NULL, NULL, '2024-12-04 20:19:38', '2025-02-17 16:23:39', NULL, 7, NULL, 39, NULL, NULL),
(140, 'M006353', 'CWM04071', 'B1CBA2301118-1', 'M006353, US 27/ SR 1 Mill/Inlay/Resurf – Troup County', 'M006353, US 27/ SR 1 Mill/Inlay/Resurf – Troup County', NULL, 'GDOT', '32985', 4120.00, 1, 'TROUP', 1, '', 1, NULL, '2024-03-31', NULL, '', 1, NULL, NULL, NULL, NULL, NULL, NULL, NULL, NULL, NULL, NULL, '2024-12-04 20:34:35', '2024-12-04 20:35:04', NULL, 7, NULL, 49, NULL, NULL),
(141, '0014896', 'CWM04070', 'B1CBA2201358-1', '0014896; Bass Road – Bridge over NSRR; Bibb County', '0014896; Bass Road – Bridge over NSRR; Bibb County', NULL, 'GDOT', '12878', 193984.00, 1, 'BIBB', 0, '', 1, '2022-12-12', '2024-07-31', NULL, '', 1, NULL, NULL, NULL, NULL, NULL, NULL, NULL, NULL, NULL, NULL, '2024-12-04 20:37:43', '2025-02-28 19:44:03', NULL, 7, NULL, 5, NULL, NULL),
(142, 'M006127', 'CWM04068', 'B1CBA2102153-0', 'M006127 RESURFACING & SHOULDER REHAB, FRANKLIN', 'M006127 RESURFACING & SHOULDER REHAB, FRANKLIN', NULL, 'GDOT', '32579', 48900.00, 1, 'FRANKLIN', 1, '', 1, '2022-10-31', '2023-10-31', NULL, '', 1, NULL, NULL, NULL, NULL, NULL, NULL, NULL, NULL, NULL, NULL, '2024-12-04 21:17:14', '2024-12-04 21:24:37', NULL, 7, NULL, 73, NULL, NULL),
(143, 'M006499', 'CWM04104', 'B3CBA2402654-0', 'M006499 MILL, INLAY, RESURF SR 20/SR 81, HENRY', 'M006499 MILL, INLAY, RESURF SR 20/SR 81, HENRY', NULL, 'GDOT', '3161', 120800.00, 1, 'HENRY', 1, '', 0, '2024-11-19', '2025-08-31', NULL, '', 1, NULL, NULL, NULL, NULL, NULL, NULL, NULL, NULL, NULL, NULL, '2024-12-11 15:35:47', '2024-12-11 18:43:07', NULL, 7, NULL, 11, NULL, NULL),
(144, '0017812', 'ERS05077', '2428-B', 'FAYETTE COUNTY 2025 RESURFACING', 'FAYETTE COUNTY 2025 RESURFACING', NULL, 'FAYETTE COUNTY', '50454', 78920.00, 0, 'FAYETTE', 1, '', 0, '2024-12-03', '2025-07-01', NULL, '', 1, NULL, NULL, NULL, NULL, NULL, NULL, NULL, NULL, NULL, NULL, '2024-12-11 19:01:00', '2025-01-09 19:27:14', NULL, 5, NULL, 74, NULL, NULL),
(145, '0019451', 'CWM04106', '', 'I-16 at Old Cuyler Road New Interchange', 'I-16 at Old Cuyler Road New Interchange', NULL, 'GDOT', '163138', 2310914.00, 1, 'Bryan', 0, '', 0, '2024-12-19', '2027-07-01', NULL, '', 1, NULL, NULL, NULL, NULL, NULL, NULL, NULL, NULL, NULL, NULL, '2025-01-07 21:08:12', '2025-01-24 21:31:23', NULL, 7, NULL, 58, NULL, NULL),
(146, 'M006549', 'REEV50018', 'B1CBA2402656-0', 'M006549 LIBERTY COUNTY, US84/SR 38 RESURFACE', 'M006549 LIBERTY COUNTY, US84/SR 38 RESURFACE', NULL, 'GDOT', '10339339', 68420.00, 1, 'LIBERTY', 1, '', 1, '2024-12-19', '2025-08-31', NULL, '', 1, NULL, NULL, NULL, NULL, NULL, NULL, NULL, NULL, NULL, NULL, '2025-01-08 14:22:54', '2025-02-28 13:52:57', NULL, 9, NULL, 75, NULL, NULL),
(147, '23-234', 'REEV50016', 'NA', 'DENNIS ROAD IMPROVEMENT PROJECT', 'DENNIS ROAD IMPROVEMENT PROJECT', NULL, 'CITY OF AUGUSTA - RICHMOND COUNTY GA', '10321224', 383681.00, 0, 'AUGUSTA', 0, '', 0, '2024-06-21', '2025-07-21', NULL, '', 1, NULL, NULL, NULL, NULL, NULL, NULL, NULL, NULL, NULL, NULL, '2025-01-08 14:50:48', '2025-01-08 14:52:53', NULL, 9, NULL, 45, NULL, NULL),
(148, '262027', 'REEV50015', 'B3TIS2401124-1', 'LAURENS E CHEROKEE @ MILL CREEK', 'LAURENS E CHEROKEE @ MILL CREEK', NULL, 'GDOT', '10319628', 1878238.20, 1, 'LAURENS', 0, '', 0, '2024-04-10', '2027-01-31', NULL, '', 1, NULL, NULL, NULL, NULL, NULL, NULL, NULL, NULL, NULL, NULL, '2025-01-08 20:54:15', '2025-01-08 20:58:14', NULL, 9, NULL, 76, NULL, NULL);
INSERT INTO `project` (`project_id`, `project_id_number`, `project_number`, `proposal_number`, `name`, `description`, `location`, `owner`, `subcontract`, `contract_amount`, `federal_funding`, `county`, `resurfacing`, `invoice_contact`, `certified_payrolls`, `start_date`, `end_date`, `due_date`, `manager`, `status`, `po_number`, `po_cg`, `concrete_quote_price`, `concrete_quote_price_escalator`, `concrete_time_period_every_n`, `concrete_time_period_unit`, `retainage`, `retainage_percentage`, `retainage_adjustment_percentage`, `retainage_adjustment_completion`, `created_at`, `updated_at`, `updated_at_concrete_quote_price`, `company_id`, `inspector_id`, `county_id`, `vendor_id`, `concrete_class_id`) VALUES
(149, '0012575', 'REEV50014', 'B37TIA1902082-0', 'SR 56 - US 25 Bypass to Cates Mead Rd. (CR-54) Widening', 'SR 56 - US 25 Bypass to Cates Mead Rd. (CR-54) Widening', NULL, 'FIDELITY & DEPOSIT COMPANYOF MARYLAND (SURETY FOR GDOT)', '10321452', 170008.42, 1, 'BURKE', 0, '', 0, '2024-04-06', '0024-12-30', NULL, '', 1, NULL, NULL, NULL, NULL, NULL, NULL, NULL, NULL, NULL, NULL, '2025-01-08 21:14:02', '2025-01-08 21:15:03', NULL, 9, NULL, 64, NULL, NULL),
(150, '23-183', 'REEV50012', '23-183', 'RFP # 23-183 –CR 1502 / Barton Chapel Road at SR 10 / US 78', 'RFP # 23-183 –CR 1502 / Barton Chapel Road at SR 10 / US 78', NULL, 'CITY OF AUGUSTA, RICHMOND COUNTY', '10321150', 332685.00, 0, 'RICHMOND', 0, '', 0, '2024-04-17', '2025-07-05', NULL, '', 1, NULL, NULL, NULL, NULL, NULL, NULL, NULL, NULL, NULL, NULL, '2025-01-08 21:21:06', '2025-01-08 21:24:07', NULL, 9, NULL, 35, NULL, NULL),
(151, 'M005288', 'REEV50011', 'B1CBA2302748-0', 'RESURFACING SR 292 BEGINNING SOUTH OF WASHINGTONSTREET AND EXTENDING TO THE EVANS COUNTY LINE', 'RESURFACING SR 292 BEGINNING SOUTH OF WASHINGTONSTREET AND EXTENDING TO THE EVANS COUNTY LINE', NULL, 'GDOT', '1962871', 35050.00, 1, 'TATTNALL, TOOMBS', 1, '', 0, '2024-04-09', '2024-08-31', NULL, '', 1, NULL, NULL, NULL, NULL, NULL, NULL, NULL, NULL, NULL, NULL, '2025-01-08 22:24:35', '2025-01-08 22:25:40', NULL, 9, NULL, 77, NULL, NULL),
(152, 'M006403', 'REEV50010', 'B1CBA2302796-0', 'M006403 - SR 24 RESURFACING JEFFERSON COUNTY', 'M006403 - SR 24 RESURFACING JEFFERSON COUNTY', NULL, 'GDOT', '10315299', 32400.00, 1, 'JEFFERSON', 1, '', 1, '2024-02-05', '2024-10-31', NULL, '', 1, NULL, NULL, NULL, NULL, NULL, NULL, NULL, NULL, NULL, NULL, '2025-01-08 22:28:13', '2025-01-08 22:30:21', NULL, 9, NULL, 7, NULL, NULL),
(153, '0016117', 'REEV50009', 'B1CBA2301907-0', 'ROUNDABOUT ON SR247 CONN AT HOUSERS MILLER RD', 'ROUNDABOUT ON SR247 CONN AT HOUSERS MILLER RD', NULL, 'GDOT', '10302434', 337579.00, 1, 'PEACH', 0, '', 0, '2023-07-17', '2024-08-31', NULL, '', 1, NULL, NULL, NULL, NULL, NULL, NULL, NULL, NULL, NULL, NULL, '2025-01-08 22:40:40', '2025-01-08 22:46:38', NULL, 9, NULL, 69, NULL, NULL),
(154, 'M006366', 'REEV50008', 'B1CBA2301159-0', 'M006366 SR 121 RESURFACING RICHMOND COUNTY', 'M006366 SR 121 RESURFACING RICHMOND COUNTY', NULL, 'GDOT', '10295583', 24400.00, 1, 'RICHMOND', 1, '', 0, '2023-04-03', '2023-12-31', NULL, '', 2, NULL, NULL, NULL, NULL, NULL, NULL, NULL, NULL, NULL, NULL, '2025-01-08 22:49:59', '2025-01-08 22:50:51', NULL, 9, NULL, 35, NULL, NULL),
(155, 'M006216', 'REEV50007', 'B1CBA2301287-0', 'M006216 CHATHAM COUNTY SR 204 RESURFACE', 'M006216 CHATHAM COUNTY SR 204 RESURFACE', NULL, 'GDOT', '10294928', 23750.00, 1, 'CHATHAM', 1, '', 1, '2023-04-13', '0024-01-31', NULL, '', 2, NULL, NULL, NULL, NULL, NULL, NULL, NULL, NULL, NULL, NULL, '2025-01-09 01:35:10', '2025-02-17 15:42:13', NULL, 9, NULL, 28, NULL, NULL),
(156, 'M006367', 'REEV50006', 'B1CBA2202431-0', 'RESURFACING JEFFERSON STREET', 'RESURFACING JEFFERSON STREET', NULL, 'GDOT', '10292733', 2848.00, 1, 'LAURENS', 1, '', 0, '2023-02-07', '2023-11-30', NULL, '', 2, NULL, NULL, NULL, NULL, NULL, NULL, NULL, NULL, NULL, NULL, '2025-01-09 02:52:39', '2025-02-14 16:11:02', NULL, 9, NULL, 76, NULL, NULL),
(157, 'M006219', 'REEV50005', 'B1CBA2202355-0', 'SR 67 BYPSS RESURFACING', 'SR 67 BYPSS RESURFACING', NULL, 'GDOT', '1634786', 68626.00, 1, 'BULLOCH', 1, '', 0, '2023-01-31', '2023-09-30', NULL, '', 2, NULL, NULL, NULL, NULL, NULL, NULL, NULL, NULL, NULL, NULL, '2025-01-09 02:56:39', '2025-01-09 03:02:26', NULL, 9, NULL, 78, NULL, NULL),
(158, '0013727', 'REEV50004', '', 'SR 307/DEAN FOREST RD @ I-16 DDI Project', 'SR 307/DEAN FOREST RD @ I-16 DDI Project', NULL, 'GDOT', '1636754', 1220101.00, 1, 'CHATHAM', 0, '', 0, '2023-01-24', '2023-12-30', NULL, '', 2, NULL, NULL, NULL, NULL, NULL, NULL, NULL, NULL, NULL, NULL, '2025-01-09 03:14:42', '2025-01-09 03:47:54', NULL, 9, NULL, 28, NULL, NULL),
(159, '0016111', 'REEV50003', 'B1CBA2101546-0', 'ROUNDABOUT US 129/SR247', 'ROUNDABOUT US 129/SR247', NULL, 'GDOT', '10253712', 199491.50, 1, 'HOUSTON', 0, '', 0, '2021-06-30', '2022-07-31', NULL, '', 2, NULL, NULL, NULL, NULL, NULL, NULL, NULL, NULL, NULL, NULL, '2025-01-09 13:49:46', '2025-01-09 13:54:30', NULL, 9, NULL, 4, NULL, NULL),
(160, 'M005590', 'REEV50002', 'B1CBA2100828-0', 'US 441/S 29 RESURFACING AND REHABILITATION', 'US 441/S 29 RESURFACING AND REHABILITATION', NULL, 'GDOT', '10243890', 45828.00, 1, 'WILKINSON', 1, '', 0, '2021-04-23', '2021-12-31', NULL, '', 2, NULL, NULL, NULL, NULL, NULL, NULL, NULL, NULL, NULL, NULL, '2025-01-09 14:07:12', '2025-02-14 16:23:31', NULL, 9, NULL, 60, NULL, NULL),
(161, '0010121', 'AL22014', 'B1CBA1701424-0', '18 TRAFFIC', '18 TRAFFIC SIGNAL UPGRADES', NULL, 'GDOT', '1551707', 194000.00, 1, 'DOUGHERTY', 0, '', 0, '2020-12-10', '2021-12-10', NULL, '', 2, NULL, NULL, NULL, NULL, NULL, NULL, NULL, NULL, NULL, NULL, '2025-01-09 16:09:56', '2025-04-16 01:28:20', NULL, 14, NULL, 79, NULL, NULL),
(162, '0013214', 'AL22010', 'B1CBA1900832-0', '0013214 FULTON COUNTY', '0013214 FULTON COUNTY', NULL, 'GDOT', 'NA', 10400.00, 1, 'FULTON', 0, '', 0, '2020-06-04', '2020-08-31', NULL, '', 2, NULL, NULL, NULL, NULL, NULL, NULL, NULL, NULL, NULL, NULL, '2025-01-09 16:34:06', '2025-01-09 17:04:22', NULL, 14, NULL, 8, NULL, NULL),
(163, 'NA', 'AL22009', '', 'SIGNAL UPGRADES @MARIETTA BLVD', 'SIGNAL UPGRADES @MARIETTA BLVD', NULL, 'GDOT', '1551521-09', 121336.00, 1, 'CITY OF ATLANTA', 0, '', 0, '2019-09-16', '2020-09-16', NULL, '', 2, NULL, NULL, NULL, NULL, NULL, NULL, NULL, NULL, NULL, NULL, '2025-01-09 18:43:59', '2025-01-09 19:07:22', NULL, 14, NULL, 80, NULL, NULL),
(164, 'NA', 'AL22006', '', '1 TRAFFIC SIGNAL UPGRADE', '1 TRAFFIC SIGNAL UPGRADE', NULL, 'ALS', '1551802', 29800.00, 0, 'CHATHAM', 0, '', 0, '2019-01-18', '2020-01-18', NULL, '', 2, NULL, NULL, NULL, NULL, NULL, NULL, NULL, NULL, NULL, NULL, '2025-01-09 19:10:44', '2025-02-14 15:18:37', NULL, 14, NULL, 28, NULL, NULL),
(165, '0012846', 'AL22005', 'B1CBA1701581-0', '15 TRAFFIC SIGNAL UPGRADES', '15 TRAFFIC SIGNAL UPGRADES', NULL, 'GDOT', '1551719', 429330.00, 1, 'LOWNDES', 0, '', 1, '2019-01-18', '2020-01-18', NULL, '', 2, NULL, NULL, NULL, NULL, NULL, NULL, NULL, NULL, NULL, NULL, '2025-01-09 19:14:03', '2025-02-14 15:26:08', NULL, 14, NULL, 81, NULL, NULL),
(166, 'S014943', 'AL22004', '', 'INSTALL HAWK CROSSWALK SYSTEM', 'INSTALL HAWK CROSSWALK SYSTEM', NULL, 'GDOT', '1551803', 21700.00, 1, 'CHATHAM', 0, '', 0, '2019-01-19', '2020-01-19', NULL, '', 2, NULL, NULL, NULL, NULL, NULL, NULL, NULL, NULL, NULL, NULL, '2025-01-09 19:42:38', '2025-01-09 19:53:18', NULL, 14, NULL, 28, NULL, NULL),
(167, 'FC-8552', 'AL22003', '', 'FULTON COUNTY 11551521-10', 'FULTON COUNTY 11551521-10', NULL, 'ALS', '1551521-10', 43800.00, 0, 'FULTON', 0, '', 0, '2018-02-09', '2019-02-09', NULL, '', 2, NULL, NULL, NULL, NULL, NULL, NULL, NULL, NULL, NULL, NULL, '2025-01-09 19:57:34', '2025-01-09 20:00:21', NULL, 14, NULL, 8, NULL, NULL),
(168, '0012672', 'AL22002', 'B1CBA1700726-0', 'TRAFFIC SIGNAL UPGRADES AT VARIOUS LOCATIONS IN BA', 'TRAFFIC SIGNAL UPGRADES AT VARIOUS LOCATIONS IN BA', NULL, 'GDOT', '1551701', 182140.00, 1, 'BARROW', 0, '', 0, '2018-03-17', '2019-03-17', NULL, '', 2, NULL, NULL, NULL, NULL, NULL, NULL, NULL, NULL, NULL, NULL, '2025-01-09 20:03:09', '2025-01-09 20:05:05', NULL, 14, NULL, 34, NULL, NULL),
(169, '0012669', 'AL22001', 'B1CBA1700765-0', 'TRAFFIC SIGNAL UPGRADES AT VARIOUS LOCATIONS AT CH', 'TRAFFIC SIGNAL UPGRADES AT VARIOUS LOCATIONS AT CH', NULL, 'GDOT', '1551703', 236100.00, 1, 'CHEROKEE', 0, '', 1, '2018-03-07', '2019-03-07', NULL, '', 2, NULL, NULL, NULL, NULL, NULL, NULL, NULL, NULL, NULL, NULL, '2025-01-09 20:06:31', '2025-01-09 20:15:34', NULL, 14, NULL, 30, NULL, NULL),
(170, '0012673', 'AL22000', '', 'TRAFFIC SIGNAL UPGRADES AT VARIOUS LOCATIONS IN RO', 'TRAFFIC SIGNAL UPGRADES AT VARIOUS LOCATIONS IN RO', 'undefined', 'GDOT', '1551704', 146960.00, 1, 'ROCKDA', 0, '', 0, '2018-03-17', '2019-03-17', '2025-11-20', '', 2, 'undefined', 'undefined', 0.00, 0.00, 0, '', NULL, NULL, NULL, NULL, '2025-01-09 20:21:13', '2025-11-15 15:57:08', '2025-11-15 15:54:08', 14, NULL, 82, NULL, NULL),
(171, 'M005779', 'APAC47000', 'B3CBA1902085-0', 'SCREVEN COUNTY M005779', 'SCREVEN COUNTY M005779', NULL, 'GDOT', 'M005779', 11520.00, 1, 'SCREVEN', 0, '', 0, '2020-03-23', '2020-10-31', NULL, '', 2, NULL, NULL, NULL, NULL, NULL, NULL, NULL, NULL, NULL, NULL, '2025-01-09 20:53:18', '2025-01-09 21:11:13', NULL, 13, NULL, 83, NULL, NULL),
(172, '118250101', 'APAC47001', '', 'STILES AVENUE - CITY OF SAVANNAH (AECOM)', 'STILES AVENUE - CITY OF SAVANNAH (AECOM)', NULL, 'APAC - ATLANTIC INC', '765072', 256315.00, 1, 'CITY OF SAVANNAH', 0, '', 1, '2021-10-20', '2022-10-20', NULL, '', 2, NULL, NULL, NULL, NULL, NULL, NULL, NULL, NULL, NULL, NULL, '2025-01-09 21:06:12', '2025-01-09 21:08:02', NULL, 13, NULL, 84, NULL, NULL),
(173, 'TE-709-03', 'APAC47002', '', 'GWINNETT STREET WIDENING', 'GWINNETT STREET WIDENING', NULL, 'CITY OF SAVANNAH', '765067', 362749.00, 0, 'CITY OF SAVANNAH', 0, '', 0, '2022-02-21', '2023-02-21', NULL, '', 2, NULL, NULL, NULL, NULL, NULL, NULL, NULL, NULL, NULL, NULL, '2025-01-10 13:26:42', '2025-01-10 13:34:37', NULL, 13, NULL, 84, NULL, NULL),
(174, '21-0149-4', 'APAC47003', '', '2021 wILMINGTON IS ROAD SAFETY ENCHANMENTS & LANSING AVENUE / CENTRAL AVENUE', '2021 wILMINGTON IS ROAD SAFETY ENCHANMENTS & LANSING AVENUE / CENTRAL AVENUE', NULL, 'CHATHAM COUNTY', '765096', 54775.00, 0, 'CHATHAM', 0, '', 0, '2022-04-19', '2022-07-30', NULL, '', 2, NULL, NULL, NULL, NULL, NULL, NULL, NULL, NULL, NULL, NULL, '2025-01-10 13:39:40', '2025-01-10 13:46:19', NULL, 13, NULL, 28, NULL, NULL),
(175, '19-LD-089', 'APAC47004', '', 'OP544 AREA SURFACE LOT', 'OP544 AREA SURFACE LOT', NULL, 'CITY OF SAVANNAH', '765083', 165744.00, 0, 'CITY OF SAVANNAH', 0, '', 0, '2022-06-06', '2022-09-30', NULL, '', 2, NULL, NULL, NULL, NULL, NULL, NULL, NULL, NULL, NULL, NULL, '2025-01-10 13:53:39', '2025-01-10 13:59:22', NULL, 13, NULL, 84, NULL, NULL),
(176, 'M006212', 'APAC47005', 'B1CBA2201842-0', 'M006212 – Rehab beginning SR 119 N of Airport Rd & extending S of SR144 – Liberty County', 'M006212 – Rehab beginning SR 119 N of Airport Rd & extending S of SR144 – Liberty County', NULL, 'GDOT', '765098', 66900.00, 1, 'LIBERTY', 0, '', 1, '2022-08-23', '2023-04-30', NULL, '', 1, NULL, NULL, NULL, NULL, NULL, NULL, NULL, NULL, NULL, NULL, '2025-01-10 14:04:37', '2025-01-10 14:05:27', NULL, 13, NULL, 75, NULL, NULL),
(177, '371150', 'BP02008', 'B1CBA20011860-0', 'FORTUNE HOLE RD OVER WILLIAMS CREEK', 'FORTUNE HOLE RD OVER WILLIAMS CREEK', NULL, 'GDOT', '2BA150', 33152.00, 1, 'HARRIS', 0, '', 1, '2020-08-28', '2021-06-30', NULL, '', 2, NULL, NULL, NULL, NULL, NULL, NULL, NULL, NULL, NULL, NULL, '2025-01-10 14:42:32', '2025-01-10 14:43:40', NULL, 17, NULL, 85, NULL, NULL),
(178, '0013175', 'BP02007', 'B1CBA1900848-0', '0013175 hIGHWAY CONSTRUCTION', '0013175 hIGHWAY CONSTRUCTION', NULL, 'GDOT', '0013175', 135863.00, 1, 'DEKALB', 0, '', 0, '2019-07-30', '2020-06-30', NULL, '', 2, NULL, NULL, NULL, NULL, NULL, NULL, NULL, NULL, NULL, NULL, '2025-01-10 14:50:42', '2025-01-10 15:04:50', NULL, 17, NULL, 2, NULL, NULL),
(179, 'GA20160259', 'BP02006', '', 'HIGHWAY GA20160259', 'HIGHWAY GA20160259', NULL, 'GDOT', 'GA20160259', 148055.00, 1, 'COBB', 0, '', 0, '2019-08-26', '2019-11-30', NULL, '', 2, NULL, NULL, NULL, NULL, NULL, NULL, NULL, NULL, NULL, NULL, '2025-01-10 15:20:12', '2025-01-10 15:24:29', NULL, 17, NULL, 12, NULL, NULL),
(180, '0010941', 'BP02005', 'B1CBA1701576-0', '0010941 CAMPBELLTON', '0010941 CAMPBELLTON', NULL, 'GDOT', '0010941', 138410.00, 1, 'CAMPBELLTON', 0, '', 0, '2017-06-30', '2019-06-30', NULL, '', 2, NULL, NULL, NULL, NULL, NULL, NULL, NULL, NULL, NULL, NULL, '2025-01-10 15:29:32', '2025-01-10 15:39:09', NULL, 17, NULL, 86, NULL, NULL),
(181, 'CSHPP-0007-00(313)', 'BP02004', 'B15040-15-000-0', 'CRABAPPLE CSHPP-0007-00(313)', 'CRABAPPLE CSHPP-0007-00(313)', NULL, 'GDOT', 'CSHPP-0007-00(313)', 561176.00, 1, 'FULTON', 0, '', 0, '2016-02-18', '2018-02-18', NULL, '', 2, NULL, NULL, NULL, NULL, NULL, NULL, NULL, NULL, NULL, NULL, '2025-01-10 15:49:21', '2025-01-10 16:06:42', NULL, 17, NULL, 8, NULL, NULL),
(182, '0010419', 'BP02003', 'B14881-15-000-0', '0010419 FULTON', '0010419 FULTON', NULL, 'GDOT', '0010419', 322229.00, 1, 'FULTON', 0, '', 0, '2018-03-07', '2019-03-07', NULL, '', 2, NULL, NULL, NULL, NULL, NULL, NULL, NULL, NULL, NULL, NULL, '2025-01-10 16:41:45', '2025-02-10 20:45:16', NULL, 17, NULL, 8, NULL, NULL),
(183, 'B14793-14-000-0', 'BP02001', '', 'BRIDGE AND APPROACHEDS ON SR 372 OVER ETOWAH RIVER', 'BRIDGE AND APPROACHEDS ON SR 372 OVER ETOWAH RIVER', NULL, 'GDOT', 'B14793-14-000-0', 82359.00, 1, 'CHEROKEE', 0, '', 0, '2018-03-07', '2019-03-07', NULL, '', 2, NULL, NULL, NULL, NULL, NULL, NULL, NULL, NULL, NULL, NULL, '2025-01-10 17:07:00', '2025-01-10 17:17:49', NULL, 17, NULL, 30, NULL, NULL),
(184, '0012832', 'BP02000', 'B1CBA1600600-0', '0012832 CAMPCREEK', '0012832 CAMPCREEK', NULL, 'GDOT', '0012832', 62500.00, 1, 'FULTON', 0, '', 0, '2018-03-07', '2019-03-07', NULL, '', 2, NULL, NULL, NULL, NULL, NULL, NULL, NULL, NULL, NULL, NULL, '2025-01-10 17:19:54', '2025-01-10 17:21:27', NULL, 17, NULL, 8, NULL, NULL),
(185, 'M005999', 'BAR59000', 'B1CBA2100998-0', 'M005999 GORDON DETECTABLE WARNING SURFACE', 'M005999 GORDON DETECTABLE WARNING SURFACE', NULL, 'GDOT', '21-9002-S2', 8050.00, 1, 'GORDON', 0, '', 0, '2021-05-25', '2022-01-31', NULL, '', 2, NULL, NULL, NULL, NULL, NULL, NULL, NULL, NULL, NULL, NULL, '2025-01-15 13:55:59', '2025-01-15 13:57:59', NULL, 19, NULL, 87, NULL, NULL),
(186, '0062097', 'BAR59003', '2022-038', 'BELLS FERRY ROAD & VICTORY DRIVE', 'BELLS FERRY ROAD & VICTORY DRIVE', NULL, 'BARTOW PAVING', '22-7010-S3', 127983.00, 0, 'CHEROKEE', 0, '', 0, '2022-03-31', '2022-12-26', NULL, '', 2, NULL, NULL, NULL, NULL, NULL, NULL, NULL, NULL, NULL, NULL, '2025-01-15 14:00:44', '2025-01-15 14:04:22', NULL, 19, NULL, 30, NULL, NULL),
(187, 'NA', 'BEA36002', 'NA', 'TOBACCO ROAD INTERSECTION IMPROVEMENTS AT ZEMULA DRIVE', 'TOBACCO ROAD INTERSECTION IMPROVEMENTS AT ZEMULA DRIVE', NULL, 'BEAM\'S CONTRACTING, INC', 'NA', 34398.00, 0, 'Augusta-Richmond', 0, '', 0, '2024-08-15', '2024-08-15', NULL, '', 1, NULL, NULL, NULL, NULL, NULL, NULL, NULL, NULL, NULL, NULL, '2025-01-15 14:12:33', '2025-02-14 16:49:41', NULL, 20, NULL, 88, NULL, NULL),
(188, 'M006242', 'BEA36001', 'B3CBA2302354-0', 'US 25 / SR 121 RESURFACING - RICHMOND COUNTY', 'US 25 / SR 121 RESURFACING - RICHMOND COUNTY', NULL, 'GDOT', '23430', 3936.00, 1, 'RICHMOND', 1, '', 0, '2023-10-10', '2024-08-31', NULL, '', 1, NULL, NULL, NULL, NULL, NULL, NULL, NULL, NULL, NULL, NULL, '2025-01-15 14:42:07', '2025-01-15 14:42:36', NULL, 20, NULL, 35, NULL, NULL),
(189, '220680', 'BEA36000', 'B3TIA1901746-0', '220680 RICHMOND', '220680 RICHMOND', NULL, 'GDOT', '220680', 622945.25, 1, 'RICHMOND', 0, '', 0, '2022-03-22', '2022-06-30', NULL, '', 2, NULL, NULL, NULL, NULL, NULL, NULL, NULL, NULL, NULL, NULL, '2025-01-15 14:44:59', '2025-01-15 14:58:51', NULL, 20, NULL, 35, NULL, NULL),
(190, 'SP2009-03', 'BMK33000', '18-18', 'NE SENIOR CENTER', 'NE SENIOR CENTER', NULL, 'BM&K CONSTRUCTION & ENGINEERING', '18-18', 92874.51, 0, 'CLAYTON', 0, '', 0, '2021-06-16', '2022-06-16', NULL, '', 2, NULL, NULL, NULL, NULL, NULL, NULL, NULL, NULL, NULL, NULL, '2025-01-15 15:12:04', '2025-01-15 15:24:12', NULL, 21, NULL, 22, NULL, NULL),
(191, 'EEXK3900', 'BG390001', '', 'Wallace Dam Forebay Oxygenation SysteM', 'Wallace Dam Forebay Oxygenation SysteM', NULL, 'GEOGIA POWER COMPANY', '25679-103', 17346.00, 0, 'EATONTON', 0, '', 0, '2021-09-01', '2022-09-01', NULL, '', 2, NULL, NULL, NULL, NULL, NULL, NULL, NULL, NULL, NULL, NULL, '2025-01-15 16:00:16', '2025-01-15 16:13:25', NULL, 22, NULL, 89, NULL, NULL),
(192, '0016092', 'BBH26021', '', '0016092 SR 282 & MADDOX DR', '0016092 SR 282 & MADDOX DR', NULL, 'BROOKS BERRY HAYNIE & ASSOCIATES', '13291', 36034.00, 0, 'GILMER', 0, '', 0, '2023-02-22', '2024-02-22', NULL, '', 1, NULL, NULL, NULL, NULL, NULL, NULL, NULL, NULL, NULL, NULL, '2025-01-15 16:28:51', '2025-01-15 16:31:21', NULL, 23, NULL, 31, NULL, NULL),
(193, 'NA', 'BBH26015', 'OCR-Z2-1031', 'OCR - 280 S INT IMPROVEMENTS', 'OCR - 280 S INT IMPROVEMENTS', NULL, 'BROOKS BERRY HAYNIE & ASSOCIATES', 'OCR-Z2-1031', 11930.00, 0, 'COBB', 0, '', 0, '2020-07-31', '2020-10-01', NULL, '', 2, NULL, NULL, NULL, NULL, NULL, NULL, NULL, NULL, NULL, NULL, '2025-01-15 16:40:37', '2025-01-15 16:55:00', NULL, 23, NULL, 12, NULL, NULL),
(194, 'OCR-D6-2122', 'BBH26013', '', 'SR20 @ CHATEU RD/DODD BLVD ROME', 'SR20 @ CHATEU RD/DODD BLVD ROME', NULL, 'GDOT', 'OCR-D6-2122', 24600.00, 1, 'ROME', 0, '', 0, '2021-11-10', '2022-11-10', NULL, '', 2, NULL, NULL, NULL, NULL, NULL, NULL, NULL, NULL, NULL, NULL, '2025-01-15 20:32:10', '2025-02-14 17:02:08', NULL, 23, NULL, 90, NULL, NULL),
(195, 'S015357', 'BBH26009', '', 'SR 49 @ SR 29 HAWK SIGNAL', 'SR 49 @ SR 29 HAWK SIGNAL', NULL, 'GDOT', '14116.010354', 41353.00, 1, 'BALDWIN', 0, '', 0, '2020-07-07', '2021-07-07', NULL, '', 2, NULL, NULL, NULL, NULL, NULL, NULL, NULL, NULL, NULL, NULL, '2025-01-16 00:47:02', '2025-01-16 00:58:32', NULL, 23, NULL, 59, NULL, NULL),
(196, '14116', 'BBH26005', '', '14116 ATLANTA', '14116 ATLANTA', NULL, 'GDOT', '14116.010354', 41353.00, 1, 'BALDWIN', 0, '', 0, '2020-07-31', '2021-07-31', NULL, '', 2, NULL, NULL, NULL, NULL, NULL, NULL, NULL, NULL, NULL, NULL, '2025-01-16 13:39:17', '2025-01-16 13:48:58', NULL, 23, NULL, 59, NULL, NULL),
(197, '0012825', 'BBH26004', 'B1CBA1901323-0', '0012825 FULTON TRAFFIC SIGNALS', '0012825 FULTON TRAFFIC SIGNALS', NULL, 'GDOT', '0012825', 274925.00, 1, 'FULTON', 0, '', 0, '2019-08-07', '2020-08-07', NULL, '', 2, NULL, NULL, NULL, NULL, NULL, NULL, NULL, NULL, NULL, NULL, '2025-01-16 13:55:14', '2025-01-16 13:59:35', NULL, 23, NULL, 8, NULL, NULL),
(198, '0013214', 'BBH26003', 'B1CBA1900832-0', 'FULTON INTERSECTIONS', 'FULTON INTERSECTIONS', NULL, 'GDOT', '0013214', 10400.00, 1, 'FULTON', 0, '', 0, '2019-08-07', '2020-08-31', NULL, '', 2, NULL, NULL, NULL, NULL, NULL, NULL, NULL, NULL, NULL, NULL, '2025-01-16 14:04:48', '2025-01-16 14:06:32', NULL, 23, NULL, 8, NULL, NULL),
(199, '0013198', 'BBH26002', 'B1CBA1801391-0', '0013198 MORGAN, NEWTON', '0013198 MORGAN, NEWTON', NULL, 'GDOT', '0013198', 233960.00, 1, 'MORGAN, NEWTON', 0, '', 0, '2019-05-21', '2019-09-30', NULL, '', 2, NULL, NULL, NULL, NULL, NULL, NULL, NULL, NULL, NULL, NULL, '2025-01-16 14:08:17', '2025-01-16 14:10:26', NULL, 23, NULL, 91, NULL, NULL),
(200, '0012678', 'BBH26000', 'B1CBA1701307-0', '0012678 ROCKDALE', '0012678 ROCKDALE', NULL, 'GDOT', '0012678', 113910.00, 1, 'ROCKDALE', 0, '', 0, '2018-07-16', '2019-07-16', NULL, '', 2, NULL, NULL, NULL, NULL, NULL, NULL, NULL, NULL, NULL, NULL, '2025-01-16 14:37:15', '2025-01-16 14:48:27', NULL, 23, NULL, 9, NULL, NULL),
(201, '222150', 'CHP03009', 'B3TIA1902031-0', 'US 221 / US 1 / SR 4', 'US 221 / US 1 / SR 4', NULL, 'GDOT', 'A. 401', 1254551.00, 1, 'JEFFERSON', 0, '', 1, '2020-02-12', '2022-09-30', NULL, '', 2, NULL, NULL, NULL, NULL, NULL, NULL, NULL, NULL, NULL, NULL, '2025-01-16 15:15:06', '2025-02-14 16:38:03', NULL, 24, NULL, 7, NULL, NULL),
(202, '0011377', 'CHP03010', 'B3TIA2002302-0', '0011377 LINCOLN', '0011377 LINCOLN', NULL, 'GDOT', '0011377', 22050.00, 1, 'LINCOLN', 0, '', 0, '2020-10-16', '0022-04-30', NULL, '', 2, NULL, NULL, NULL, NULL, NULL, NULL, NULL, NULL, NULL, NULL, '2025-01-16 15:37:29', '2025-01-16 15:38:12', NULL, 24, NULL, 92, NULL, NULL),
(203, 'M006053', 'CHO03011', 'B1CBA2101131-0', 'M006053 SCREVEN', 'M006053 SCREVEN', NULL, 'GDOT', 'M006053', 6600.00, 1, 'SCREVEN', 0, '', 0, '2021-05-12', '2022-02-08', NULL, '', 2, NULL, NULL, NULL, NULL, NULL, NULL, NULL, NULL, NULL, NULL, '2025-01-16 15:42:25', '2025-01-16 15:43:38', NULL, 24, NULL, 83, NULL, NULL),
(204, 'M006133', 'CHP03012', 'B1CBA2101544-0', 'JEFFERSON M006133', 'JEFFERSON M006133', NULL, 'GDOT', 'M006133', 15120.00, 1, 'JEFFERSON', 0, '', 0, '2021-07-06', '2022-04-30', NULL, '', 2, NULL, NULL, NULL, NULL, NULL, NULL, NULL, NULL, NULL, NULL, '2025-01-16 15:45:01', '2025-01-16 15:53:30', NULL, 24, NULL, 7, NULL, NULL),
(205, '0015609', 'CSC70004', 'B1CBA2302114-0', 'Project #0015609, Bridge and Approaches on Harbins Rd/Patrick Mill over Apalachee River', 'Project #0015609, Bridge and Approaches on Harbins Rd/Patrick Mill over Apalachee River', NULL, 'GDOT', '0015609', 5171.00, 1, 'BARROW, GWINNETT', 0, '', 0, '2024-05-21', '2024-07-31', NULL, '', 2, NULL, NULL, NULL, NULL, NULL, NULL, NULL, NULL, NULL, NULL, '2025-01-16 15:58:53', '2025-01-16 16:33:30', NULL, 25, NULL, 93, NULL, NULL),
(206, '0015568', 'CSC70003', 'B1CBA2302273-0', 'Project #0015568, Bridge and Approaches on SR 83 over Polecat Creek', 'Project #0015568, Bridge and Approaches on SR 83 over Polecat Creek', NULL, 'GDOT', '0015568', 106114.00, 1, 'WALTON', 0, '', 0, '2023-11-09', '2024-05-31', NULL, '', 2, NULL, NULL, NULL, NULL, NULL, NULL, NULL, NULL, NULL, NULL, '2025-01-16 16:08:19', '2025-01-16 16:18:49', NULL, 25, NULL, 41, NULL, NULL),
(207, '0017780', 'CSC70002', 'B1CBA2302153-0', 'Project #0017780, Bridges and Approaches Garretts Ferry Rd. over Chattahoochee River Tributary', 'Project #0017780, Bridges and Approaches Garretts Ferry Rd. over Chattahoochee River Tributary', NULL, 'GDOT', '0017780', 95687.00, 1, 'FULTON', 0, '', 0, '2023-09-25', '2024-06-30', NULL, '', 2, NULL, NULL, NULL, NULL, NULL, NULL, NULL, NULL, NULL, NULL, '2025-01-16 16:41:20', '2025-02-17 14:28:11', NULL, 25, NULL, 8, NULL, NULL),
(208, '0013991', 'CSC70001', 'B1CBA2201976-0', 'PI #0013991, SR 42 / Briarcliff Road at Southfork Peachtree Creek Bridge Replacement', 'PI #0013991, SR 42 / Briarcliff Road at Southfork Peachtree Creek Bridge Replacement', NULL, 'GDOT', '0013991', 89006.00, 1, 'DEKALB', 0, '', 0, '2023-05-15', '2024-09-30', NULL, '', 2, NULL, NULL, NULL, NULL, NULL, NULL, NULL, NULL, NULL, NULL, '2025-01-16 16:53:03', '2025-01-16 16:55:33', NULL, 25, NULL, 2, NULL, NULL),
(209, '0015097', 'CSC70000', '22-11', 'PI #0015097, CR 511 / Brown Bridge Road at Snapping Shoals Creek including Realignment and Bridge Replacement', 'PI #0015097, CR 511 / Brown Bridge Road at Snapping Shoals Creek including Realignment and Bridge Replacement', NULL, 'GDOT', '0015097', 55380.00, 1, 'NEWTON', 0, '', 0, '2023-02-15', '2025-02-14', NULL, '', 1, NULL, NULL, NULL, NULL, NULL, NULL, NULL, NULL, NULL, NULL, '2025-01-16 16:57:13', '2025-01-16 16:57:40', NULL, 25, NULL, 54, NULL, NULL),
(210, '0015687', 'CWM04107', 'B1CBA2402674-0', 'CONSTRUCTION OF A ROUNDABOUT SR 1', 'CONSTRUCTION OF A ROUNDABOUT SR 1', NULL, 'GDOT', '3169', 607329.00, 1, 'CHATTAHOOCHEE', 0, '', 1, '2025-01-10', '2025-10-31', NULL, '', 1, NULL, NULL, NULL, NULL, NULL, NULL, NULL, NULL, NULL, NULL, '2025-01-16 19:06:41', '2025-01-31 21:24:09', NULL, 7, NULL, 94, NULL, NULL),
(211, 'M006405 ', 'REEV50019', 'B1CBA2402750-0', 'M006405 resurfacing and shoulder rehab on SR 199 from I-16 SR 404 to SR 29', 'M006405 resurfacing and shoulder rehab on SR 199 from I-16 SR 404 to SR 29', NULL, 'GDOT', '10340206', 12300.00, 1, 'LAURENS', 0, '', 0, '2025-01-10', '2025-10-31', NULL, '', 1, NULL, NULL, NULL, NULL, NULL, NULL, NULL, NULL, NULL, NULL, '2025-01-16 19:52:06', '2025-02-13 14:22:26', NULL, 9, NULL, 76, NULL, NULL),
(212, 'M005791', 'COLD40000', 'B1CBA1901691-0', 'M005791 GLIMMER', 'M005791 GLIMMER', NULL, 'GDOT', 'M005791', 7000.00, 1, 'GILMER', 0, '', 0, '2019-06-26', '2020-12-15', NULL, '', 2, NULL, NULL, NULL, NULL, NULL, NULL, NULL, NULL, NULL, NULL, '2025-01-16 20:28:33', '2025-01-16 20:30:32', NULL, 35, NULL, 31, NULL, NULL),
(213, 'DNR-462-492-88276', 'COLD40001', '', 'TALLULAH FALLS STATE PARK VISITOR CENTER', 'TALLULAH FALLS STATE PARK VISITOR CENTER', NULL, 'GEORGIA DNR', '1132020', 18028.00, 0, 'TALLULAH FALLS', 0, '', 0, '2020-02-24', '2022-02-24', NULL, '', 2, NULL, NULL, NULL, NULL, NULL, NULL, NULL, NULL, NULL, NULL, '2025-01-16 21:50:26', '2025-01-16 21:52:15', NULL, 35, NULL, 95, NULL, NULL),
(214, '5272024', 'COLD40002', '', 'CITY OF BLUE RIDGE', 'CITY OF BLUE RIDGE', NULL, 'CITY OF BLUE RIDGE', '5272024', 25784.00, 0, 'FANNIN COUNTY', 0, '', 0, '2021-05-28', '2022-05-28', NULL, '', 2, NULL, NULL, NULL, NULL, NULL, NULL, NULL, NULL, NULL, NULL, '2025-01-16 22:00:09', '2025-01-16 22:12:11', NULL, 35, NULL, 96, NULL, NULL),
(215, '0010677', 'CCC38000', '6616015', 'CS 562 / WEST MAIN ST FROM CS 571 CITY OF BLUE RIDGE', 'CS 562 / WEST MAIN ST FROM CS 571 CITY OF BLUE RIDGE', NULL, 'CITY OF BLUE RIDGE', '0010677', 110428.00, 0, 'FANNIN COUNTY', 0, '', 0, '2019-10-03', '2020-01-31', NULL, '', 2, NULL, NULL, NULL, NULL, NULL, NULL, NULL, NULL, NULL, NULL, '2025-01-16 23:02:38', '2025-01-16 23:11:11', NULL, 28, NULL, 96, NULL, NULL),
(216, '0010688', 'CCC38001', '', 'CITY OF YOUNG HARRIS WALKER STREET SIDEWALK PROJECT', 'CITY OF YOUNG HARRIS WALKER STREET SIDEWALK PROJECT', NULL, 'GDOT', '0010688', 58871.00, 0, 'TOWNS', 0, '', 0, '2019-08-30', '2020-02-26', NULL, '', 2, NULL, NULL, NULL, NULL, NULL, NULL, NULL, NULL, NULL, NULL, '2025-01-16 23:21:50', '2025-01-16 23:23:46', NULL, 28, NULL, 68, NULL, NULL),
(217, '17-002/01-21', 'CCC38002', '00100', 'DOWNTOWN PARK IMPROVEMENTS FINAL PHASE', 'DOWNTOWN PARK IMPROVEMENTS FINAL PHASE', NULL, 'COLWELL CONSTRUCTION COMPANY', '17-002/01-21', 46025.20, 0, 'CITY OF BALDWIN', 0, '', 0, '2021-08-04', '2022-12-02', NULL, '', 2, NULL, NULL, NULL, NULL, NULL, NULL, NULL, NULL, NULL, NULL, '2025-01-16 23:36:30', '2025-01-17 01:01:47', NULL, 28, NULL, 97, NULL, NULL),
(218, 'M006344', 'COM34016', 'B1CBA2302539-0', 'M006344 MORGAN, OGLETHORPE', 'M006344 MORGAN, OGLETHORPE', NULL, 'GDOT', '290-SUB06', 12400.00, 1, 'MORGAN, OGLETHORPE', 0, '', 0, '2024-03-05', '2025-03-31', NULL, '', 1, NULL, NULL, NULL, NULL, NULL, NULL, NULL, NULL, NULL, NULL, '2025-01-17 01:12:18', '2025-01-17 20:19:47', NULL, 29, NULL, 98, NULL, NULL),
(219, '48400-DOT0002823', 'COM34014', '48400-DOT0002823', 'ITB Morgan Co - SR 83 - App Slab', 'ITB Morgan Co - SR 83 - App Slab', NULL, 'GDOT', '287-SUB03', 41300.00, 1, 'MORGAN', 0, '', 0, '2023-10-11', '2023-10-21', NULL, '', 2, NULL, NULL, NULL, NULL, NULL, NULL, NULL, NULL, NULL, NULL, '2025-01-17 01:29:46', '2025-01-17 01:30:43', NULL, 29, NULL, 46, NULL, NULL),
(220, 'M006263', 'COM34013', 'B1CBA2302471-0', 'M006263 BRIDGE REHABILIATION', 'M006263 BRIDGE REHABILIATION', NULL, 'GDOT', '289-SUB09', 23438.00, 1, 'FLOYD, WALKER', 0, '', 0, '2023-09-25', '2025-03-31', NULL, '', 1, NULL, NULL, NULL, NULL, NULL, NULL, NULL, NULL, NULL, NULL, '2025-01-17 01:36:55', '2025-02-17 15:41:06', NULL, 29, NULL, 99, NULL, NULL),
(221, 'M006090', 'COM34011', 'B1CBA2202193-1', 'GORDON BRIDGE REHAB', 'GORDON BRIDGE REHAB', NULL, 'GDOT', '282-SUB04', 30000.00, 1, 'GORDON', 0, '', 0, '2023-03-13', '2023-10-31', NULL, '', 2, NULL, NULL, NULL, NULL, NULL, NULL, NULL, NULL, NULL, NULL, '2025-01-20 13:50:16', '2025-01-20 13:51:42', NULL, 29, NULL, 87, NULL, NULL),
(222, 'M006050', 'COM34010', 'B1CBA2201215-0', 'M006050 APPROACH SLAB REPLACEMENT', 'M006050 APPROACH SLAB REPLACEMENT', NULL, 'C. W. MATTHEWS CONTRACTING CO', '272-SUB02', 307360.00, 1, 'FULTON', 0, '', 0, '2022-05-26', '2023-01-31', NULL, '', 2, NULL, NULL, NULL, NULL, NULL, NULL, NULL, NULL, NULL, NULL, '2025-01-20 14:00:17', '2025-01-20 14:04:45', NULL, 29, NULL, 8, NULL, NULL),
(223, 'M006076', 'COM34009', 'B1CBA2102129-0', 'M006076 BRIDGE REHABILITATION', 'M006076 BRIDGE REHABILITATION', NULL, 'GDOT', '264-SUB05', 111288.00, 1, 'COBB, FULTON', 0, '', 0, '2021-11-19', '2022-10-31', NULL, '', 2, NULL, NULL, NULL, NULL, NULL, NULL, NULL, NULL, NULL, NULL, '2025-01-20 14:07:05', '2025-01-20 14:28:49', NULL, 29, NULL, 100, NULL, NULL),
(224, 'M006152', 'COM34007', 'B1CBA2100891-0', 'M006152 BRIDGE REHABILITATION ON I-475/SR 408', 'M006152 BRIDGE REHABILITATION ON I-475/SR 408', NULL, 'GDOT', '260-SUB05', 6000.00, 1, 'MONROE', 0, '', 0, '2021-04-26', '2021-08-31', NULL, '', 2, NULL, NULL, NULL, NULL, NULL, NULL, NULL, NULL, NULL, NULL, '2025-01-20 14:31:26', '2025-01-20 14:32:02', NULL, 29, NULL, 101, NULL, NULL),
(225, 'NA', 'COM34004', '', 'SR 316 EMERGENCY PROJECT', 'SR 316 EMERGENCY PROJECT', NULL, 'GDOT', '250-SUB03', 118420.00, 1, 'GWINNETT', 0, '', 0, '2020-02-20', '2021-02-20', NULL, '', 2, NULL, NULL, NULL, NULL, NULL, NULL, NULL, NULL, NULL, NULL, '2025-01-20 14:49:35', '2025-01-20 14:52:35', NULL, 29, NULL, 14, NULL, NULL),
(226, 'M005947', 'COM34003', 'B1CBA1902044-0', 'M005947 FULTON', 'M005947 FULTON', NULL, 'GDOT', '248-SUB04', 66950.00, 1, 'FULTON', 0, '', 0, '2020-06-04', '2020-07-31', NULL, '', 2, NULL, NULL, NULL, NULL, NULL, NULL, NULL, NULL, NULL, NULL, '2025-01-20 14:57:49', '2025-01-20 15:29:07', NULL, 29, NULL, 8, NULL, NULL),
(227, 'M005701', 'COM34000', 'B1CBA1800985-0', 'M005701 DADE GORDON WHITEFIELD', 'M005701 DADE GORDON WHITEFIELD', NULL, 'GDOT', '236-SUB04', 293064.00, 1, 'DADE GORDON WHITEFIELD', 0, '', 0, '2019-01-10', '2019-01-31', NULL, '', 2, NULL, NULL, NULL, NULL, NULL, NULL, NULL, NULL, NULL, NULL, '2025-01-20 15:32:44', '2025-01-20 15:35:34', NULL, 29, NULL, 102, NULL, NULL),
(228, '0006328', 'SB62002', 'B3CBA2101559-0', 'B3CBA2101559-0 BRIDGE CONSTRUCTION BRAMPTON ROAD CONNECTOR SBC JOB NO 732', 'B3CBA2101559-0 BRIDGE CONSTRUCTION BRAMPTON ROAD CONNECTOR SBC JOB NO 732', NULL, 'GDOT', '732', 625126.00, 1, 'CHATHAM', 0, '', 0, '2022-08-29', '2025-05-31', NULL, '', 1, NULL, NULL, NULL, NULL, NULL, NULL, NULL, NULL, NULL, NULL, '2025-01-20 19:07:46', '2025-01-20 20:52:21', NULL, 42, NULL, 28, NULL, NULL),
(229, '0009011', 'ERS05034', 'B3CBA2100843-0', 'US 441 SR 53 WIDENING', 'US 441 SR 53 WIDENING', NULL, 'GDOT', '60261', 1272788.06, 1, 'OCONEE', 0, '', 1, '2021-04-27', '2024-06-30', NULL, '', 1, NULL, NULL, NULL, NULL, NULL, NULL, NULL, NULL, NULL, NULL, '2025-01-20 19:47:08', '2025-02-05 16:16:50', NULL, 5, NULL, 16, NULL, NULL),
(230, '522570', 'REEV50020', 'B1CBA2402253-0', 'Liberty Connector US84/SR38', 'Liberty Connector US84/SR38', NULL, 'GDOT', '10340586', 80089.50, 1, 'LIBERTY', 0, '', 1, '2025-01-20', '2027-03-31', NULL, '', 1, NULL, NULL, NULL, NULL, NULL, NULL, NULL, NULL, NULL, NULL, '2025-01-21 16:04:09', '2025-02-28 13:41:40', NULL, 9, NULL, 75, NULL, NULL),
(231, '0013918', 'CWM04108', '404600', 'I-285 & I-20 WEST INTERCHANGE', 'I-285 & I-20 WEST INTERCHANGE', NULL, 'GDOT', '3149', 2375824.00, 1, 'COBB, FULTON', 0, '', 1, '2025-01-23', '2030-06-30', NULL, '', 1, NULL, NULL, NULL, NULL, NULL, NULL, NULL, NULL, NULL, NULL, '2025-01-23 21:24:57', '2025-02-10 20:11:44', NULL, 7, NULL, 100, NULL, NULL),
(232, 'M006524', 'PC25031', '', 'SR 154 M006524', 'SR 154 M006524', NULL, 'GDOT', '1885', 3154.00, 1, 'DEKALB', 0, '', 1, '2025-01-24', '2025-08-31', NULL, '', 1, NULL, NULL, NULL, NULL, NULL, NULL, NULL, NULL, NULL, NULL, '2025-01-24 20:11:14', '2025-02-14 19:33:22', NULL, 12, NULL, 2, NULL, NULL),
(233, '409906', 'CWM04109', '24-0121-5', '2024 PAVEMENT RESURFACING OF COUNTY ROADS', '2024 PAVEMENT RESURFACING OF COUNTY ROADS', NULL, 'COBB COUNTY DEAPARTMENT OF TRANSPORTATION', '3165', 105040.00, 1, 'CHATHAM', 1, '', 0, '2025-01-24', '2025-06-30', NULL, '', 1, NULL, NULL, NULL, NULL, NULL, NULL, NULL, NULL, NULL, NULL, '2025-01-24 20:27:42', '2025-01-30 13:32:17', NULL, 7, NULL, 28, NULL, NULL),
(237, '0013751', 'CSC70005', 'B1CBA2402631-0', 'BRIDGE REPLACEMENT ON SR81 OVER DRIED INDIAN CREEK', 'BRIDGE REPLACEMENT ON SR81 OVER DRIED INDIAN CREEK', NULL, 'GDOT', 'NA', 78118.00, 1, 'NEWTON', 0, '', 1, '2025-01-27', '2026-05-31', NULL, '', 0, NULL, NULL, NULL, NULL, NULL, NULL, NULL, NULL, NULL, NULL, '2025-01-30 14:29:49', '2025-01-30 14:38:05', NULL, 25, NULL, 54, NULL, NULL),
(238, '0007055', 'ERS05078', 'B1CBA2402183-2', 'SR180 BRIDGE', 'SR180 BRIDGE', NULL, 'GDOT', '60394', 68527.16, 1, 'UNION', 0, '', 1, '2025-01-28', '2026-12-31', NULL, '', 1, NULL, NULL, NULL, NULL, NULL, NULL, NULL, NULL, NULL, NULL, '2025-01-30 14:41:16', '2025-02-28 19:46:22', NULL, 5, NULL, 103, NULL, NULL),
(239, 'M004985', 'CWM04000', 'B1CBA1601506-0', 'MILL INLAY PLANTMIX RESURF SINGLE SURF TRTMT PAVING SR 1', 'MILL INLAY PLANTMIX RESURF SINGLE SURF TRTMT PAVING SR 1', NULL, 'GDOT', '32274', 3600.00, 1, 'TROUP', 1, '', 0, '2016-03-07', '2017-03-07', NULL, '', 2, NULL, NULL, NULL, NULL, NULL, NULL, NULL, NULL, NULL, NULL, '2025-01-30 16:05:08', '2025-02-11 20:28:35', NULL, 7, NULL, 49, NULL, NULL),
(240, '0015537', 'WRB21007', 'B1CBA2200986-0', 'US27/SR 1 BRIDGE REPLACEMENT', 'US27/SR 1 BRIDGE REPLACEMENT', NULL, 'GDOT', '01-0674', 336384.54, 1, 'CARROLL', 0, '', 1, '2022-05-19', '2024-05-31', NULL, '', 2, NULL, NULL, NULL, NULL, NULL, NULL, NULL, NULL, NULL, NULL, '2025-01-30 17:08:51', '2025-02-14 16:17:50', NULL, 36, NULL, 24, NULL, NULL),
(241, '0015096', 'WRB21008', '23-06', 'CR 511/Brown Bridge Road over Yellow River', 'CR 511/Brown Bridge Road over Yellow River', NULL, 'NEWTON CO GA BOARD OF COMMISSIONERS', '01-0697', 449417.53, 0, 'NEWTON', 0, '', 0, '2023-02-11', '2025-09-30', NULL, '', 1, NULL, NULL, NULL, NULL, NULL, NULL, NULL, NULL, NULL, NULL, '2025-01-30 18:27:43', '2025-01-30 19:34:02', NULL, 36, NULL, 54, NULL, NULL),
(242, '0015538', 'WRB21010', 'B1CBA2302760-0', 'US 41 BRIDGE OVER PEAVINE CRK', 'US 41 BRIDGE OVER PEAVINE CRK', NULL, 'GDOT', '01-0745', 191315.46, 1, 'CATOOSA', 0, '', 0, '2024-01-23', '2026-04-30', NULL, '', 1, NULL, NULL, NULL, NULL, NULL, NULL, NULL, NULL, NULL, NULL, '2025-01-30 19:12:05', '2025-01-30 19:33:24', NULL, 36, NULL, 104, NULL, NULL),
(243, '0013943', 'WRB21006', 'B1CBA2101793-0', 'US 27-SR 1 BR REPLACEMENT', 'US 27-SR 1 BR REPLACEMENT', NULL, 'GDOT', '01-0626', 127891.75, 1, 'WALKER', 0, '', 0, '2021-09-13', '2023-04-30', NULL, '', 2, NULL, NULL, NULL, NULL, NULL, NULL, NULL, NULL, NULL, NULL, '2025-01-30 19:55:50', '2025-01-30 20:08:54', NULL, 36, NULL, 105, NULL, NULL),
(244, '0013363', 'WRB21005', 'B1CBA2002011-0', 'SR 81 BRIDGE', 'SR 81 BRIDGE', NULL, 'GDOT', '01-0612', 74793.00, 1, 'HENRY, NEWTON', 0, '', 0, '2020-09-22', '2021-11-30', NULL, '', 2, NULL, NULL, NULL, NULL, NULL, NULL, NULL, NULL, NULL, NULL, '2025-01-30 20:24:36', '2025-01-30 21:12:08', NULL, 36, NULL, 106, NULL, NULL),
(245, '0005530', 'WRB21003', 'B3BCBA1801525-0', 'CHATTOOGA', 'CHATTOOGA', NULL, 'GDOT', 'BID-20', 79164.00, 1, 'CHATTOOGA', 0, '', 0, '2018-08-14', '2023-05-31', NULL, '', 2, NULL, NULL, NULL, NULL, NULL, NULL, NULL, NULL, NULL, NULL, '2025-01-30 22:09:13', '2025-01-30 22:11:32', NULL, 36, NULL, 107, NULL, NULL),
(246, 'NA', 'WRB21002', 'NA', 'BARTOW CITY LAKEPOINT PARKWAY EXTENSION', 'BARTOW CITY LAKEPOINT PARKWAY EXTENSION', NULL, 'WRIGHT BROTHERS CONSTRUCTION', '01-0519', 967787.21, 0, 'BARTOW', 0, '', 0, '2018-03-20', '2019-10-31', NULL, '', 2, NULL, NULL, NULL, NULL, NULL, NULL, NULL, NULL, NULL, NULL, '2025-01-30 22:16:16', '2025-01-30 22:25:10', NULL, 36, NULL, 108, NULL, NULL),
(247, '0009860', 'WRB21001', 'B1CBA1701318-0', 'US 41 BRIDGE REPLACEMENT', 'US 41 BRIDGE REPLACEMENT', NULL, 'GDOT', '01-0505', 74744.00, 1, 'BARTOW', 0, '', 0, '2017-09-27', '2019-10-31', NULL, '', 2, NULL, NULL, NULL, NULL, NULL, NULL, NULL, NULL, NULL, NULL, '2025-01-31 13:36:24', '2025-02-14 16:29:03', NULL, 36, NULL, 108, NULL, NULL),
(248, '0016108', 'WCM69000', 'B1CBA2301170-0', 'Construction of a roundabout on SR 16 at Columbia Dr and Brumbelow Rd', 'Construction of a roundabout on SR 16 at Columbia Dr and Brumbelow Rd', NULL, 'GDOT', 'NA', 604787.00, 1, 'CARROLL', 0, '', 1, '2023-02-21', '2024-10-31', NULL, '', 1, NULL, NULL, NULL, NULL, NULL, NULL, NULL, NULL, NULL, NULL, '2025-01-31 14:56:53', '2025-01-31 15:05:52', NULL, 43, NULL, 24, NULL, NULL),
(249, '0013209', 'WIL37000', 'B1CBA1901648-0', 'ON SR139 AND SR402', 'ON SR139 AND SR402', NULL, 'GDOT', '001-0', 56270.00, 1, 'FULTON', 0, '', 0, '2020-03-03', '2021-03-03', NULL, '', 2, NULL, NULL, NULL, NULL, NULL, NULL, NULL, NULL, NULL, NULL, '2025-01-31 15:34:29', '2025-02-17 14:42:16', NULL, 44, NULL, 8, NULL, NULL),
(250, '522200', 'UIG49008', '', 'US1 SR4 SWIFT CREEK', 'US1 SR4 SWIFT CREEK', NULL, 'GDOT', '2406', 221172.00, 1, 'TOOMBS', 0, '', 0, '2024-06-10', '2025-06-10', NULL, '', 1, NULL, NULL, NULL, NULL, NULL, NULL, NULL, NULL, NULL, NULL, '2025-02-03 21:28:20', '2025-02-14 16:19:22', NULL, 45, NULL, 109, NULL, NULL),
(251, '0019197', 'UIG49007', 'B3TIA2302211-0', 'SR 4 GREEN OAK ROAD RD EXT MCDILDA RD', 'SR 4 GREEN OAK ROAD RD EXT MCDILDA RD', NULL, 'GDOT', '2308', 855413.00, 1, 'TOOMBS', 0, '', 0, '2023-07-24', '2026-05-31', NULL, '', 1, NULL, NULL, NULL, NULL, NULL, NULL, NULL, NULL, NULL, NULL, '2025-02-03 21:52:15', '2025-02-12 14:34:43', NULL, 45, NULL, 109, NULL, NULL),
(252, '0015623', 'UIG49006', 'B1CBA2301890-0', 'BRIDGE AND APPROACHES ON HARRISON ROAD (CR 48)', 'BRIDGE AND APPROACHES ON HARRISON ROAD (CR 48)', NULL, 'GDOT', '2307-0004', 85330.96, 1, 'JENKINS', 0, '', 0, '2023-07-08', '2024-05-31', NULL, '', 1, NULL, NULL, NULL, NULL, NULL, NULL, NULL, NULL, NULL, NULL, '2025-02-04 13:34:05', '2025-02-04 13:35:25', NULL, 45, NULL, 110, NULL, NULL),
(253, '0012867', 'ERS05079', '24-213', 'AGUSTA -COA- WHEELER SUM OUT', 'AGUSTA -COA- WHEELER SUM OUT', NULL, 'CITY OF AUGUTA', '50449', 851574.43, 0, 'RICHMOND', 0, '', 0, '2025-02-04', '2026-08-06', NULL, '', 1, NULL, NULL, NULL, NULL, NULL, NULL, NULL, NULL, NULL, NULL, '2025-02-04 19:39:53', '2025-02-28 19:46:29', NULL, 5, NULL, 35, NULL, NULL),
(254, 'TEST000001', 'TTC00000000001', 'TestTest0001', 'TESTING PROJECT FOR SOFTWARE', 'TESTING PROJECT FOR SOFTWARE', 'undefined', 'C&G CONCRETE', '00011122223333', 443928.04, 1, 'FULTON', 0, '', 1, '2024-10-01', '2025-04-01', '2025-12-05', 'Andres Iglesias', 1, 'undefined', 'undefined', 0.00, 0.00, 0, '', 1, 10.00, 5.00, 10.00, '2025-02-10 16:43:27', '2025-12-06 16:03:20', '2025-11-19 02:09:32', 46, NULL, 8, NULL, NULL),
(255, 'M006468', 'CWM04110', 'B1CBA2402829-0', 'SR 314 MILL INLAY RESURFACE', 'SR 314 MILL INLAY RESURFACE', NULL, 'GDOT', '3186', 53916.00, 1, 'CLAYTON', 1, '', 1, '2025-02-06', '2025-12-30', NULL, '', 1, NULL, NULL, NULL, NULL, NULL, NULL, NULL, NULL, NULL, NULL, '2025-02-10 20:16:27', '2025-02-10 20:18:25', NULL, 7, NULL, 22, NULL, NULL),
(256, '0013939', 'ERS05031', 'B1CBA2100889-0', 'SR 59 BRIDGE', 'SR 59 BRIDGE REPLACEMENT', 'undefined', 'GDOT', '60257', 144625.00, 1, 'FRANKLIN', 0, '', 0, '2021-04-16', '2022-11-30', '2025-11-28', '', 1, 'undefined', 'undefined', 0.00, 0.00, 0, '', NULL, NULL, NULL, NULL, '2025-02-10 20:26:00', '2025-11-15 15:06:27', '2025-11-15 15:06:27', 5, NULL, 73, NULL, NULL),
(257, '0013697', 'CWM04066', 'B1CBA2201793-0', 'efrewrewr', 'CONSTRUCTION OF A ROUNDABOUT ON SR 18 @ JACKSON LAKE RD/SNAPPING SHOALS ROAD', NULL, 'GDOT', '12819', 348587.00, 1, 'HENRY', 0, '', 0, '2022-01-08', '2025-05-31', NULL, '', 1, NULL, NULL, NULL, NULL, NULL, NULL, NULL, NULL, NULL, NULL, '2025-02-11 20:37:56', '2025-04-19 01:53:32', NULL, 7, NULL, 11, NULL, NULL),
(259, '0012757 & 0012758', 'SAV57000', '', 'MMIP PROJECT', 'I-16 & I-95 MMIP PROJECT', NULL, 'GDOT', 'SMC-056-S', 1435095.12, 1, 'CHATHAM', 0, '', 0, '2020-10-02', '2025-10-31', NULL, '', 3, NULL, NULL, NULL, NULL, NULL, NULL, NULL, NULL, NULL, NULL, '2025-02-11 21:19:30', '2025-06-06 22:44:03', NULL, 47, NULL, 28, NULL, NULL),
(260, '24112201', 'PC25032', 'B1CBA2402749-0', 'SR 15', 'SR 15 ', NULL, 'GDOT', '1886', 6050.00, 1, 'GREENE', 0, '', 1, '2025-01-31', '2025-10-31', NULL, '', 1, NULL, NULL, NULL, NULL, NULL, NULL, NULL, NULL, NULL, NULL, '2025-02-13 14:10:07', '2025-08-02 00:01:38', NULL, 12, NULL, 111, NULL, NULL),
(262, 'CSBRG-0007-00(050)', 'GAB', 'B3CBA1601188-0', 'PULASKI', 'PULASKI', NULL, 'GDOT', 'CSBRG-0007-00(050)', 24160.00, 1, 'PULASKI', 0, '', 0, '2016-07-20', '2017-07-20', NULL, '', 2, NULL, NULL, NULL, NULL, NULL, NULL, NULL, NULL, NULL, NULL, '2025-02-13 15:39:03', '2025-08-19 00:20:27', NULL, 48, NULL, 112, NULL, NULL),
(263, 'M006213', 'CWM04067', 'B1CBA2201852-0', 'SR 26 MILL/INLAY/RESURF', 'SR 26 MILL/INLAY/RESURF', NULL, 'GDOT', '32818', 55425.00, 1, 'CHATHAM', 1, '', 0, '2022-07-25', '2023-04-30', NULL, '', 2, NULL, NULL, NULL, NULL, NULL, NULL, NULL, NULL, NULL, NULL, '2025-02-13 19:20:46', '2025-08-22 21:02:56', NULL, 7, NULL, 28, NULL, NULL),
(264, 'IFB-C-1220225', 'CWM04065', '', 'AIRFIELD SEWERS ENHANCEMENTS GRADES 4&5', 'AIRFIELD SEWERS ENHANCEMENTS GRADES 4&5', NULL, 'CITY OF ATLANTA', '278520', 0.00, 0, 'CLAYTON', 0, '', 0, '2022-08-08', '2023-08-08', NULL, '', 2, NULL, NULL, NULL, NULL, NULL, NULL, NULL, NULL, NULL, NULL, '2025-02-13 19:52:19', '2025-08-22 21:07:02', NULL, 7, NULL, 22, NULL, NULL),
(265, '001757', 'CWM04064', '', 'SR 400 PHASE', 'SR 400 PHASE 1 DESIGN BUILD PROJECT', 'undefined', 'GDOT', '162816', 1296162.00, 1, 'FULTON', 0, '', 0, '2022-08-22', '2025-08-07', NULL, '', 1, 'undefined', 'undefined', NULL, NULL, NULL, NULL, NULL, NULL, NULL, NULL, '2025-02-13 20:41:56', '2025-09-06 19:38:39', NULL, 7, NULL, 8, NULL, NULL),
(266, 'M006343', 'CWM04063', 'B1CBA2201991-0', 'SR 16 MILL/INLAY/RESURF', 'SR 16 MILL/INLAY/RESURF', NULL, 'GDOT', '32828', 3400.00, 1, 'CARROLL', 1, '', 0, '2022-08-18', '2023-05-31', NULL, '', 2, NULL, NULL, NULL, NULL, NULL, NULL, NULL, NULL, NULL, NULL, '2025-02-13 21:31:36', '2025-02-14 19:30:16', NULL, 7, NULL, 24, NULL, NULL),
(268, '0014170, M006227', 'CWM04062', 'B1CBA2201414-0', 'SR 22 SPUR MILL/INLAY/RESURFACING', 'SR 22 SPUR MILL/INLAY/RESURFACING', NULL, 'GDOT', '12798', 286150.00, 1, 'MUSCOGEE', 1, '', 0, '2022-06-24', '2024-08-31', NULL, '', 2, NULL, NULL, NULL, NULL, NULL, NULL, NULL, NULL, NULL, NULL, '2025-02-14 15:33:26', '2025-02-14 15:41:18', NULL, 7, NULL, 17, NULL, NULL),
(269, '0006857, 0006866', 'CWM04061', 'B1CBA2201375-0', 'SR 92 WIDENING & RECONST.', 'SR 92 WIDENING & RECONST.', NULL, 'GDOT', '12796', 1095904.00, 1, 'COBB, PAULDING', 0, '', 0, '2022-06-07', '2025-06-07', NULL, '', 1, NULL, NULL, NULL, NULL, NULL, NULL, NULL, NULL, NULL, NULL, '2025-02-14 15:43:48', '2025-02-14 15:44:55', NULL, 7, NULL, 113, NULL, NULL),
(270, 'M006292', 'CWM04060', 'B1CBA2201627-0', 'SR 155 MILL/INLAY/RESURF', 'SR 155 MILL/INLAY/RESURF', NULL, 'GDOT', '32811', 108400.00, 1, 'DEKALB', 1, '', 0, '2022-07-06', '2023-03-31', NULL, '', 2, NULL, NULL, NULL, NULL, NULL, NULL, NULL, NULL, NULL, NULL, '2025-02-14 15:46:26', '2025-02-14 19:31:37', NULL, 7, NULL, 2, NULL, NULL),
(271, 'M006285', 'CWM04059', 'B1CBA2201614-0', 'SR 3 MILL/INLAY/RESURF', 'SR 3 MILL/INLAY/RESURF', NULL, 'GDOT', '32813', 19100.00, 1, 'FULTON', 1, '', 0, '2022-06-30', '2023-03-31', NULL, '', 2, NULL, NULL, NULL, NULL, NULL, NULL, NULL, NULL, NULL, NULL, '2025-02-14 16:00:03', '2025-02-14 18:02:56', NULL, 7, NULL, 8, NULL, NULL),
(272, 'SPLOST CW18-05A', 'CWM04058', '22-15', 'S. HOUSTON LAKE RD & FEAGIN MILL INTERSECTION RESURF', 'S. HOUSTON LAKE RD & FEAGIN MILL INTERSECTION RESURF', NULL, 'HOUSTON COUNTY BOARD OF COMMISSIONERS', '12807', 271465.00, 0, 'HOUSTON', 1, '', 0, '2022-04-11', '2023-04-11', NULL, '', 2, NULL, NULL, NULL, NULL, NULL, NULL, NULL, NULL, NULL, NULL, '2025-02-14 16:23:38', '2025-02-14 16:44:02', NULL, 7, NULL, 4, NULL, NULL),
(273, 'SPLOST CW12-02', 'CWM04056', '22-03', 'ELBERTA RD PH 1 IMPROVEMENTS', 'ELBERTA RD PH 1 IMPROVEMENTS', NULL, 'HOUSTON COUNTY BOARD OF COMMISSIONERS', '12805', 937982.00, 0, 'HOUSTON', 0, '', 0, '2022-04-27', '2025-06-01', NULL, '', 1, NULL, NULL, NULL, NULL, NULL, NULL, NULL, NULL, NULL, NULL, '2025-02-14 22:20:09', '2025-02-17 16:27:14', NULL, 7, NULL, 4, NULL, NULL),
(274, 'M006290', 'CWM04055', 'B1CBA2201024-0', 'SR 280 MILL/INLAY/RESURF', 'SR 280 MILL/INLAY/RESURF', NULL, 'GDOT', '32801', 163225.00, 1, 'COBB', 1, '', 0, '2022-04-01', '2022-12-31', NULL, '', 2, NULL, NULL, NULL, NULL, NULL, NULL, NULL, NULL, NULL, NULL, '2025-02-17 18:23:48', '2025-02-17 18:56:00', NULL, 7, NULL, 12, NULL, NULL),
(275, '0016440', 'CWM04054', 'B3CBA2200993-0', 'RECONST/REHAB FOR TURN LANES ON SR 22 @ SR 85', 'RECONST/REHAB FOR TURN LANES ON SR 22 @ SR 85', NULL, 'GDOT', '12775', 60944.00, 1, 'MUSCOGEE', 0, '', 0, '2022-04-05', '2023-03-31', NULL, '', 2, NULL, NULL, NULL, NULL, NULL, NULL, NULL, NULL, NULL, NULL, '2025-02-17 19:10:26', '2025-02-17 19:19:08', NULL, 7, NULL, 17, NULL, NULL),
(276, 'M006222', 'CWM04052', 'B1CBA2201038-0', 'MILL, INLAY, RESURFACING SR 113', 'MILL, INLAY, RESURFACING SR 113', NULL, 'GDOT', '32773', 6375.00, 1, 'CARROLL', 1, '', 0, '2022-03-24', '2022-12-31', NULL, '', 2, NULL, NULL, NULL, NULL, NULL, NULL, NULL, NULL, NULL, NULL, '2025-02-17 19:29:35', '2025-02-17 19:30:31', NULL, 7, NULL, 24, NULL, NULL),
(277, '0012577', 'CWM04051', 'B3TIA1902107-1', 'I-85 / SR 411 @BUENA VISTA RD DDI', 'I-85 / SR 411 @BUENA VISTA RD DDI', NULL, 'GDOT', '52604', 78425.50, 1, 'MUSCOGEE', 0, '', 0, '2022-03-15', '2023-05-31', NULL, '', 2, NULL, NULL, NULL, NULL, NULL, NULL, NULL, NULL, NULL, NULL, '2025-02-17 19:51:33', '2025-02-17 19:54:20', NULL, 7, NULL, 17, NULL, NULL),
(278, 'M006096', 'CWM04050', 'B1CBA2201020-0', 'SR 83 MILL/RESURF/SHLDER REHAB', 'SR 83 MILL/RESURF/SHLDER REHAB', NULL, 'GDOT', '32774', 76550.00, 1, 'MONROE', 1, '', 0, '2022-03-24', '2022-12-31', NULL, '', 2, NULL, NULL, NULL, NULL, NULL, NULL, NULL, NULL, NULL, NULL, '2025-02-17 19:58:08', '2025-02-17 20:23:50', NULL, 7, NULL, 101, NULL, NULL),
(279, 'M006286', 'CWM04049', 'B1CBA2102185-0', 'SR 3 CONN MILL/INLAY/RESURF', 'SR 3 CONN MILL/INLAY/RESURF', NULL, 'GDOT', '32766', 22800.00, 1, 'COBB', 1, '', 0, '2022-02-17', '2022-11-30', NULL, '', 2, NULL, NULL, NULL, NULL, NULL, NULL, NULL, NULL, NULL, NULL, '2025-02-17 20:31:19', '2025-02-17 20:47:41', NULL, 7, NULL, 12, NULL, NULL),
(280, 'M005990', 'CWM04048', 'B1CBA2102169-0', 'MILL INLAY RESURFACING', 'MILL INLAY RESURFACING', NULL, 'GDOT', '32768', 197200.00, 1, 'DEKALB', 1, '', 0, '2022-02-18', '2022-11-30', NULL, '', 2, NULL, NULL, NULL, NULL, NULL, NULL, NULL, NULL, NULL, NULL, '2025-02-17 20:51:33', '2025-02-18 13:19:05', NULL, 7, NULL, 2, NULL, NULL),
(281, 'M006082', 'CWM04047', 'B1CBA2102175-0', 'MILL INLAY RESURFACING & SHOULDER REHAB', 'MILL INLAY RESURFACING & SHOULDER REHAB', NULL, 'GDOT', '32765', 4050.00, 1, 'CHATHAM', 1, '', 0, '2022-02-18', '2022-11-30', NULL, '', 2, NULL, NULL, NULL, NULL, NULL, NULL, NULL, NULL, NULL, NULL, '2025-02-18 13:16:14', '2025-02-18 13:17:41', NULL, 7, NULL, 28, NULL, NULL),
(282, 'M006391', 'ECA72001', 'B1CBA2301707-0', 'RESURFACING SR40', 'RESURFACING SR40', NULL, 'GDOT', 'NA', 58500.00, 1, 'CAMDEN', 1, '', 1, '2024-01-04', '2024-06-30', NULL, '', 2, NULL, NULL, NULL, NULL, NULL, NULL, NULL, NULL, NULL, NULL, '2025-02-19 21:42:29', '2025-02-19 21:45:21', NULL, 33, NULL, 114, NULL, NULL),
(283, 'IFB-C-1210316', 'CWM04046', '', 'SOUTH CARGO BUILDING A PARKING LOT EXPANSION', 'SOUTH CARGO BUILDING A PARKING LOT EXPANSION', NULL, 'CITY OF ATLANTA', '162718', 401014.00, 0, 'HJAIA- CITY OF ATLANTA', 0, '', 0, '2021-12-03', '2022-05-12', NULL, '', 2, NULL, NULL, NULL, NULL, NULL, NULL, NULL, NULL, NULL, NULL, '2025-02-25 21:03:01', '2025-02-25 21:27:19', NULL, 7, NULL, 115, NULL, NULL),
(284, '0015686', 'CWM04073', 'B1CBA2201575-1', 'CONSTR OF A ROUNDABOUT US41/SR247', 'CONSTR OF A ROUNDABOUT US41/SR247', NULL, 'GDOT', '12859', 475031.00, 1, 'BIBB', 0, '', 1, '2022-12-07', '2024-10-31', NULL, '', 1, NULL, NULL, NULL, NULL, NULL, NULL, NULL, NULL, NULL, NULL, '2025-02-25 22:18:34', '2025-02-25 22:51:18', NULL, 7, NULL, 5, NULL, NULL),
(285, 'FC-9142', 'CWM04045', '', 'CARGO MAINTENANCE BUILDING', 'CARGO MAINTENANCE BUILDING', NULL, 'CITY OF ATLANTA', '270020', 0.00, 0, 'HJAIA', 0, '', 0, '2021-11-17', '2025-11-17', NULL, '', 1, NULL, NULL, NULL, NULL, NULL, NULL, NULL, NULL, NULL, NULL, '2025-02-25 22:59:16', '2025-02-25 23:16:53', NULL, 7, NULL, 20, NULL, NULL),
(286, '0017038', 'CWM04044', 'B3CBA2101268-0', 'SR 5 WIDENING & RECONSTRUCTION', 'SR 5 WIDENING & RECONSTRUCTION', NULL, 'GDOT', '12682', 469862.00, 1, 'FANNIN', 0, '', 1, '2021-11-01', '2022-10-31', NULL, '', 2, NULL, NULL, NULL, NULL, NULL, NULL, NULL, NULL, NULL, NULL, '2025-02-26 01:38:16', '2025-02-26 01:40:58', NULL, 7, NULL, 40, NULL, NULL),
(287, '72120', 'COLD40007', '2025-009', 'DAMASCUS ROAD AT UPPER BETHANT ROAD', 'DAMASCUS ROAD AT UPPER BETHANT ROAD', NULL, 'GDOT', '72120', 21725.00, 1, 'CHEROKEE', 0, '', 0, '2025-02-27', '2025-06-27', NULL, '', 1, NULL, NULL, NULL, NULL, NULL, NULL, NULL, NULL, NULL, NULL, '2025-02-27 21:20:56', '2025-02-27 21:25:29', NULL, 35, NULL, 30, NULL, NULL),
(288, '461-24', 'COLD40008', '', 'HARBOUR RIDGE PAVING PROJECT', 'HARBOUR RIDGE PAVING PROJECT', NULL, 'DAWSON COUNTY BOARD OF COMMISSIONERS', 'NA', 7600.00, 0, 'DAWSON', 0, '', 0, '2025-02-27', '2025-06-27', NULL, '', 1, NULL, NULL, NULL, NULL, NULL, NULL, NULL, NULL, NULL, NULL, '2025-02-27 21:27:35', '2025-02-27 21:30:52', NULL, 35, NULL, 116, NULL, NULL),
(289, 'M006497', 'CWM04105', 'B1CBA2402810-0', 'MILL INLAY RESURFACING SR 74', 'MILL INLAY RESURFACING SR 74', NULL, 'GDOT', '3185', 41200.00, 1, 'BIBB', 1, '', 1, '2025-02-06', '2025-11-30', NULL, '', 0, NULL, NULL, NULL, NULL, NULL, NULL, NULL, NULL, NULL, NULL, '2025-02-28 14:36:45', '2025-02-28 14:37:40', NULL, 7, NULL, 5, NULL, NULL);
INSERT INTO `project` (`project_id`, `project_id_number`, `project_number`, `proposal_number`, `name`, `description`, `location`, `owner`, `subcontract`, `contract_amount`, `federal_funding`, `county`, `resurfacing`, `invoice_contact`, `certified_payrolls`, `start_date`, `end_date`, `due_date`, `manager`, `status`, `po_number`, `po_cg`, `concrete_quote_price`, `concrete_quote_price_escalator`, `concrete_time_period_every_n`, `concrete_time_period_unit`, `retainage`, `retainage_percentage`, `retainage_adjustment_percentage`, `retainage_adjustment_completion`, `created_at`, `updated_at`, `updated_at_concrete_quote_price`, `company_id`, `inspector_id`, `county_id`, `vendor_id`, `concrete_class_id`) VALUES
(290, 'M006504', 'CWM04111', 'B1CBA2402760-0', 'SR18 MILLING & RESURFACING', 'SR18 MILLING & RESURFACING', NULL, 'GDOT', '3180', 10000.00, 1, 'JONES', 1, '', 1, '2025-02-11', '2025-10-31', NULL, '', 0, NULL, NULL, NULL, NULL, NULL, NULL, NULL, NULL, NULL, NULL, '2025-02-28 14:41:11', '2025-02-28 14:41:42', NULL, 7, NULL, 117, NULL, NULL),
(291, 'NA', 'COM34019', 'EMERGENCY REQUEST', 'PARKWAY OVER I-16 APPROACH SLAB', 'PARKWAY OVER I-16 APPROACH SLAB', NULL, 'C. W. MATTHEWS CONTRACTING CO., INC', '296-SUB02', 68855.00, 1, 'CHATHAM', 0, '', 0, '2025-02-27', '2025-03-31', NULL, '', 1, NULL, NULL, NULL, NULL, NULL, NULL, NULL, NULL, NULL, NULL, '2025-02-28 14:44:29', '2025-02-28 14:46:39', NULL, 29, NULL, 28, NULL, NULL),
(292, 'M006464', 'BP02021', '', 'SR 13 RESURFACING', 'SR 13 RESURFACING', NULL, 'GDOT', '310133-03', 4290.00, 1, 'FULTON', 1, '', 1, '2025-02-18', '2025-10-31', NULL, '', 0, NULL, NULL, NULL, NULL, NULL, NULL, NULL, NULL, NULL, NULL, '2025-02-28 14:49:16', '2025-02-28 14:49:50', NULL, 17, NULL, 8, NULL, NULL),
(293, 'M006419', 'GGC78003', 'B1CBA2402809-0', 'B1CBA2402809-0 Call:019 M006419 ', 'B1CBA2402809-0 Call:019 M006419 ', NULL, 'GDOT', 'M006419', 23360.00, 1, 'TEFLFAIR', 0, '', 0, '2025-02-19', '2025-11-30', NULL, '', 0, NULL, NULL, NULL, NULL, NULL, NULL, NULL, NULL, NULL, NULL, '2025-02-28 14:52:33', '2025-02-28 14:53:31', NULL, 40, NULL, 118, NULL, NULL),
(294, '0013918', 'ERS05080', '', 'WEST INTERCHANGE', 'WEST INTERCHANGE', NULL, 'C. W. MATTHEWS CONTRACTING CO', '60389', 476136.00, 1, 'FULTON/COBB', 0, '', 1, '2025-02-20', '2030-06-30', NULL, '', 1, NULL, NULL, NULL, NULL, NULL, NULL, NULL, NULL, NULL, NULL, '2025-02-28 14:55:12', '2025-02-28 19:46:38', NULL, 5, NULL, 119, NULL, NULL),
(295, 'M006097', 'ERS05037', 'B1CBA2102137-0', 'SR 34 RESURFACING', 'SR 34 RESURFACING', NULL, 'GDOT', '60286', 14000.00, 1, 'COWETA', 1, '', 0, '2022-01-06', '2022-09-30', NULL, '', 2, NULL, NULL, NULL, NULL, NULL, NULL, NULL, NULL, NULL, NULL, '2025-02-28 21:30:37', '2025-02-28 21:35:49', NULL, 5, NULL, 23, NULL, NULL),
(296, '222120', 'ERS05036', 'B3TIA2101474-0', 'JEFFERSON US 1 SOUTH', 'JEFFERSON US 1 SOUTH', NULL, 'GDOT', '60275', 327170.00, 1, 'JEFFERSON', 0, '', 0, '2021-10-06', '2024-06-30', NULL, '', 2, NULL, NULL, NULL, NULL, NULL, NULL, NULL, NULL, NULL, NULL, '2025-02-28 21:40:36', '2025-02-28 21:44:09', NULL, 5, NULL, 7, NULL, NULL),
(297, '0016803', 'ERS05035', 'B1CBA2100829-0', 'LAURENS COUNTY', 'LAURENS COUNTY', NULL, 'GDOT', '0016803', 3600.00, 1, 'LAURENS', 0, '', 0, '2021-05-21', '2021-10-31', NULL, '', 2, NULL, NULL, NULL, NULL, NULL, NULL, NULL, NULL, NULL, NULL, '2025-02-28 21:46:14', '2025-02-28 21:49:11', NULL, 5, NULL, 76, NULL, NULL),
(298, 'M004941', 'ERS05032', 'B1CBA2100986-0', 'US 278 RESURFACING', 'US 278 RESURFACING', NULL, 'GDOT', '602964', 101700.00, 1, 'COBB', 1, '', 0, '2021-04-21', '2022-01-31', NULL, '', 2, NULL, NULL, NULL, NULL, NULL, NULL, NULL, NULL, NULL, NULL, '2025-02-28 21:50:32', '2025-02-28 21:52:03', NULL, 5, NULL, 12, NULL, NULL),
(299, '0013614', 'ERS05029', 'B3CBA2002348-0', 'US 441 WIDENING', 'US 441 WIDENING', NULL, 'GDOT', '60256', 643843.25, 1, 'MORGAN', 0, '', 1, '2021-03-09', '2022-03-10', NULL, '', 2, NULL, NULL, NULL, NULL, NULL, NULL, NULL, NULL, NULL, NULL, '2025-03-03 20:59:26', '2025-03-03 21:11:29', NULL, 5, NULL, 46, NULL, NULL),
(300, 'ITB #20-30', 'ERS05025', '', '2020 SPLOST MILLING & RESURF', '2020 SPLOST MILLING & RESURF', NULL, 'E. R. SNELL', 'ITB #20-30', 137500.00, 0, 'CLAYTON', 0, '', 0, '2020-06-04', '2020-12-01', NULL, '', 2, NULL, NULL, NULL, NULL, NULL, NULL, NULL, NULL, NULL, NULL, '2025-03-03 21:42:27', '2025-03-03 22:04:56', NULL, 5, NULL, 22, NULL, NULL),
(301, 'ITB #20-03', 'ERS05026', '', '2020 SPLOST MILLING & RESURFACING', '2020 SPLOST MILLING & RESURFACING', NULL, 'E. R. SNELL', 'ITB #20-03', 229710.00, 0, 'CLAYTON', 1, '', 0, '2020-06-04', '2020-12-01', NULL, '', 2, NULL, NULL, NULL, NULL, NULL, NULL, NULL, NULL, NULL, NULL, '2025-03-03 22:13:17', '2025-03-03 22:20:19', NULL, 5, NULL, 22, NULL, NULL),
(302, '435435', '34324', '', 'Test', 'WR', 'undefined', 'Test', '43543543', 1001.00, 0, NULL, 0, '', 0, NULL, NULL, '2025-11-28', '', 1, 'undefined', 'undefined', 0.00, 0.00, 0, '', 0, 0.00, 0.00, 0.00, '2025-09-17 02:34:22', '2025-11-29 00:32:20', '2025-09-17 02:34:22', 14, NULL, 59, NULL, NULL),
(303, '345', '345', '', '3246', '2346', 'undefined', '346', '345', 0.00, 0, NULL, 0, '', 0, NULL, NULL, NULL, '', 1, 'undefined', 'undefined', 0.00, 0.00, 0, '', NULL, NULL, NULL, NULL, '2025-09-17 02:55:11', NULL, '2025-09-17 02:55:11', 14, NULL, 45, NULL, NULL);

-- --------------------------------------------------------

--
-- Estructura de tabla para la tabla `project_attachment`
--

CREATE TABLE `project_attachment` (
  `id` int(11) NOT NULL,
  `name` varchar(255) DEFAULT NULL,
  `file` varchar(255) DEFAULT NULL,
  `project_id` int(11) DEFAULT NULL
) ENGINE=InnoDB DEFAULT CHARSET=utf8mb4;

-- --------------------------------------------------------

--
-- Estructura de tabla para la tabla `project_contact`
--

CREATE TABLE `project_contact` (
  `contact_id` int(11) NOT NULL,
  `name` varchar(255) DEFAULT NULL,
  `email` varchar(255) DEFAULT NULL,
  `phone` varchar(50) DEFAULT NULL,
  `role` varchar(255) DEFAULT NULL,
  `notes` text,
  `project_id` int(11) DEFAULT NULL
) ENGINE=InnoDB DEFAULT CHARSET=utf8mb4;

--
-- Volcado de datos para la tabla `project_contact`
--

INSERT INTO `project_contact` (`contact_id`, `name`, `email`, `phone`, `role`, `notes`, `project_id`) VALUES
(1, 'Gustavo Gimenez', '', '', 'Project Manager', '', 32),
(2, 'Gustavo Gimenez', '', '', 'Project Manager', '', 33),
(3, 'Dona Lee Welch', '', '', 'Project Manager', '', 232),
(4, 'Susan Ferguson', '', '', 'Contract Accounts Payable', 'Invoice date schedule, to be paid: 20th or and of month per GDOT', 232),
(5, 'Kyle Marchman', '', '', 'Project Manager and Contract Accounts Payable', 'TBD Invoice Date Schedule', 145),
(6, 'Taylor Hammonds', '', '', '', '', 240),
(7, 'Taylor Hammonds', '', '', '', '', 241),
(8, 'Marcel Curbelo Carmona', 'cyborgmnk@gmail.com', '(324) 343-2432', 'Obrero', 'Test', 10);

-- --------------------------------------------------------

--
-- Estructura de tabla para la tabla `project_item`
--

CREATE TABLE `project_item` (
  `id` int(11) NOT NULL,
  `quantity` decimal(18,6) DEFAULT NULL,
  `price` decimal(18,2) DEFAULT NULL,
  `yield_calculation` varchar(50) DEFAULT NULL,
  `quantity_old` decimal(18,6) DEFAULT NULL,
  `price_old` decimal(18,6) DEFAULT NULL,
  `principal` tinyint(1) DEFAULT NULL,
  `change_order` tinyint(1) DEFAULT NULL,
  `change_order_date` datetime DEFAULT NULL,
  `project_id` int(11) DEFAULT NULL,
  `item_id` int(11) DEFAULT NULL,
  `equation_id` int(11) DEFAULT NULL
) ENGINE=InnoDB DEFAULT CHARSET=utf8mb4;

--
-- Volcado de datos para la tabla `project_item`
--

INSERT INTO `project_item` (`id`, `quantity`, `price`, `yield_calculation`, `quantity_old`, `price_old`, `principal`, `change_order`, `change_order_date`, `project_id`, `item_id`, `equation_id`) VALUES
(36, 2110.000000, 663.00, 'same', NULL, 650.000000, 1, NULL, NULL, 6, 25, NULL),
(37, 870.000000, 89.30, '', NULL, NULL, 1, NULL, NULL, 7, 169, 13),
(38, 0.010000, 4900.00, 'none', NULL, NULL, 1, NULL, NULL, 9, 34, NULL),
(39, 450.000000, 88.00, 'equation', NULL, NULL, 1, NULL, NULL, 11, 39, 12),
(40, 28.000000, 174.00, 'equation', NULL, NULL, 1, NULL, NULL, 11, 40, 18),
(41, 4.000000, 1800.00, 'equation', NULL, NULL, 1, NULL, NULL, 11, 41, 20),
(42, 108.000000, 34.00, 'equation', NULL, NULL, 1, NULL, NULL, 11, 35, 14),
(43, 597.000000, 78.00, 'equation', NULL, NULL, 1, NULL, NULL, 11, 42, 11),
(44, 800.000000, 275.00, 'equation', NULL, NULL, 1, NULL, NULL, 13, 43, 12),
(45, 1400.000000, 110.00, 'equation', NULL, NULL, 1, NULL, NULL, 13, 31, 11),
(46, 488.300000, 220.00, 'equation', NULL, NULL, 1, NULL, NULL, 14, 32, 12),
(47, 311.000000, 190.00, 'equation', NULL, NULL, 1, NULL, NULL, 14, 44, 22),
(48, 257.000000, 90.00, 'equation', NULL, NULL, 1, NULL, NULL, 14, 45, 23),
(49, 28.000000, 95.00, 'equation', NULL, NULL, 1, NULL, NULL, 14, 46, 23),
(50, 168.000000, 115.00, 'equation', NULL, NULL, 1, NULL, NULL, 14, 28, 9),
(51, 12.000000, 120.00, 'equation', NULL, NULL, 1, NULL, NULL, 14, 26, 8),
(52, 13.000000, 2200.00, 'equation', NULL, NULL, 1, NULL, NULL, 14, 47, 24),
(53, 17.000000, 2300.00, 'equation', NULL, NULL, 1, NULL, NULL, 14, 48, 25),
(54, 1.000000, 2300.00, 'equation', NULL, NULL, 1, NULL, NULL, 14, 49, 26),
(55, 5.000000, 2100.00, 'same', NULL, NULL, 1, NULL, NULL, 14, 50, NULL),
(56, 40.000000, 486.00, 'same', NULL, NULL, 1, NULL, NULL, 14, 51, NULL),
(57, 41.000000, 386.00, 'same', NULL, NULL, 1, NULL, NULL, 14, 52, NULL),
(58, 1.000000, 3500.00, 'equation', NULL, NULL, 1, NULL, NULL, 14, 53, 16),
(59, 3.000000, 3500.00, 'same', NULL, NULL, 1, NULL, NULL, 14, 54, NULL),
(60, 180.000000, 34.00, 'equation', NULL, NULL, 1, NULL, NULL, 12, 26, 8),
(61, 12.000000, 4.23, 'equation', NULL, NULL, 1, NULL, NULL, 9, 55, 28),
(63, 3440.000000, 92.50, 'equation', NULL, NULL, 1, NULL, NULL, 20, 56, 17),
(64, 75.000000, 536.00, 'same', NULL, NULL, 1, NULL, NULL, 20, 57, NULL),
(65, 2460.000000, 7.50, 'equation', NULL, NULL, 1, NULL, NULL, 20, 31, 11),
(66, 270.000000, 753.00, 'same', NULL, NULL, 1, NULL, NULL, 20, 58, NULL),
(67, 1600.000000, 17.50, 'equation', NULL, NULL, 1, NULL, NULL, 20, 59, 40),
(68, 1.000000, 18244.80, 'none', NULL, NULL, 1, NULL, NULL, 20, 60, NULL),
(69, 842.000000, 106.00, 'equation', NULL, NULL, 1, NULL, NULL, 21, 39, 12),
(70, 10392.000000, 76.00, 'equation', NULL, NULL, 1, NULL, NULL, 21, 31, 11),
(71, 492.000000, 150.00, 'equation', NULL, NULL, 1, NULL, NULL, 21, 32, 12),
(72, 1748.000000, 61.00, 'equation', NULL, NULL, 1, NULL, NULL, 21, 61, 11),
(73, 3.000000, 5500.00, 'equation', NULL, NULL, 1, NULL, NULL, 21, 62, 29),
(74, 30.000000, 2500.00, 'equation', NULL, NULL, 1, NULL, NULL, 21, 41, 20),
(75, 12211.000000, 49.00, 'equation', NULL, NULL, 1, NULL, NULL, 21, 63, 11),
(76, 351.000000, 126.00, 'equation', NULL, NULL, 1, NULL, NULL, 21, 44, 22),
(77, 138.000000, 129.00, 'equation', NULL, NULL, 1, NULL, NULL, 21, 64, 39),
(78, 2363.000000, 29.00, 'equation', NULL, NULL, 1, NULL, NULL, 21, 30, 10),
(79, 1929.000000, 31.00, 'equation', NULL, NULL, 1, NULL, NULL, 21, 65, 10),
(80, 9739.000000, 33.00, 'equation', NULL, NULL, 1, NULL, NULL, 21, 26, 8),
(81, 23530.000000, 30.50, 'equation', NULL, NULL, 1, NULL, NULL, 21, 27, 8),
(82, 31.000000, 2700.00, 'equation', NULL, NULL, 1, NULL, NULL, 21, 37, 15),
(83, 32.000000, 600.00, 'equation', NULL, NULL, 1, NULL, NULL, 21, 38, 16),
(84, 1.000000, 600.00, 'equation', NULL, NULL, 0, NULL, NULL, 21, 38, 16),
(85, 1.000000, -22968.13, 'none', NULL, NULL, 1, NULL, NULL, 21, 60, NULL),
(86, 18.000000, 32.00, 'equation', NULL, NULL, 1, NULL, NULL, 22, 66, 35),
(87, 24.000000, 63.00, 'equation', NULL, NULL, 1, NULL, NULL, 22, 67, 36),
(88, 91.000000, 32.00, 'equation', NULL, NULL, 1, NULL, NULL, 22, 31, 11),
(89, 6528.000000, 40.50, 'equation', NULL, NULL, 1, NULL, NULL, 22, 68, 22),
(90, 81.000000, 57.00, 'equation', NULL, NULL, 1, NULL, NULL, 22, 44, 22),
(91, 1401.000000, 50.75, 'equation', NULL, NULL, 1, NULL, NULL, 22, 69, 12),
(92, 291.000000, 20.00, 'equation', NULL, NULL, 1, NULL, NULL, 22, 45, 23),
(93, 530.000000, 21.00, 'equation', NULL, NULL, 1, NULL, NULL, 22, 70, 23),
(94, 208.000000, 21.25, 'equation', NULL, NULL, 1, NULL, NULL, 22, 46, 23),
(95, 78.000000, 17.00, 'equation', NULL, NULL, 1, NULL, NULL, 22, 71, 23),
(96, 2200.000000, 17.25, 'equation', NULL, NULL, 1, NULL, NULL, 22, 26, 8),
(97, 5563.000000, 10.80, 'equation', NULL, NULL, 1, NULL, NULL, 22, 72, 8),
(98, 3000.000000, 17.25, 'equation', NULL, NULL, 1, NULL, NULL, 22, 27, 8),
(99, 892.000000, 10.80, 'equation', NULL, NULL, 1, NULL, NULL, 22, 73, 8),
(100, 593.000000, 93.00, 'equation', NULL, NULL, 1, NULL, NULL, 23, 39, 12),
(101, 361.000000, 78.00, 'equation', NULL, NULL, 1, NULL, NULL, 23, 74, 22),
(102, 4625.000000, 69.00, 'equation', NULL, NULL, 1, NULL, NULL, 23, 75, 41),
(103, 50.000000, 148.00, 'equation', NULL, NULL, 1, NULL, NULL, 23, 32, 12),
(104, 305.000000, 64.00, 'equation', NULL, NULL, 1, NULL, NULL, 23, 61, 11),
(105, 8008.000000, 31.50, 'equation', NULL, NULL, 1, NULL, NULL, 23, 26, 8),
(106, 26.000000, 2150.00, 'equation', NULL, NULL, 1, NULL, NULL, 23, 37, 15),
(107, 1.000000, -5531.28, 'none', NULL, NULL, 1, NULL, NULL, 23, 60, NULL),
(124, 1870.000000, 90.00, 'equation', NULL, NULL, 1, NULL, NULL, 25, 67, 36),
(125, 7.000000, 144.00, 'equation', NULL, NULL, 1, NULL, NULL, 25, 40, 18),
(126, 576.000000, 66.00, 'equation', NULL, NULL, 1, NULL, NULL, 25, 31, 11),
(127, 130.000000, 126.00, 'equation', NULL, NULL, 1, NULL, NULL, 25, 32, 12),
(128, 1.000000, 2650.00, 'equation', NULL, NULL, 1, NULL, NULL, 25, 41, 20),
(129, 3619.000000, 40.50, 'equation', NULL, NULL, 1, NULL, NULL, 25, 26, 8),
(130, 49.000000, 385.00, 'same', NULL, NULL, 1, NULL, NULL, 25, 52, NULL),
(131, 20.000000, 2150.00, 'equation', NULL, NULL, 1, NULL, NULL, 25, 37, 15),
(132, 18.000000, 600.00, 'equation', NULL, NULL, 1, NULL, NULL, 25, 38, 16),
(147, 53.000000, 87.00, 'equation', NULL, NULL, 1, NULL, NULL, 28, 77, 37),
(148, 1500.000000, 58.00, 'equation', NULL, NULL, 1, NULL, NULL, 28, 31, 11),
(149, 2810.000000, 36.00, 'equation', NULL, NULL, 1, NULL, NULL, 28, 26, 8),
(150, 60.000000, 87.00, 'equation', NULL, NULL, 1, NULL, NULL, 28, 79, 22),
(151, 16.000000, 386.00, 'same', NULL, NULL, 1, NULL, NULL, 28, 52, NULL),
(152, 17.000000, 2200.00, 'equation', NULL, NULL, 1, NULL, NULL, 28, 37, 15),
(153, 2.000000, 800.00, 'equation', NULL, NULL, 1, NULL, NULL, 28, 38, 16),
(154, 1.000000, -1823.75, 'none', NULL, NULL, 1, NULL, NULL, 28, 60, NULL),
(155, 3.000000, 3000.00, 'equation', NULL, NULL, 1, NULL, NULL, 29, 47, 24),
(156, 8.000000, 3350.00, 'equation', NULL, NULL, 1, NULL, NULL, 29, 48, 25),
(157, 2.000000, 3350.00, 'equation', NULL, NULL, 1, NULL, NULL, 29, 49, 26),
(158, 13.000000, 2950.00, 'same', NULL, NULL, 1, NULL, NULL, 29, 50, NULL),
(159, 1.000000, -606.38, 'none', NULL, NULL, 1, NULL, NULL, 29, 60, NULL),
(160, 130.000000, 83.00, 'equation', NULL, NULL, 1, NULL, NULL, 30, 77, 37),
(161, 21.000000, 109.00, 'equation', NULL, NULL, 1, NULL, NULL, 30, 40, 18),
(162, 1.000000, 2500.00, 'equation', NULL, NULL, 1, NULL, NULL, 30, 41, 20),
(163, 1.000000, -116.84, 'none', NULL, NULL, 1, NULL, NULL, 30, 60, NULL),
(164, 1044.000000, 196.00, 'equation', NULL, NULL, 1, NULL, NULL, 31, 76, 38),
(165, 1326.000000, 69.00, 'equation', NULL, NULL, 1, NULL, NULL, 31, 77, 37),
(166, 13813.000000, 44.50, 'equation', NULL, NULL, 1, NULL, NULL, 31, 31, 11),
(167, 210.000000, 101.00, 'equation', NULL, NULL, 1, NULL, NULL, 31, 32, 12),
(168, 199.000000, 128.00, 'equation', NULL, NULL, 1, NULL, NULL, 31, 61, 11),
(169, 4.000000, 1750.00, 'equation', NULL, NULL, 1, NULL, NULL, 31, 41, 20),
(170, 751.000000, 71.00, 'equation', NULL, NULL, 1, NULL, NULL, 31, 79, 22),
(171, 296.000000, 92.00, 'equation', NULL, NULL, 1, NULL, NULL, 31, 69, 12),
(172, 91.000000, 34.00, 'equation', NULL, NULL, 1, NULL, NULL, 31, 83, 23),
(173, 848.000000, 23.00, 'equation', NULL, NULL, 1, NULL, NULL, 31, 46, 23),
(174, 2690.000000, 22.50, 'equation', NULL, NULL, 1, NULL, NULL, 31, 84, 23),
(175, 24090.000000, 24.50, 'equation', NULL, NULL, 1, NULL, NULL, 31, 26, 8),
(176, 691.000000, 27.00, 'equation', NULL, NULL, 1, NULL, NULL, 31, 85, 9),
(177, 18.000000, 1000.00, 'equation', NULL, NULL, 1, NULL, NULL, 31, 48, 25),
(178, 66.000000, 900.00, 'same', NULL, NULL, 1, NULL, NULL, 31, 50, NULL),
(180, 288.000000, 256.00, 'equation', NULL, NULL, 1, NULL, NULL, 32, 42, 11),
(181, 361.000000, 161.00, 'none', NULL, NULL, 1, NULL, NULL, 33, 86, NULL),
(182, 3012.000000, 54.50, 'equation', NULL, NULL, 1, NULL, NULL, 34, 31, 11),
(183, 80.000000, 92.00, 'equation', NULL, NULL, 1, NULL, NULL, 34, 79, 22),
(184, 8534.000000, 32.00, 'equation', NULL, NULL, 1, NULL, NULL, 34, 26, 8),
(185, 1970.000000, 79.00, 'equation', NULL, NULL, 1, NULL, NULL, 34, 61, 11),
(186, 4.000000, 2600.00, 'equation', NULL, NULL, 1, NULL, NULL, 34, 37, 15),
(187, 4.000000, 2600.00, 'equation', NULL, NULL, 0, NULL, NULL, 34, 37, 15),
(188, 3.000000, 500.00, 'equation', NULL, NULL, 1, NULL, NULL, 34, 38, 16),
(189, 330.000000, 89.00, 'equation', NULL, NULL, 1, NULL, NULL, 35, 74, 22),
(190, 5.000000, 278.00, 'equation', NULL, NULL, 1, NULL, NULL, 35, 40, 18),
(191, 1.000000, 2800.00, 'equation', NULL, NULL, 1, NULL, NULL, 35, 41, 20),
(192, 30.000000, 89.00, 'equation', NULL, NULL, 1, NULL, NULL, 36, 31, 11),
(193, 29.000000, 141.00, 'equation', NULL, NULL, 1, NULL, NULL, 36, 61, 11),
(194, 1.000000, 2800.00, 'equation', NULL, NULL, 1, NULL, NULL, 36, 41, 20),
(195, 3070.000000, 36.00, 'equation', NULL, NULL, 1, NULL, NULL, 36, 26, 8),
(196, 815.000000, 69.00, 'equation', NULL, NULL, 1, NULL, NULL, 36, 87, 42),
(197, 27.500000, 69.00, 'equation', NULL, NULL, 1, NULL, NULL, 36, 88, 42),
(198, 1.000000, 3700.00, 'equation', NULL, NULL, 1, NULL, NULL, 36, 89, 15),
(199, 8.000000, 700.00, 'equation', NULL, NULL, 1, NULL, NULL, 36, 90, 16),
(200, 1937.000000, 52.00, 'equation', NULL, NULL, 1, NULL, NULL, 37, 31, 11),
(201, 604.000000, 86.00, 'equation', NULL, NULL, 1, NULL, NULL, 37, 77, 37),
(202, 1071.000000, 88.00, 'equation', NULL, NULL, 1, NULL, NULL, 37, 61, 11),
(203, 1070.000000, 77.00, 'equation', NULL, NULL, 1, NULL, NULL, 37, 42, 11),
(204, 2333.000000, 34.00, 'equation', NULL, NULL, 1, NULL, NULL, 37, 26, 8),
(205, 245.000000, 50.00, 'equation', NULL, NULL, 1, NULL, NULL, 37, 78, 30),
(206, 44.000000, 135.00, 'equation', NULL, NULL, 1, NULL, NULL, 37, 91, 11),
(207, 70.000000, 174.00, '', NULL, NULL, 1, NULL, NULL, 37, 92, NULL),
(208, 5.000000, 6000.00, 'equation', NULL, NULL, 1, NULL, NULL, 37, 62, 29),
(209, 8.000000, 2600.00, 'equation', NULL, NULL, 1, NULL, NULL, 37, 37, 15),
(210, 0.000000, 500.00, 'equation', NULL, NULL, 1, NULL, NULL, 37, 38, 16),
(211, 68.000000, 184.00, '', NULL, NULL, 1, NULL, NULL, 37, 93, NULL),
(212, 1.000000, 10046.20, 'none', NULL, NULL, 1, NULL, NULL, 37, 60, NULL),
(213, 1484.000000, 61.00, 'equation', NULL, NULL, 1, NULL, NULL, 38, 77, 37),
(214, 2105.000000, 111.50, '', NULL, NULL, 1, NULL, NULL, 38, 94, NULL),
(215, 22053.000000, 43.45, 'equation', NULL, NULL, 1, NULL, NULL, 38, 61, 11),
(216, 31.000000, 1575.00, 'equation', NULL, NULL, 1, NULL, NULL, 38, 41, 20),
(217, 14986.000000, 27.00, 'equation', NULL, NULL, 1, NULL, NULL, 38, 26, 8),
(218, 4096.000000, 40.75, 'equation', NULL, NULL, 1, NULL, NULL, 38, 31, 11),
(219, 22.000000, 1050.00, 'equation', NULL, NULL, 1, NULL, NULL, 38, 95, 25),
(220, 165.000000, 99.00, 'equation', NULL, NULL, 1, NULL, NULL, 38, 96, 17),
(221, 11553.000000, 55.75, 'equation', NULL, NULL, 1, NULL, NULL, 38, 42, 11),
(222, 484.000000, 69.00, 'equation', NULL, NULL, 1, NULL, NULL, 38, 79, 22),
(223, 97.000000, 92.00, 'equation', NULL, NULL, 1, NULL, NULL, 38, 44, 22),
(224, 11.000000, 350.00, 'equation', NULL, NULL, 1, NULL, NULL, 38, 97, 15),
(225, 4.000000, 850.00, 'equation', NULL, NULL, 1, NULL, NULL, 38, 98, 15),
(226, 52.000000, 2100.00, 'equation', NULL, NULL, 1, NULL, NULL, 38, 99, 15),
(227, 0.000000, 7.00, 'none', NULL, NULL, 1, NULL, NULL, 38, 100, NULL),
(242, 1000.000000, 32.00, 'equation', NULL, NULL, 1, NULL, NULL, 40, 28, 9),
(243, 203.000000, 51.00, 'equation', NULL, NULL, 1, NULL, NULL, 40, 45, 23),
(244, 5.000000, 500.00, '', NULL, NULL, 1, NULL, NULL, 40, 105, NULL),
(245, 52.000000, 146.00, 'equation', NULL, NULL, 1, NULL, NULL, 41, 40, 18),
(246, 4.000000, 2100.00, 'equation', NULL, NULL, 1, NULL, NULL, 41, 41, 20),
(247, 567.000000, 360.00, 'equation', NULL, NULL, 1, NULL, NULL, 41, 106, 31),
(248, 1.000000, 5643.00, 'none', NULL, NULL, 1, NULL, NULL, 41, 60, NULL),
(249, 2014.000000, 60.00, 'equation', NULL, NULL, 1, NULL, NULL, 42, 31, 11),
(250, 184.000000, 118.00, 'equation', NULL, NULL, 1, NULL, NULL, 42, 32, 12),
(251, 479.000000, 207.00, 'equation', NULL, NULL, 1, NULL, NULL, 42, 107, 12),
(252, 514.000000, 107.00, 'equation', NULL, NULL, 1, NULL, NULL, 42, 64, 39),
(253, 85.000000, 116.00, 'equation', NULL, NULL, 1, NULL, NULL, 42, 69, 12),
(254, 121.000000, 46.00, 'equation', NULL, NULL, 1, NULL, NULL, 42, 45, 23),
(255, 707.000000, 37.00, 'equation', NULL, NULL, 1, NULL, NULL, 42, 26, 8),
(256, 79.000000, 380.25, 'same', NULL, NULL, 1, NULL, NULL, 42, 52, NULL),
(257, 4.000000, 2800.00, 'equation', NULL, NULL, 1, NULL, NULL, 42, 37, 15),
(258, 1.000000, 7590.56, 'none', NULL, NULL, 1, NULL, NULL, 42, 60, NULL),
(259, 59.000000, 184.00, 'equation', NULL, NULL, 1, NULL, NULL, 43, 31, 11),
(260, 55.000000, 297.00, 'equation', NULL, NULL, 1, NULL, NULL, 43, 32, 12),
(261, 1.000000, 4750.00, 'equation', NULL, NULL, 1, NULL, NULL, 43, 41, 20),
(262, 75.000000, 268.00, 'equation', NULL, NULL, 1, NULL, NULL, 43, 44, 22),
(263, 315.000000, 58.00, 'equation', NULL, NULL, 1, NULL, NULL, 43, 30, 10),
(264, 118.000000, 110.00, 'equation', NULL, NULL, 1, NULL, NULL, 43, 26, 8),
(265, 1169.000000, 63.00, 'equation', NULL, NULL, 1, NULL, NULL, 43, 27, 8),
(266, 6.000000, 1500.00, 'same', NULL, NULL, 1, NULL, NULL, 43, 52, NULL),
(267, 838.000000, 143.00, 'equation', NULL, NULL, 1, NULL, NULL, 44, 76, 38),
(268, 310.000000, 62.00, 'equation', NULL, NULL, 1, NULL, NULL, 44, 77, 37),
(269, 543.000000, 55.00, 'equation', NULL, NULL, 1, NULL, NULL, 44, 31, 11),
(270, 382.000000, 94.00, 'equation', NULL, NULL, 1, NULL, NULL, 44, 32, 12),
(271, 5.000000, 5300.00, 'equation', NULL, NULL, 1, NULL, NULL, 44, 62, 29),
(272, 1392.000000, 69.50, 'equation', NULL, NULL, 1, NULL, NULL, 44, 44, 22),
(273, 25.000000, 71.00, 'equation', NULL, NULL, 1, NULL, NULL, 44, 79, 22),
(274, 38.000000, 83.00, 'equation', NULL, NULL, 1, NULL, NULL, 44, 69, 12),
(275, 236.000000, 23.00, 'equation', NULL, NULL, 1, NULL, NULL, 44, 45, 23),
(276, 1735.000000, 29.50, 'equation', NULL, NULL, 1, NULL, NULL, 44, 26, 8),
(277, 267.000000, 32.00, 'equation', NULL, NULL, 1, NULL, NULL, 44, 81, 8),
(278, 1137.000000, 39.00, 'equation', NULL, NULL, 1, NULL, NULL, 45, 66, 35),
(279, 2977.000000, 39.00, 'equation', NULL, NULL, 1, NULL, NULL, 45, 31, 11),
(280, 75.000000, 73.00, 'equation', NULL, NULL, 1, NULL, NULL, 45, 61, 11),
(281, 2110.000000, 54.50, 'equation', NULL, NULL, 1, NULL, NULL, 45, 44, 22),
(282, 860.000000, 65.00, 'equation', NULL, NULL, 1, NULL, NULL, 45, 79, 22),
(283, 6781.000000, 19.75, 'equation', NULL, NULL, 1, NULL, NULL, 45, 28, 9),
(284, 4645.000000, 19.00, 'equation', NULL, NULL, 1, NULL, NULL, 45, 29, 9),
(285, 25.000000, 295.00, 'same', NULL, NULL, 1, NULL, NULL, 45, 52, NULL),
(320, 934.000000, 84.00, 'equation', NULL, NULL, 1, NULL, NULL, 46, 64, 39),
(321, 1280.000000, 172.00, 'equation', NULL, NULL, 1, NULL, NULL, 46, 76, 38),
(322, 2300.000000, 64.00, 'equation', NULL, NULL, 1, NULL, NULL, 46, 74, 22),
(323, 330.000000, 72.00, 'equation', NULL, NULL, 1, NULL, NULL, 46, 39, 12),
(324, 80.000000, 86.00, 'equation', NULL, NULL, 1, NULL, NULL, 46, 40, 18),
(325, 1650.000000, 50.00, 'equation', NULL, NULL, 1, NULL, NULL, 46, 31, 11),
(326, 300.000000, 85.00, 'equation', NULL, NULL, 1, NULL, NULL, 46, 32, 12),
(327, 370.000000, 80.00, 'equation', NULL, NULL, 1, NULL, NULL, 46, 44, 22),
(328, 866.000000, 84.00, 'equation', NULL, NULL, 0, NULL, NULL, 46, 64, 39),
(329, 25.000000, 68.00, 'equation', NULL, NULL, 1, NULL, NULL, 46, 79, 22),
(330, 1300.000000, 23.00, 'equation', NULL, NULL, 1, NULL, NULL, 46, 46, 23),
(331, 790.000000, 23.00, '', NULL, NULL, 1, NULL, NULL, 46, 114, NULL),
(332, 320.000000, 24.00, 'equation', NULL, NULL, 1, NULL, NULL, 46, 115, 23),
(333, 550.000000, 25.25, 'equation', NULL, NULL, 1, NULL, NULL, 46, 30, 10),
(334, 4000.000000, 24.75, 'equation', NULL, NULL, 1, NULL, NULL, 46, 26, 8),
(335, 890.000000, 28.00, 'equation', NULL, NULL, 1, NULL, NULL, 46, 27, 8),
(336, 20.000000, 300.00, 'same', NULL, NULL, 1, NULL, NULL, 46, 52, NULL),
(337, 2.000000, 350.00, 'same', NULL, NULL, 1, NULL, NULL, 46, 116, NULL),
(338, 50.000000, 620.00, 'same', NULL, NULL, 1, NULL, NULL, 46, 117, NULL),
(339, 720.000000, 2.80, '', NULL, NULL, 1, NULL, NULL, 46, 118, NULL),
(340, 4.000000, 2300.00, 'equation', NULL, NULL, 1, NULL, NULL, 46, 119, 20),
(341, 6.000000, 2150.00, 'equation', NULL, NULL, 1, NULL, NULL, 46, 41, 20),
(342, 1.000000, 2150.00, 'equation', NULL, NULL, 1, NULL, NULL, 46, 120, 20),
(343, 3.000000, 2150.00, 'equation', NULL, NULL, 0, NULL, NULL, 46, 41, 20),
(353, 335.000000, 123.00, 'equation', NULL, NULL, 1, NULL, NULL, 49, 40, 18),
(354, 209.000000, 76.00, 'none', NULL, NULL, 1, NULL, NULL, 49, 125, NULL),
(355, 430.000000, 56.00, 'equation', NULL, NULL, 1, NULL, NULL, 49, 61, 11),
(356, 17.000000, 1800.00, 'equation', NULL, NULL, 1, NULL, NULL, 49, 41, 20),
(357, 602.000000, 72.00, 'equation', NULL, NULL, 1, NULL, NULL, 49, 44, 22),
(358, 226.000000, 28.00, 'equation', NULL, NULL, 1, NULL, NULL, 49, 26, 8),
(359, 1225.000000, 23.00, '', NULL, NULL, 1, NULL, NULL, 49, 126, NULL),
(360, 394.000000, 23.00, 'equation', NULL, NULL, 1, NULL, NULL, 49, 81, 8),
(361, 150.000000, 120.00, 'equation', NULL, NULL, 1, NULL, NULL, 49, 42, 11),
(362, 1.000000, 4370.92, 'none', NULL, NULL, 1, NULL, NULL, 49, 60, NULL),
(363, 1016.200000, 36.00, 'equation', NULL, NULL, 1, NULL, NULL, 50, 63, 11),
(364, 177.000000, 74.00, 'equation', NULL, NULL, 1, NULL, NULL, 50, 39, 12),
(365, 74.000000, 2200.00, 'equation', NULL, NULL, 1, NULL, NULL, 50, 119, 20),
(366, 3091.000000, 56.00, 'equation', NULL, NULL, 1, NULL, NULL, 50, 44, 22),
(367, 25.600000, 600.00, 'same', NULL, NULL, 1, NULL, NULL, 50, 127, NULL),
(368, 42.800000, 62.00, 'equation', NULL, NULL, 1, NULL, NULL, 50, 74, 22),
(369, 2.000000, 2400.00, 'equation', NULL, NULL, 1, NULL, NULL, 50, 128, 20),
(370, 2816.000000, 28.50, 'equation', NULL, NULL, 1, NULL, NULL, 50, 78, 30),
(371, 326.000000, 45.00, 'equation', NULL, NULL, 1, NULL, NULL, 50, 61, 11),
(372, 125.000000, 69.00, 'equation', NULL, NULL, 1, NULL, NULL, 51, 74, 22),
(373, 12.000000, 132.00, 'equation', NULL, NULL, 1, NULL, NULL, 51, 40, 18),
(374, 2.000000, 1750.00, 'equation', NULL, NULL, 1, NULL, NULL, 51, 41, 20),
(375, 20.000000, 96.00, 'equation', NULL, NULL, 1, NULL, NULL, 51, 44, 22),
(376, 302.000000, 34.00, 'equation', NULL, NULL, 1, NULL, NULL, 51, 78, 30),
(377, 31.000000, 77.00, 'equation', NULL, NULL, 1, NULL, NULL, 51, 79, 22),
(378, 404.000000, 30.00, 'equation', NULL, NULL, 1, NULL, NULL, 51, 26, 8),
(379, 80.000000, 25.00, 'equation', NULL, NULL, 1, NULL, NULL, 51, 36, 14),
(380, 300.000000, 54.00, 'equation', NULL, NULL, 1, NULL, NULL, 52, 31, 11),
(381, 150.000000, 143.00, 'none', NULL, NULL, 1, NULL, NULL, 52, 125, NULL),
(382, 16.000000, 143.00, 'equation', NULL, NULL, 1, NULL, NULL, 52, 79, 22),
(383, 180.000000, 33.00, 'equation', NULL, NULL, 1, NULL, NULL, 52, 46, 23),
(384, 2140.000000, 32.00, 'equation', NULL, NULL, 1, NULL, NULL, 52, 30, 10),
(385, 170.000000, 51.00, 'equation', NULL, NULL, 1, NULL, NULL, 52, 130, 32),
(386, 310.000000, 131.00, 'equation', NULL, NULL, 1, NULL, NULL, 52, 64, 39),
(387, 8.000000, 2500.00, 'equation', NULL, NULL, 1, NULL, NULL, 52, 37, 15),
(388, 11.000000, 600.00, 'equation', NULL, NULL, 1, NULL, NULL, 52, 38, 16),
(389, 70.000000, 340.00, '', NULL, NULL, 1, NULL, NULL, 52, 131, NULL),
(390, 430.000000, 263.00, '', NULL, NULL, 1, NULL, NULL, 52, 132, NULL),
(391, 85.000000, 369.00, '', NULL, NULL, 0, NULL, NULL, 52, 132, NULL),
(392, 1325.000000, 50.00, 'equation', NULL, NULL, 1, NULL, NULL, 53, 61, 11),
(393, 290.000000, 107.00, 'equation', NULL, NULL, 1, NULL, NULL, 53, 44, 22),
(394, 68.000000, 386.00, 'same', NULL, NULL, 1, NULL, NULL, 53, 52, NULL),
(395, 658.000000, 254.00, 'equation', NULL, NULL, 1, NULL, NULL, 54, 76, 38),
(396, 752.000000, 87.50, 'equation', NULL, NULL, 1, NULL, NULL, 54, 39, 12),
(397, 4.000000, 167.00, 'equation', NULL, NULL, 1, NULL, NULL, 54, 40, 18),
(398, 148.000000, 68.00, 'equation', NULL, NULL, 1, NULL, NULL, 54, 61, 11),
(399, 2.000000, 2300.00, 'equation', NULL, NULL, 1, NULL, NULL, 54, 41, 20),
(400, 604.000000, 103.00, 'equation', NULL, NULL, 1, NULL, NULL, 54, 64, 39),
(401, 47.000000, 125.00, 'equation', NULL, NULL, 1, NULL, NULL, 54, 69, 12),
(402, 382.000000, 27.00, 'equation', NULL, NULL, 1, NULL, NULL, 54, 46, 23),
(403, 911.000000, 38.50, 'equation', NULL, NULL, 1, NULL, NULL, 54, 26, 8),
(404, 200.000000, 41.00, 'equation', NULL, NULL, 1, NULL, NULL, 54, 27, 8),
(405, 708.000000, 38.50, 'equation', NULL, NULL, 1, NULL, NULL, 54, 81, 8),
(406, 165.000000, 56.00, 'none', NULL, NULL, 1, NULL, NULL, 54, 133, NULL),
(407, 10.000000, 386.00, 'same', NULL, NULL, 1, NULL, NULL, 54, 52, NULL),
(408, 471.000000, 69.00, 'equation', NULL, NULL, 1, NULL, NULL, 54, 31, 11),
(409, 321.000000, 42.00, 'equation', NULL, NULL, 1, NULL, NULL, 55, 31, 11),
(410, 48.000000, 84.00, 'none', NULL, NULL, 1, NULL, NULL, 55, 125, NULL),
(411, 226.000000, 50.00, 'equation', NULL, NULL, 1, NULL, NULL, 55, 61, 11),
(412, 1.000000, 1800.00, 'equation', NULL, NULL, 1, NULL, NULL, 55, 41, 20),
(413, 1764.000000, 23.00, 'equation', NULL, NULL, 1, NULL, NULL, 55, 26, 8),
(414, 549.000000, 67.00, 'equation', NULL, NULL, 1, NULL, NULL, 56, 74, 22),
(415, 1.000000, 2200.00, 'equation', NULL, NULL, 1, NULL, NULL, 56, 41, 20),
(416, 240.000000, 43.00, 'equation', NULL, NULL, 1, NULL, NULL, 56, 78, 30),
(417, 4.000000, 500.00, 'equation', NULL, NULL, 1, NULL, NULL, 56, 38, 16),
(418, 1.000000, 500.00, '', NULL, NULL, 1, NULL, NULL, 56, 134, NULL),
(419, 195.000000, 174.40, '', NULL, NULL, 1, NULL, NULL, 56, 135, NULL),
(420, 3.000000, 2700.00, 'equation', NULL, NULL, 1, NULL, NULL, 57, 47, 24),
(421, 5.000000, 2800.00, 'equation', NULL, NULL, 1, NULL, NULL, 57, 48, 25),
(422, 20.000000, 2600.00, 'same', NULL, NULL, 1, NULL, NULL, 57, 50, NULL),
(423, 440.000000, 56.00, 'none', NULL, NULL, 1, NULL, NULL, 57, 133, NULL),
(424, 250.000000, 125.00, '', NULL, NULL, 1, NULL, NULL, 58, 136, NULL),
(425, 450.000000, 63.00, 'equation', NULL, NULL, 1, NULL, NULL, 58, 31, 11),
(426, 660.000000, 110.00, 'none', NULL, NULL, 1, NULL, NULL, 58, 125, NULL),
(427, 120.000000, 150.00, 'equation', NULL, NULL, 1, NULL, NULL, 58, 44, 22),
(428, 145.000000, 108.00, 'equation', NULL, NULL, 1, NULL, NULL, 58, 79, 22),
(429, 140.000000, 43.00, 'equation', NULL, NULL, 1, NULL, NULL, 58, 45, 23),
(430, 1440.000000, 42.00, 'equation', NULL, NULL, 1, NULL, NULL, 58, 26, 8),
(431, 34.000000, 385.00, 'same', NULL, NULL, 1, NULL, NULL, 58, 52, NULL),
(432, 5.000000, 2400.00, 'equation', NULL, NULL, 1, NULL, NULL, 58, 37, 15),
(433, 1.000000, -1930.88, 'none', NULL, NULL, 1, NULL, NULL, 58, 60, NULL),
(434, 9.000000, 180.00, 'equation', NULL, NULL, 1, NULL, NULL, 59, 40, 18),
(435, 2.000000, 2700.00, 'equation', NULL, NULL, 1, NULL, NULL, 59, 41, 20),
(436, 1.000000, -52.65, 'none', NULL, NULL, 1, NULL, NULL, 59, 60, NULL),
(437, 3.000000, 4800.00, 'same', NULL, NULL, 1, NULL, NULL, 60, 50, NULL),
(438, 210.000000, 61.00, 'none', NULL, NULL, 1, NULL, NULL, 60, 133, NULL),
(439, 100.000000, 69.00, 'equation', NULL, NULL, 1, NULL, NULL, 61, 31, 11),
(440, 115.000000, 122.00, 'none', NULL, NULL, 1, NULL, NULL, 61, 125, NULL),
(441, 90.000000, 155.00, 'equation', NULL, NULL, 1, NULL, NULL, 61, 63, 11),
(442, 270.000000, 117.00, 'equation', NULL, NULL, 1, NULL, NULL, 61, 44, 22),
(443, 180.000000, 37.00, 'equation', NULL, NULL, 1, NULL, NULL, 61, 35, 14),
(444, 280.000000, 40.00, 'equation', NULL, NULL, 1, NULL, NULL, 61, 26, 8),
(445, 1820.000000, 35.75, 'equation', NULL, NULL, 1, NULL, NULL, 61, 27, 8),
(446, 35.000000, 335.00, 'same', NULL, NULL, 1, NULL, NULL, 61, 52, NULL),
(447, 40.000000, 65.00, 'none', NULL, NULL, 1, NULL, NULL, 61, 133, NULL),
(448, 14.000000, 237.00, 'equation', NULL, NULL, 1, NULL, NULL, 61, 61, 11),
(449, 60.000000, 1350.00, 'same', NULL, NULL, 1, NULL, NULL, 61, 137, NULL),
(450, 1.000000, -1832.99, 'none', NULL, NULL, 1, NULL, NULL, 61, 60, NULL),
(451, 223.000000, 136.00, 'equation', NULL, NULL, 1, NULL, NULL, 62, 64, 39),
(452, 74.000000, 93.00, 'equation', NULL, NULL, 1, NULL, NULL, 62, 79, 22),
(453, 101.000000, 38.00, 'equation', NULL, NULL, 1, NULL, NULL, 62, 138, 23),
(454, 158.000000, 40.00, 'equation', NULL, NULL, 1, NULL, NULL, 62, 80, 8),
(455, 1069.000000, 36.00, 'equation', NULL, NULL, 1, NULL, NULL, 62, 26, 8),
(456, 233.000000, 42.00, 'equation', NULL, NULL, 1, NULL, NULL, 62, 81, 8),
(457, 244.000000, 284.00, 'equation', NULL, NULL, 1, NULL, NULL, 62, 76, 38),
(458, 322.000000, 91.00, 'equation', NULL, NULL, 1, NULL, NULL, 62, 74, 22),
(459, 14.000000, 386.00, 'same', NULL, NULL, 1, NULL, NULL, 62, 52, NULL),
(460, 50.000000, 147.00, 'equation', NULL, NULL, 1, NULL, NULL, 62, 40, 18),
(461, 6.000000, 2300.00, 'equation', NULL, NULL, 1, NULL, NULL, 62, 41, 20),
(462, 319.000000, 174.00, '', NULL, NULL, 1, NULL, NULL, 63, 136, NULL),
(463, 1185.000000, 116.00, 'equation', NULL, NULL, 1, NULL, NULL, 63, 39, 12),
(464, 22.000000, 184.00, 'equation', NULL, NULL, 1, NULL, NULL, 63, 40, 18),
(465, 5040.000000, 68.00, 'equation', NULL, NULL, 1, NULL, NULL, 63, 31, 11),
(466, 41.000000, 129.00, 'equation', NULL, NULL, 1, NULL, NULL, 63, 68, 22),
(467, 1596.000000, 113.00, 'none', NULL, NULL, 1, NULL, NULL, 63, 125, NULL),
(468, 18465.000000, 70.00, 'equation', NULL, NULL, 1, NULL, NULL, 63, 61, 11),
(469, 6.000000, 2700.00, 'equation', NULL, NULL, 1, NULL, NULL, 63, 119, 20),
(470, 5.000000, 2400.00, 'equation', NULL, NULL, 1, NULL, NULL, 63, 41, 20),
(471, 1.000000, 2400.00, 'equation', NULL, NULL, 1, NULL, NULL, 63, 120, 20),
(472, 411.000000, 121.00, 'equation', NULL, NULL, 1, NULL, NULL, 63, 44, 22),
(473, 4497.000000, 120.00, 'equation', NULL, NULL, 1, NULL, NULL, 63, 64, 39),
(474, 159.000000, 28.00, 'equation', NULL, NULL, 1, NULL, NULL, 63, 45, 23),
(475, 11322.000000, 34.00, 'equation', NULL, NULL, 1, NULL, NULL, 63, 26, 8),
(476, 1765.000000, 40.00, 'equation', NULL, NULL, 1, NULL, NULL, 63, 27, 8),
(477, 17.000000, 916.00, 'same', NULL, NULL, 1, NULL, NULL, 63, 51, NULL),
(478, 100.000000, 395.50, 'same', NULL, NULL, 1, NULL, NULL, 63, 52, NULL),
(479, 250.000000, 2.85, '', NULL, NULL, 1, NULL, NULL, 63, 139, NULL),
(480, 1.000000, -25512.95, 'none', NULL, NULL, 1, NULL, NULL, 63, 60, NULL),
(481, 40.000000, 6200.00, '', NULL, NULL, 1, NULL, NULL, 63, 140, NULL),
(482, 172.000000, 39.00, '', NULL, NULL, 1, NULL, NULL, 64, 141, NULL),
(483, 873.000000, 32.00, '', NULL, NULL, 1, NULL, NULL, 64, 142, NULL),
(484, 287.000000, 33.00, '', NULL, NULL, 1, NULL, NULL, 64, 143, NULL),
(485, 1210.000000, 40.00, 'equation', NULL, NULL, 1, NULL, NULL, 64, 26, 8),
(486, 2.000000, 4500.00, 'equation', NULL, NULL, 1, NULL, NULL, 64, 62, 29),
(487, 164.000000, 110.00, 'equation', NULL, NULL, 1, NULL, NULL, 64, 31, 11),
(488, 300.000000, 216.00, 'equation', NULL, NULL, 1, NULL, NULL, 64, 44, 22),
(489, 470.000000, 261.00, '', NULL, NULL, 1, NULL, NULL, 64, 144, NULL),
(490, 185.000000, 385.00, 'same', NULL, NULL, 1, NULL, NULL, 64, 52, NULL),
(491, 340.000000, 60.00, 'none', NULL, NULL, 1, NULL, NULL, 64, 133, NULL),
(492, 1.000000, -2989.88, 'none', NULL, NULL, 1, NULL, NULL, 64, 60, NULL),
(493, 100.000000, 102.00, 'equation', NULL, NULL, 1, NULL, NULL, 65, 35, 14),
(494, 20.000000, 102.00, 'equation', NULL, NULL, 0, NULL, NULL, 65, 35, 14),
(495, 694.000000, 59.00, 'equation', NULL, NULL, 1, NULL, NULL, 66, 31, 11),
(496, 1275.000000, 38.00, 'equation', NULL, NULL, 1, NULL, NULL, 66, 26, 8),
(497, 1.000000, -670.47, 'none', NULL, NULL, 1, NULL, NULL, 66, 60, NULL),
(498, 7614.000000, 63.75, 'equation', NULL, NULL, 1, NULL, NULL, 67, 61, 11),
(499, 2.000000, 3100.00, 'equation', NULL, NULL, 1, NULL, NULL, 67, 119, 20),
(500, 1.000000, -3686.94, 'none', NULL, NULL, 1, NULL, NULL, 67, 60, NULL),
(501, 904.000000, 75.00, 'equation', NULL, NULL, 1, NULL, NULL, 68, 74, 22),
(502, 22.000000, 172.00, 'equation', NULL, NULL, 1, NULL, NULL, 68, 40, 18),
(503, 159.000000, 73.00, 'equation', NULL, NULL, 1, NULL, NULL, 68, 61, 11),
(504, 1.000000, 2500.00, 'equation', NULL, NULL, 1, NULL, NULL, 68, 41, 20),
(505, 1.000000, -642.68, 'none', NULL, NULL, 1, NULL, NULL, 68, 60, NULL),
(506, 470.000000, 208.00, 'equation', NULL, NULL, 1, NULL, NULL, 69, 76, 38),
(507, 4275.000000, 52.00, 'equation', NULL, NULL, 1, NULL, NULL, 69, 31, 11),
(508, 585.000000, 97.00, 'none', NULL, NULL, 1, NULL, NULL, 69, 125, NULL),
(509, 40.000000, 58.00, 'equation', NULL, NULL, 1, NULL, NULL, 69, 61, 11),
(510, 2.000000, 2100.00, 'equation', NULL, NULL, 1, NULL, NULL, 69, 41, 20),
(511, 527.000000, 55.00, 'equation', NULL, NULL, 1, NULL, NULL, 69, 63, 11),
(512, 372.000000, 121.00, 'equation', NULL, NULL, 1, NULL, NULL, 69, 64, 39),
(513, 1790.000000, 93.00, 'equation', NULL, NULL, 1, NULL, NULL, 69, 69, 12),
(514, 277.000000, 26.00, 'equation', NULL, NULL, 1, NULL, NULL, 69, 45, 23),
(515, 390.000000, 25.00, 'equation', NULL, NULL, 1, NULL, NULL, 69, 46, 23),
(516, 460.000000, 25.00, 'equation', NULL, NULL, 1, NULL, NULL, 69, 115, 23),
(517, 12930.000000, 30.50, 'equation', NULL, NULL, 1, NULL, NULL, 69, 26, 8),
(518, 11.000000, 396.00, 'same', NULL, NULL, 1, NULL, NULL, 69, 52, NULL),
(519, 2125.000000, 90.00, 'equation', NULL, NULL, 1, NULL, NULL, 69, 39, 12),
(520, 1.000000, -9316.61, 'none', NULL, NULL, 1, NULL, NULL, 69, 60, NULL),
(521, 284.000000, 292.00, 'equation', NULL, NULL, 1, NULL, NULL, 70, 106, 31),
(522, 9.000000, 154.00, 'equation', NULL, NULL, 1, NULL, NULL, 70, 40, 18),
(523, 2.000000, 2300.00, 'equation', NULL, NULL, 1, NULL, NULL, 70, 41, 20),
(524, 120.000000, 56.00, 'none', NULL, NULL, 1, NULL, NULL, 71, 133, NULL),
(525, 1.000000, -50.40, 'none', NULL, NULL, 1, NULL, NULL, 71, 60, NULL),
(526, 48.000000, 154.00, 'none', NULL, NULL, 1, NULL, NULL, 72, 125, NULL),
(527, 92.000000, 57.00, 'equation', NULL, NULL, 1, NULL, NULL, 72, 35, 14),
(528, 15.000000, 52.00, 'none', NULL, NULL, 1, NULL, NULL, 72, 133, NULL),
(529, 1.000000, -250.62, 'none', NULL, NULL, 1, NULL, NULL, 72, 60, NULL),
(530, 1.000000, 20000.00, '', NULL, NULL, 1, NULL, NULL, 72, 145, NULL),
(531, 591.000000, 211.00, 'equation', NULL, NULL, 1, NULL, NULL, 73, 76, 38),
(532, 1294.000000, 75.50, 'equation', NULL, NULL, 1, NULL, NULL, 73, 74, 22),
(533, 603.000000, 87.00, 'equation', NULL, NULL, 1, NULL, NULL, 73, 39, 12),
(534, 48.000000, 118.00, 'equation', NULL, NULL, 1, NULL, NULL, 73, 40, 18),
(535, 583.000000, 60.00, 'equation', NULL, NULL, 1, NULL, NULL, 73, 31, 11),
(536, 376.000000, 91.00, 'none', NULL, NULL, 1, NULL, NULL, 73, 125, NULL),
(537, 10908.000000, 47.00, 'equation', NULL, NULL, 1, NULL, NULL, 73, 61, 11),
(538, 6.000000, 1900.00, 'equation', NULL, NULL, 1, NULL, NULL, 73, 41, 20),
(539, 1370.000000, 90.00, 'equation', NULL, NULL, 1, NULL, NULL, 73, 44, 22),
(540, 16.000000, 77.00, 'equation', NULL, NULL, 1, NULL, NULL, 73, 79, 22),
(541, 48.000000, 89.00, 'equation', NULL, NULL, 1, NULL, NULL, 73, 69, 12),
(542, 153.000000, 39.00, 'equation', NULL, NULL, 1, NULL, NULL, 73, 80, 8),
(543, 3065.000000, 30.00, 'equation', NULL, NULL, 1, NULL, NULL, 73, 26, 8),
(544, 302.000000, 33.00, 'equation', NULL, NULL, 1, NULL, NULL, 73, 130, 32),
(545, 282.000000, 325.00, 'same', NULL, NULL, 1, NULL, NULL, 73, 52, NULL),
(546, 1.000000, -9015.99, 'none', NULL, NULL, 1, NULL, NULL, 73, 60, NULL),
(547, 12.000000, 3750.00, 'equation', NULL, NULL, 1, NULL, NULL, 74, 47, 24),
(548, 2.000000, 3800.00, 'equation', NULL, NULL, 1, NULL, NULL, 74, 48, 25),
(549, 8.000000, 3600.00, 'same', NULL, NULL, 1, NULL, NULL, 74, 50, NULL),
(550, 1.000000, -610.50, 'none', NULL, NULL, 1, NULL, NULL, 74, 60, NULL),
(551, 292.000000, 172.00, '', NULL, NULL, 1, NULL, NULL, 75, 146, NULL),
(552, 114.000000, 85.00, 'equation', NULL, NULL, 1, NULL, NULL, 75, 74, 22),
(553, 6.000000, 3400.00, 'equation', NULL, NULL, 1, NULL, NULL, 75, 119, 20),
(554, 151.000000, 38.00, 'equation', NULL, NULL, 1, NULL, NULL, 75, 46, 23),
(555, 1.000000, -645.39, 'none', NULL, NULL, 1, NULL, NULL, 75, 60, NULL),
(556, 520.000000, 77.00, 'equation', NULL, NULL, 1, NULL, NULL, 76, 74, 22),
(557, 180.000000, 101.00, 'equation', NULL, NULL, 1, NULL, NULL, 76, 39, 12),
(558, 26.000000, 145.00, 'equation', NULL, NULL, 1, NULL, NULL, 76, 40, 18),
(559, 2.000000, 2300.00, 'equation', NULL, NULL, 1, NULL, NULL, 76, 41, 20),
(560, 1.000000, -499.43, 'none', NULL, NULL, 1, NULL, NULL, 76, 60, NULL),
(561, 3450.000000, 61.00, 'equation', NULL, NULL, 1, NULL, NULL, 77, 31, 11),
(562, 450.000000, 91.00, 'equation', NULL, NULL, 1, NULL, NULL, 77, 79, 22),
(563, 150.000000, 95.00, '', NULL, NULL, 1, NULL, NULL, 77, 147, NULL),
(564, 400.000000, 28.00, 'equation', NULL, NULL, 1, NULL, NULL, 77, 70, 23),
(565, 3000.000000, 23.50, '', NULL, NULL, 1, NULL, NULL, 77, 148, NULL),
(566, 265.000000, 28.00, 'equation', NULL, NULL, 1, NULL, NULL, 77, 35, 14),
(567, 1800.000000, 30.00, 'equation', NULL, NULL, 1, NULL, NULL, 77, 28, 9),
(568, 250.000000, 300.00, 'same', NULL, NULL, 1, NULL, NULL, 77, 52, NULL),
(569, 19000.000000, 8.00, '', NULL, NULL, 1, NULL, NULL, 77, 149, NULL),
(570, 13250.000000, 57.00, 'equation', NULL, NULL, 0, NULL, NULL, 77, 31, 11),
(571, 1000.000000, 25.00, '', NULL, NULL, 1, NULL, NULL, 77, 150, NULL),
(572, 175.000000, 85.00, 'equation', NULL, NULL, 0, NULL, NULL, 77, 79, 22),
(573, 4750.000000, 85.00, '', NULL, NULL, 0, NULL, NULL, 77, 147, NULL),
(574, 500.000000, 23.00, 'equation', NULL, NULL, 1, NULL, NULL, 77, 45, 23),
(575, 350.000000, 28.00, 'equation', NULL, NULL, 0, NULL, NULL, 77, 35, 14),
(576, 14250.000000, 25.25, 'equation', NULL, NULL, 0, NULL, NULL, 77, 28, 9),
(577, 750.000000, 300.00, 'same', NULL, NULL, 0, NULL, NULL, 77, 52, NULL),
(578, 29200.000000, 8.00, '', NULL, NULL, 0, NULL, NULL, 77, 149, NULL),
(579, 1000.000000, 8.00, '', NULL, NULL, 1, NULL, NULL, 77, 151, NULL),
(580, 1.000000, -20117.68, 'none', NULL, NULL, 1, NULL, NULL, 77, 60, NULL),
(581, 2.000000, 2300.00, 'equation', NULL, NULL, 1, NULL, NULL, 78, 119, 20),
(582, 1.000000, -34.50, 'none', NULL, NULL, 1, NULL, NULL, 78, 60, NULL),
(583, 7.000000, 2300.00, 'same', NULL, NULL, 1, NULL, NULL, 80, 50, NULL),
(584, 285.000000, 30.00, 'equation', NULL, NULL, 1, NULL, NULL, 79, 74, 22),
(585, 98.000000, 41.00, 'equation', NULL, NULL, 1, NULL, NULL, 79, 39, 12),
(586, 462.000000, 33.00, 'equation', NULL, NULL, 1, NULL, NULL, 79, 31, 11),
(587, 481.000000, 47.00, 'equation', NULL, NULL, 1, NULL, NULL, 79, 32, 12),
(588, 3.000000, 1750.00, 'equation', NULL, NULL, 1, NULL, NULL, 79, 41, 20),
(589, 20.000000, 55.00, 'equation', NULL, NULL, 1, NULL, NULL, 79, 64, 39),
(590, 206.000000, 42.00, 'equation', NULL, NULL, 1, NULL, NULL, 79, 79, 22),
(591, 492.000000, 40.00, 'equation', NULL, NULL, 1, NULL, NULL, 79, 69, 12),
(592, 2284.000000, 14.75, 'equation', NULL, NULL, 1, NULL, NULL, 79, 45, 23),
(593, 78.000000, 23.00, 'none', NULL, NULL, 1, NULL, NULL, 79, 152, NULL),
(594, 2142.000000, 11.75, 'equation', NULL, NULL, 1, NULL, NULL, 79, 30, 10),
(595, 1241.000000, 12.25, 'equation', NULL, NULL, 1, NULL, NULL, 79, 26, 8),
(596, 24.000000, 145.00, 'same', NULL, NULL, 1, NULL, NULL, 79, 52, NULL),
(597, 83.110000, 19.00, '', NULL, NULL, 1, NULL, NULL, 79, 153, NULL),
(598, 9953.000000, 3.25, '', NULL, NULL, 1, NULL, NULL, 79, 149, NULL),
(599, 698.000000, 43.00, 'equation', NULL, NULL, 1, NULL, NULL, 81, 74, 22),
(600, 44.000000, 115.00, 'equation', NULL, NULL, 1, NULL, NULL, 81, 40, 18),
(601, 2.000000, 1900.00, 'equation', NULL, NULL, 1, NULL, NULL, 81, 41, 20),
(602, 142.000000, 90.00, 'equation', NULL, NULL, 1, NULL, NULL, 82, 39, 12),
(603, 824.000000, 54.00, 'equation', NULL, NULL, 1, NULL, NULL, 82, 61, 11),
(604, 2.000000, 2500.00, 'equation', NULL, NULL, 1, NULL, NULL, 82, 119, 20),
(605, 2.000000, 2850.00, 'equation', NULL, NULL, 1, NULL, NULL, 83, 119, 20),
(606, 25.000000, 2475.00, 'equation', NULL, NULL, 1, NULL, NULL, 84, 47, 24),
(607, 59.000000, 2400.00, 'same', NULL, NULL, 1, NULL, NULL, 84, 50, NULL),
(608, 3.000000, 500.00, 'same', NULL, NULL, 1, NULL, NULL, 84, 51, NULL),
(609, 470.000000, 43.00, 'none', NULL, NULL, 1, NULL, NULL, 84, 133, NULL),
(610, 4.000000, 2775.00, 'equation', NULL, NULL, 1, NULL, NULL, 85, 47, 24),
(611, 15.000000, 2675.00, 'same', NULL, NULL, 1, NULL, NULL, 85, 50, NULL),
(612, 160.000000, 43.00, 'none', NULL, NULL, 1, NULL, NULL, 85, 133, NULL),
(613, 810.000000, 251.00, 'equation', NULL, NULL, 1, NULL, NULL, 86, 154, 38),
(614, 590.000000, 76.00, 'equation', NULL, NULL, 1, NULL, NULL, 86, 77, 37),
(615, 47.000000, 152.00, 'equation', NULL, NULL, 1, NULL, NULL, 86, 40, 18),
(616, 370.000000, 118.00, 'none', NULL, NULL, 1, NULL, NULL, 86, 125, NULL),
(617, 756.000000, 56.00, 'equation', NULL, NULL, 1, NULL, NULL, 86, 61, 11),
(618, 6.000000, 2300.00, 'equation', NULL, NULL, 1, NULL, NULL, 86, 41, 20),
(619, 700.000000, 164.00, '', NULL, NULL, 1, NULL, NULL, 86, 155, NULL),
(620, 180.000000, 32.00, 'equation', NULL, NULL, 1, NULL, NULL, 86, 45, 23),
(621, 280.000000, 41.00, 'equation', NULL, NULL, 1, NULL, NULL, 86, 80, 8),
(622, 1600.000000, 40.00, 'equation', NULL, NULL, 1, NULL, NULL, 86, 26, 8),
(623, 420.000000, 42.00, 'equation', NULL, NULL, 1, NULL, NULL, 86, 130, 32),
(624, 9.000000, 369.25, 'same', NULL, NULL, 1, NULL, NULL, 86, 52, NULL),
(625, 1.000000, 2600.00, 'equation', NULL, NULL, 1, NULL, NULL, 86, 89, 15),
(626, 9.000000, 600.00, 'equation', NULL, NULL, 1, NULL, NULL, 86, 90, 16),
(627, 1963.000000, 47.25, 'equation', NULL, NULL, 1, NULL, NULL, 87, 74, 22),
(628, 403.000000, 57.00, 'equation', NULL, NULL, 1, NULL, NULL, 87, 39, 12),
(629, 12024.000000, 34.50, 'equation', NULL, NULL, 1, NULL, NULL, 87, 31, 11),
(630, 596.000000, 67.00, 'none', NULL, NULL, 1, NULL, NULL, 87, 125, NULL),
(631, 6.000000, 1500.00, 'equation', NULL, NULL, 1, NULL, NULL, 87, 41, 20),
(632, 3424.000000, 31.50, 'equation', NULL, NULL, 1, NULL, NULL, 87, 63, 11),
(633, 237.000000, 67.00, 'equation', NULL, NULL, 1, NULL, NULL, 87, 44, 22),
(634, 2211.000000, 53.00, 'equation', NULL, NULL, 1, NULL, NULL, 87, 79, 22),
(635, 445.000000, 55.00, 'equation', NULL, NULL, 1, NULL, NULL, 87, 69, 12),
(636, 750.000000, 23.00, 'equation', NULL, NULL, 1, NULL, NULL, 87, 84, 23),
(637, 105.000000, 21.00, 'equation', NULL, NULL, 1, NULL, NULL, 87, 30, 10),
(638, 31647.000000, 17.00, 'equation', NULL, NULL, 1, NULL, NULL, 87, 26, 8),
(639, 28281.000000, 17.00, 'equation', NULL, NULL, 1, NULL, NULL, 87, 27, 8),
(640, 5.350000, 285.00, 'same', NULL, NULL, 1, NULL, NULL, 87, 52, NULL),
(641, 146.000000, 1600.00, 'equation', NULL, NULL, 1, NULL, NULL, 87, 156, 15),
(642, 2.000000, 1600.00, 'equation', NULL, NULL, 1, NULL, NULL, 87, 157, 15),
(643, 222.000000, 680.00, 'same', NULL, NULL, 1, NULL, NULL, 87, 25, NULL),
(644, 56.000000, 65.00, 'equation', NULL, NULL, 1, NULL, NULL, 88, 39, 12),
(645, 2102.000000, 15.00, 'equation', NULL, NULL, 1, NULL, NULL, 88, 30, 10),
(646, 630.000000, 33.00, 'equation', NULL, NULL, 1, NULL, NULL, 88, 31, 11),
(647, 417.000000, 145.00, 'equation', NULL, NULL, 1, NULL, NULL, 89, 154, 38),
(648, 517.000000, 54.00, 'equation', NULL, NULL, 1, NULL, NULL, 89, 39, 12),
(649, 925.000000, 35.00, 'equation', NULL, NULL, 1, NULL, NULL, 89, 31, 11),
(650, 89.000000, 73.00, 'none', NULL, NULL, 1, NULL, NULL, 89, 125, NULL),
(651, 200.000000, 42.00, 'equation', NULL, NULL, 1, NULL, NULL, 89, 61, 11),
(652, 798.000000, 109.00, '', NULL, NULL, 1, NULL, NULL, 89, 158, NULL),
(653, 1139.000000, 21.50, 'equation', NULL, NULL, 1, NULL, NULL, 89, 26, 8),
(654, 145.000000, 24.00, 'equation', NULL, NULL, 1, NULL, NULL, 89, 27, 8),
(655, 264.000000, 26.00, 'equation', NULL, NULL, 1, NULL, NULL, 89, 81, 8),
(656, 2.000000, 1950.00, 'equation', NULL, NULL, 1, NULL, NULL, 89, 156, 15),
(657, 18.000000, 200.00, '', NULL, NULL, 1, NULL, NULL, 89, 159, NULL),
(658, 1054.000000, 47.00, 'equation', NULL, NULL, 1, NULL, NULL, 90, 31, 11),
(659, 415.000000, 88.00, 'none', NULL, NULL, 1, NULL, NULL, 90, 125, NULL),
(660, 131.000000, 120.00, 'equation', NULL, NULL, 1, NULL, NULL, 90, 44, 22),
(661, 99.000000, 91.00, 'equation', NULL, NULL, 1, NULL, NULL, 90, 69, 12),
(662, 144.000000, 26.00, 'equation', NULL, NULL, 1, NULL, NULL, 90, 45, 23),
(663, 2175.000000, 30.00, 'equation', NULL, NULL, 1, NULL, NULL, 90, 26, 8),
(664, 22.000000, 385.00, 'same', NULL, NULL, 1, NULL, NULL, 90, 52, NULL),
(665, 1108.000000, 63.00, 'equation', NULL, NULL, 1, NULL, NULL, 91, 61, 11),
(667, 7.000000, 193.00, 'same', NULL, NULL, 1, NULL, NULL, 91, 101, NULL),
(668, 2608.000000, 81.00, 'equation', NULL, NULL, 0, NULL, NULL, 91, 61, 11),
(669, 3.000000, 2900.00, 'equation', NULL, NULL, 1, NULL, NULL, 92, 47, 24),
(670, 4.000000, 2950.00, 'equation', NULL, NULL, 1, NULL, NULL, 92, 48, 25),
(671, 22.000000, 2850.00, 'same', NULL, NULL, 1, NULL, NULL, 92, 50, NULL),
(672, 200.000000, 160.00, 'equation', NULL, NULL, 1, NULL, NULL, 93, 31, 11),
(673, 8.000000, 2900.00, 'equation', NULL, NULL, 1, NULL, NULL, 93, 47, 24),
(674, 4.000000, 3000.00, 'equation', NULL, NULL, 1, NULL, NULL, 93, 48, 25),
(675, 22.000000, 2850.00, 'same', NULL, NULL, 1, NULL, NULL, 93, 50, NULL),
(676, 176.000000, 69.00, 'none', NULL, NULL, 1, NULL, NULL, 93, 133, NULL),
(677, 284.000000, 197.00, '', NULL, NULL, 1, NULL, NULL, 94, 131, NULL),
(678, 794.000000, 182.00, 'equation', NULL, NULL, 1, NULL, NULL, 94, 154, 38),
(679, 550.000000, 115.00, 'equation', NULL, NULL, 1, NULL, NULL, 94, 39, 12),
(680, 6482.000000, 56.00, 'equation', NULL, NULL, 1, NULL, NULL, 94, 31, 11),
(681, 1060.000000, 118.00, 'none', NULL, NULL, 1, NULL, NULL, 94, 125, NULL),
(682, 4657.360000, 52.00, 'equation', NULL, NULL, 1, NULL, NULL, 94, 61, 11),
(683, 1416.000000, 47.00, 'equation', NULL, NULL, 1, NULL, NULL, 94, 63, 11),
(684, 2680.000000, 97.00, 'equation', NULL, NULL, 1, NULL, NULL, 94, 64, 39),
(685, 92.000000, 147.00, 'equation', NULL, NULL, 1, NULL, NULL, 94, 69, 12),
(686, 349.000000, 24.00, 'equation', NULL, NULL, 1, NULL, NULL, 94, 46, 23),
(687, 460.000000, 24.00, 'equation', NULL, NULL, 1, NULL, NULL, 94, 115, 23),
(688, 21888.000000, 29.00, 'equation', NULL, NULL, 1, NULL, NULL, 94, 26, 8),
(689, 13886.000000, 26.25, 'equation', NULL, NULL, 1, NULL, NULL, 94, 27, 8),
(690, 185.000000, 338.00, 'equation', NULL, NULL, 1, NULL, NULL, 95, 76, 38),
(691, 10512.000000, 78.50, 'equation', NULL, NULL, 1, NULL, NULL, 95, 74, 22),
(692, 10699.000000, 52.75, 'equation', NULL, NULL, 1, NULL, NULL, 95, 31, 11),
(693, 16542.000000, 71.00, 'equation', NULL, NULL, 1, NULL, NULL, 95, 68, 22),
(694, 1250.000000, 132.00, 'equation', NULL, NULL, 1, NULL, NULL, 95, 32, 12),
(695, 3.000000, 2200.00, 'equation', NULL, NULL, 1, NULL, NULL, 95, 41, 20),
(696, 3690.000000, 58.00, 'equation', NULL, NULL, 1, NULL, NULL, 95, 63, 11),
(697, 3031.000000, 84.00, 'equation', NULL, NULL, 1, NULL, NULL, 95, 79, 22),
(698, 540.000000, 121.00, 'equation', NULL, NULL, 1, NULL, NULL, 95, 69, 12),
(699, 1819.000000, 26.00, 'equation', NULL, NULL, 1, NULL, NULL, 95, 138, 23),
(700, 262.000000, 29.00, 'equation', NULL, NULL, 1, NULL, NULL, 95, 46, 23),
(701, 426.000000, 29.00, 'equation', NULL, NULL, 1, NULL, NULL, 95, 115, 23),
(702, 8730.000000, 33.50, 'equation', NULL, NULL, 1, NULL, NULL, 95, 30, 10),
(703, 806.000000, 34.00, 'equation', NULL, NULL, 1, NULL, NULL, 95, 65, 10),
(704, 32402.000000, 30.75, 'equation', NULL, NULL, 1, NULL, NULL, 95, 26, 8),
(705, 31925.000000, 30.75, 'equation', NULL, NULL, 1, NULL, NULL, 95, 27, 8),
(706, 165.000000, 1225.00, 'same', NULL, NULL, 1, NULL, NULL, 95, 51, NULL),
(707, 81.000000, 393.75, 'same', NULL, NULL, 1, NULL, NULL, 95, 52, NULL),
(708, 1529.000000, 2.75, '', NULL, NULL, 1, NULL, NULL, 95, 160, NULL),
(709, 1.000000, -48498.18, 'none', NULL, NULL, 1, NULL, NULL, 95, 60, NULL),
(710, 197.000000, 2500.00, 'equation', NULL, NULL, 1, NULL, NULL, 95, 156, 15),
(711, 5.000000, 2500.00, 'equation', NULL, NULL, 1, NULL, NULL, 95, 157, 15),
(712, 37.000000, 700.00, 'equation', NULL, NULL, 1, NULL, NULL, 95, 38, 16),
(713, 208.000000, 76.00, 'none', NULL, NULL, 1, NULL, NULL, 96, 133, NULL),
(714, 16.000000, 3750.00, 'equation', NULL, NULL, 1, NULL, NULL, 96, 47, 24),
(715, 7.000000, 3700.00, 'same', NULL, NULL, 1, NULL, NULL, 96, 50, NULL),
(716, 1.000000, 8100.00, 'equation', NULL, NULL, 1, NULL, NULL, 97, 47, 24),
(717, 2.000000, 10400.00, 'equation', NULL, NULL, 1, NULL, NULL, 98, 47, 24),
(718, 32.000000, 1440.00, 'none', NULL, NULL, 1, NULL, NULL, 98, 133, NULL),
(719, 5050.000000, 40.00, '', NULL, NULL, 1, NULL, NULL, 99, 161, NULL),
(720, 5050.000000, 35.00, '', NULL, NULL, 1, NULL, NULL, 99, 162, NULL),
(721, 500.000000, 17.00, 'equation', NULL, NULL, 1, NULL, NULL, 99, 163, 28),
(722, 500.000000, 19.00, 'equation', NULL, NULL, 1, NULL, NULL, 99, 164, 41),
(723, 200.000000, 22.00, 'none', NULL, NULL, 1, NULL, NULL, 99, 165, NULL),
(724, 290.000000, 55.00, 'equation', NULL, NULL, 1, NULL, NULL, 100, 31, 11),
(725, 110.000000, 106.00, 'equation', NULL, NULL, 1, NULL, NULL, 100, 108, 11),
(726, 330.000000, 83.00, 'none', NULL, NULL, 1, NULL, NULL, 100, 125, NULL),
(727, 90.000000, 190.00, 'equation', NULL, NULL, 1, NULL, NULL, 100, 107, 12),
(728, 2.000000, 4500.00, 'equation', NULL, NULL, 1, NULL, NULL, 100, 62, 29),
(729, 290.000000, 97.00, 'equation', NULL, NULL, 1, NULL, NULL, 100, 44, 22),
(730, 340.000000, 22.00, 'equation', NULL, NULL, 1, NULL, NULL, 100, 46, 23),
(731, 990.000000, 28.00, 'equation', NULL, NULL, 1, NULL, NULL, 100, 26, 8),
(732, 2.000000, 2600.00, 'equation', NULL, NULL, 1, NULL, NULL, 101, 47, 24),
(733, 40.000000, 2550.00, 'same', NULL, NULL, 1, NULL, NULL, 101, 50, NULL),
(734, 2.000000, 1000.00, 'same', NULL, NULL, 1, NULL, NULL, 101, 51, NULL),
(735, 40.000000, 71.00, '', NULL, NULL, 1, NULL, NULL, 102, 166, NULL),
(736, 160.000000, 55.00, 'equation', NULL, NULL, 1, NULL, NULL, 102, 31, 11),
(737, 70.000000, 155.00, '', NULL, NULL, 1, NULL, NULL, 102, 167, NULL),
(738, 70.000000, 143.00, '', NULL, NULL, 1, NULL, NULL, 102, 168, NULL),
(739, 170.000000, 103.00, 'equation', NULL, NULL, 1, NULL, NULL, 102, 64, 39),
(740, 50.000000, 89.00, 'equation', NULL, NULL, 1, NULL, NULL, 102, 79, 22),
(741, 80.000000, 109.00, 'equation', NULL, NULL, 1, NULL, NULL, 102, 69, 12),
(742, 740.000000, 32.00, 'equation', NULL, NULL, 1, NULL, NULL, 102, 35, 14),
(743, 502.000000, 187.00, '', NULL, NULL, 1, NULL, NULL, 103, 169, NULL),
(744, 9820.000000, 58.00, 'equation', NULL, NULL, 1, NULL, NULL, 104, 61, 11),
(745, 36.000000, 5800.00, 'equation', NULL, NULL, 1, NULL, NULL, 104, 62, 29),
(746, 5.000000, 6700.00, '', NULL, NULL, 1, NULL, NULL, 104, 170, NULL),
(747, 7.000000, 2300.00, 'equation', NULL, NULL, 1, NULL, NULL, 104, 41, 20),
(748, 5.000000, 2300.00, 'equation', NULL, NULL, 1, NULL, NULL, 104, 128, 20),
(749, 135.000000, 91.00, 'equation', NULL, NULL, 1, NULL, NULL, 106, 74, 22),
(750, 730.000000, 64.00, 'equation', NULL, NULL, 1, NULL, NULL, 106, 61, 11),
(751, 2.000000, 1200.00, 'same', NULL, NULL, 1, NULL, NULL, 106, 51, NULL),
(752, 21.000000, 96.00, 'equation', NULL, NULL, 1, NULL, NULL, 107, 42, 11),
(753, 1309.000000, 56.00, 'equation', NULL, NULL, 1, NULL, NULL, 107, 31, 11),
(754, 586.000000, 114.00, 'none', NULL, NULL, 1, NULL, NULL, 107, 125, NULL),
(755, 351.000000, 53.00, 'equation', NULL, NULL, 1, NULL, NULL, 107, 61, 11),
(756, 1535.000000, 134.00, 'equation', NULL, NULL, 1, NULL, NULL, 107, 64, 39),
(757, 3769.000000, 29.00, 'equation', NULL, NULL, 1, NULL, NULL, 107, 171, 8),
(758, 2340.000000, 48.00, 'equation', NULL, NULL, 1, NULL, NULL, 107, 172, 8),
(759, 1237.000000, 101.00, 'equation', NULL, NULL, 1, NULL, NULL, 107, 39, 12),
(760, 241.000000, 93.00, 'equation', NULL, NULL, 1, NULL, NULL, 107, 77, 37),
(761, 179.000000, 270.00, 'none', NULL, NULL, 1, NULL, NULL, 107, 133, NULL),
(762, 220.000000, 62.00, 'none', NULL, NULL, 1, NULL, NULL, 108, 133, NULL),
(763, 176.000000, 72.00, 'equation', NULL, NULL, 1, NULL, NULL, 111, 39, 12),
(764, 2.000000, 2100.00, 'equation', NULL, NULL, 1, NULL, NULL, 111, 128, 20),
(765, 0.500000, 6000.00, 'none', NULL, NULL, 1, NULL, NULL, 37, 173, NULL),
(766, 147.560000, 49.00, 'same', NULL, NULL, 1, NULL, NULL, 37, 174, NULL),
(767, 8.000000, 0.01, 'equation', NULL, NULL, 1, NULL, NULL, 114, 48, 25),
(768, 100.000000, 0.01, 'none', NULL, NULL, 1, NULL, NULL, 114, 125, NULL),
(769, 400.000000, 0.01, 'equation', NULL, NULL, 1, NULL, NULL, 114, 45, 23),
(770, 1.000000, 42494.92, 'none', NULL, NULL, 1, NULL, NULL, 114, 175, NULL),
(771, 3.000000, 3100.00, 'equation', NULL, NULL, 1, NULL, NULL, 113, 48, 25),
(772, 9.000000, 2900.00, 'same', NULL, NULL, 1, NULL, NULL, 113, 50, NULL),
(773, 32.000000, 76.00, 'none', NULL, NULL, 1, NULL, NULL, 113, 133, NULL),
(774, 2.000000, 2500.00, 'equation', NULL, NULL, 1, NULL, NULL, 115, 47, 24),
(775, 19.000000, 2550.00, 'equation', NULL, NULL, 1, NULL, NULL, 115, 48, 25),
(776, 34.000000, 2375.00, 'same', NULL, NULL, 1, NULL, NULL, 115, 50, NULL),
(777, 160.000000, 39.00, 'none', NULL, NULL, 1, NULL, NULL, 115, 133, NULL),
(778, 213.000000, 63.00, 'equation', NULL, NULL, 1, NULL, NULL, 116, 74, 22),
(779, 105.000000, 68.00, 'equation', NULL, NULL, 1, NULL, NULL, 116, 79, 22),
(780, 347.000000, 27.50, 'equation', NULL, NULL, 1, NULL, NULL, 116, 26, 8),
(781, 229.000000, 78.00, 'equation', NULL, NULL, 1, NULL, NULL, 117, 64, 39),
(782, 600.000000, 45.00, 'equation', NULL, NULL, 1, NULL, NULL, 117, 78, 30),
(783, 6.000000, 3200.00, '', NULL, NULL, 1, NULL, NULL, 117, 176, NULL),
(784, 1.000000, 2000.00, 'equation', NULL, NULL, 1, NULL, NULL, 117, 53, 16),
(785, 1029.000000, 274.00, 'equation', NULL, NULL, 1, NULL, NULL, 118, 76, 38),
(786, 19.000000, 149.00, 'equation', NULL, NULL, 1, NULL, NULL, 118, 40, 18),
(787, 2617.000000, 58.00, 'equation', NULL, NULL, 1, NULL, NULL, 118, 31, 11),
(788, 413.000000, 178.00, '', NULL, NULL, 1, NULL, NULL, 118, 167, NULL),
(789, 1388.000000, 127.00, 'none', NULL, NULL, 1, NULL, NULL, 118, 125, NULL),
(790, 796.000000, 64.00, 'equation', NULL, NULL, 1, NULL, NULL, 118, 61, 11),
(791, 1451.000000, 144.00, '', NULL, NULL, 1, NULL, NULL, 118, 177, NULL),
(792, 370.000000, 150.00, '', NULL, NULL, 0, NULL, NULL, 118, 177, NULL);
INSERT INTO `project_item` (`id`, `quantity`, `price`, `yield_calculation`, `quantity_old`, `price_old`, `principal`, `change_order`, `change_order_date`, `project_id`, `item_id`, `equation_id`) VALUES
(793, 199.000000, 210.00, '', NULL, NULL, 1, NULL, NULL, 118, 155, NULL),
(794, 967.000000, 29.00, 'equation', NULL, NULL, 1, NULL, NULL, 118, 138, 23),
(795, 351.000000, 31.00, 'equation', NULL, NULL, 1, NULL, NULL, 118, 45, 23),
(796, 540.000000, 12.50, '', NULL, NULL, 1, NULL, NULL, 118, 178, NULL),
(797, 5186.000000, 37.50, 'equation', NULL, NULL, 1, NULL, NULL, 118, 26, 8),
(798, 4677.000000, 36.50, 'equation', NULL, NULL, 1, NULL, NULL, 118, 27, 8),
(799, 1450.000000, 39.00, 'equation', NULL, NULL, 1, NULL, NULL, 118, 81, 8),
(800, 330.000000, 95.00, 'equation', NULL, NULL, 1, NULL, NULL, 118, 42, 11),
(801, 5.000000, 2200.00, 'equation', NULL, NULL, 1, NULL, NULL, 118, 41, 20),
(802, 1.000000, 4000.00, 'equation', NULL, NULL, 1, NULL, NULL, 119, 48, 25),
(803, 2.000000, 3900.00, 'same', NULL, NULL, 1, NULL, NULL, 119, 50, NULL),
(804, 36.000000, 86.00, 'none', NULL, NULL, 1, NULL, NULL, 119, 133, NULL),
(805, 224.000000, 319.00, 'equation', NULL, NULL, 1, NULL, NULL, 120, 106, 31),
(806, 441.000000, 88.00, 'equation', NULL, NULL, 1, NULL, NULL, 120, 74, 22),
(807, 5.000000, 138.00, 'equation', NULL, NULL, 1, NULL, NULL, 120, 31, 11),
(808, 4.000000, 2600.00, 'equation', NULL, NULL, 1, NULL, NULL, 120, 119, 20),
(809, 23.000000, 146.00, 'equation', NULL, NULL, 1, NULL, NULL, 120, 79, 22),
(810, 230.000000, 39.00, 'equation', NULL, NULL, 1, NULL, NULL, 120, 28, 9),
(811, 0.680000, 1300.00, 'same', NULL, NULL, 1, NULL, NULL, 120, 179, NULL),
(812, 4.000000, 3800.00, 'equation', NULL, NULL, 1, NULL, NULL, 121, 47, 24),
(813, 10.000000, 3700.00, 'same', NULL, NULL, 1, NULL, NULL, 121, 50, NULL),
(814, 120.000000, 63.00, 'none', NULL, NULL, 1, NULL, NULL, 121, 133, NULL),
(815, 1.000000, 3300.00, 'equation', NULL, NULL, 1, NULL, NULL, 122, 47, 24),
(816, 9.000000, 3200.00, 'same', NULL, NULL, 1, NULL, NULL, 122, 50, NULL),
(817, 64.000000, 77.00, 'none', NULL, NULL, 1, NULL, NULL, 122, 133, NULL),
(818, 732.000000, 297.00, 'equation', NULL, NULL, 1, NULL, NULL, 123, 76, 38),
(819, 295.000000, 114.00, 'equation', NULL, NULL, 1, NULL, NULL, 123, 74, 22),
(820, 558.000000, 135.00, 'equation', NULL, NULL, 1, NULL, NULL, 123, 39, 12),
(821, 2839.000000, 76.00, 'equation', NULL, NULL, 1, NULL, NULL, 123, 31, 11),
(822, 220.000000, 211.00, 'none', NULL, NULL, 1, NULL, NULL, 123, 125, NULL),
(823, 3074.000000, 159.00, 'equation', NULL, NULL, 1, NULL, NULL, 123, 64, 39),
(824, 116.000000, 128.00, 'equation', NULL, NULL, 1, NULL, NULL, 123, 79, 22),
(825, 283.000000, 139.00, 'equation', NULL, NULL, 1, NULL, NULL, 123, 69, 12),
(826, 463.000000, 35.00, 'equation', NULL, NULL, 1, NULL, NULL, 123, 46, 23),
(827, 629.000000, 35.00, 'equation', NULL, NULL, 1, NULL, NULL, 123, 115, 23),
(828, 5848.000000, 45.50, 'equation', NULL, NULL, 1, NULL, NULL, 123, 26, 8),
(829, 258.000000, 76.00, 'none', NULL, NULL, 1, NULL, NULL, 123, 133, NULL),
(830, 494.000000, 77.00, 'equation', NULL, NULL, 1, NULL, NULL, 124, 74, 22),
(831, 13.000000, 149.00, 'equation', NULL, NULL, 1, NULL, NULL, 124, 40, 18),
(832, 181.000000, 118.00, 'equation', NULL, NULL, 1, NULL, NULL, 124, 61, 11),
(833, 1.000000, 2200.00, 'equation', NULL, NULL, 1, NULL, NULL, 124, 119, 20),
(834, 2.000000, 2050.00, 'equation', NULL, NULL, 1, NULL, NULL, 124, 41, 20),
(835, 42.000000, 160.00, 'equation', NULL, NULL, 1, NULL, NULL, 124, 63, 11),
(836, 29.000000, 98.00, 'equation', NULL, NULL, 1, NULL, NULL, 124, 79, 22),
(837, 174.000000, 40.00, 'equation', NULL, NULL, 1, NULL, NULL, 124, 28, 9),
(838, 127.000000, 136.00, 'equation', NULL, NULL, 1, NULL, NULL, 125, 61, 11),
(839, 380.000000, 42.00, 'equation', NULL, NULL, 1, NULL, NULL, 125, 26, 8),
(840, 94.000000, 134.00, '', NULL, NULL, 1, NULL, NULL, 125, 180, NULL),
(841, 92.000000, 62.00, 'equation', NULL, NULL, 1, NULL, NULL, 125, 31, 11),
(842, 1.000000, 2500.00, 'equation', NULL, NULL, 1, NULL, NULL, 125, 41, 20),
(843, 115.000000, 194.00, 'equation', NULL, NULL, 1, NULL, NULL, 126, 181, 38),
(844, 72.000000, 108.00, 'equation', NULL, NULL, 1, NULL, NULL, 126, 39, 12),
(845, 60.000000, 59.00, 'equation', NULL, NULL, 1, NULL, NULL, 126, 31, 11),
(846, 407.000000, 88.00, 'none', NULL, NULL, 1, NULL, NULL, 126, 125, NULL),
(847, 179.000000, 102.00, 'equation', NULL, NULL, 1, NULL, NULL, 126, 44, 22),
(848, 120.000000, 30.00, 'equation', NULL, NULL, 1, NULL, NULL, 126, 182, 23),
(849, 120.000000, 30.00, 'equation', NULL, NULL, 1, NULL, NULL, 126, 115, 23),
(850, 1907.000000, 28.00, 'equation', NULL, NULL, 1, NULL, NULL, 126, 28, 9),
(851, 2.000000, 1500.00, 'equation', NULL, NULL, 1, NULL, NULL, 126, 48, 25),
(852, 430.000000, 246.00, 'equation', NULL, NULL, 1, NULL, NULL, 127, 181, 38),
(853, 80.000000, 78.00, 'equation', NULL, NULL, 1, NULL, NULL, 127, 74, 22),
(854, 24.000000, 114.00, 'equation', NULL, NULL, 1, NULL, NULL, 127, 40, 18),
(855, 420.000000, 121.00, 'none', NULL, NULL, 1, NULL, NULL, 127, 125, NULL),
(856, 3.000000, 1900.00, 'equation', NULL, NULL, 1, NULL, NULL, 127, 41, 20),
(857, 1274.000000, 102.00, 'equation', NULL, NULL, 1, NULL, NULL, 127, 44, 22),
(858, 57.000000, 80.00, 'equation', NULL, NULL, 1, NULL, NULL, 127, 79, 22),
(859, 542.000000, 26.00, 'equation', NULL, NULL, 1, NULL, NULL, 127, 138, 23),
(860, 1568.000000, 31.00, 'equation', NULL, NULL, 1, NULL, NULL, 127, 26, 8),
(861, 575.000000, 31.00, 'equation', NULL, NULL, 1, NULL, NULL, 127, 81, 8),
(862, 119.000000, 115.00, '', NULL, NULL, 1, NULL, NULL, 128, 136, NULL),
(863, 1126.000000, 58.00, 'equation', NULL, NULL, 1, NULL, NULL, 128, 31, 11),
(864, 3533.000000, 45.00, 'equation', NULL, NULL, 1, NULL, NULL, 128, 61, 11),
(865, 6.000000, 2000.00, 'equation', NULL, NULL, 1, NULL, NULL, 128, 41, 20),
(866, 119.000000, 80.00, 'equation', NULL, NULL, 1, NULL, NULL, 128, 44, 22),
(867, 618.000000, 37.00, 'equation', NULL, NULL, 1, NULL, NULL, 128, 78, 30),
(868, 166.000000, 28.00, 'equation', NULL, NULL, 1, NULL, NULL, 128, 28, 9),
(869, 26526.000000, 21.75, 'equation', NULL, NULL, 1, NULL, NULL, 128, 29, 9),
(870, 35.000000, 325.00, 'same', NULL, NULL, 1, NULL, NULL, 128, 52, NULL),
(871, 15.000000, 325.00, 'same', NULL, NULL, 0, NULL, NULL, 128, 52, NULL),
(872, 4.000000, 1500.00, '', NULL, NULL, 1, NULL, NULL, 128, 140, NULL),
(873, 563.000000, 90.00, 'equation', NULL, NULL, 1, NULL, NULL, 129, 74, 22),
(874, 62.000000, 122.00, 'equation', NULL, NULL, 1, NULL, NULL, 129, 39, 12),
(875, 10.000000, 188.00, 'equation', NULL, NULL, 1, NULL, NULL, 129, 40, 18),
(876, 130.000000, 80.00, 'equation', NULL, NULL, 1, NULL, NULL, 129, 61, 11),
(877, 1.000000, 2700.00, 'equation', NULL, NULL, 1, NULL, NULL, 129, 41, 20),
(878, 227.000000, 45.00, 'equation', NULL, NULL, 1, NULL, NULL, 129, 27, 8),
(879, 1.000000, 4500.00, 'equation', NULL, NULL, 1, NULL, NULL, 130, 47, 24),
(880, 1.000000, 1500.00, 'same', NULL, NULL, 1, NULL, NULL, 130, 51, NULL),
(881, 350.000000, 66.00, 'none', NULL, NULL, 1, NULL, NULL, 130, 133, NULL),
(882, 4.000000, 4900.00, 'same', NULL, NULL, 1, NULL, NULL, 131, 50, NULL),
(883, 3.000000, 4300.00, 'equation', NULL, NULL, 1, NULL, NULL, 132, 48, 25),
(884, 4.000000, 4100.00, 'same', NULL, NULL, 1, NULL, NULL, 132, 50, NULL),
(885, 110.000000, 54.00, 'none', NULL, NULL, 1, NULL, NULL, 132, 133, NULL),
(886, 5.000000, 4350.00, 'equation', NULL, NULL, 1, NULL, NULL, 133, 47, 24),
(887, 1.000000, 4400.00, 'equation', NULL, NULL, 1, NULL, NULL, 133, 48, 25),
(888, 7.000000, 4150.00, 'equation', NULL, NULL, 1, NULL, NULL, 134, 48, 25),
(889, 15.000000, 4100.00, 'same', NULL, NULL, 1, NULL, NULL, 134, 50, NULL),
(890, 4.000000, 3700.00, 'equation', NULL, NULL, 1, NULL, NULL, 135, 47, 24),
(891, 7.000000, 3750.00, 'equation', NULL, NULL, 1, NULL, NULL, 135, 48, 25),
(892, 25.000000, 3600.00, 'same', NULL, NULL, 1, NULL, NULL, 135, 50, NULL),
(893, 6.000000, 69.00, 'none', NULL, NULL, 1, NULL, NULL, 135, 133, NULL),
(894, 3.000000, 4600.00, 'same', NULL, NULL, 1, NULL, NULL, 136, 50, NULL),
(895, 4.000000, 2500.00, 'same', NULL, NULL, 1, NULL, NULL, 136, 51, NULL),
(896, 373.000000, 65.00, 'none', NULL, NULL, 1, NULL, NULL, 136, 133, NULL),
(897, 37.000000, 3050.00, 'equation', NULL, NULL, 1, NULL, NULL, 137, 48, 25),
(898, 13.000000, 2975.00, 'same', NULL, NULL, 1, NULL, NULL, 137, 50, NULL),
(899, 2.000000, 3450.00, 'equation', NULL, NULL, 1, NULL, NULL, 138, 47, 24),
(900, 18.000000, 3400.00, 'same', NULL, NULL, 1, NULL, NULL, 138, 50, NULL),
(901, 16.000000, 76.00, 'none', NULL, NULL, 1, NULL, NULL, 138, 133, NULL),
(902, 3.000000, 3250.00, 'equation', NULL, NULL, 1, NULL, NULL, 139, 47, 24),
(903, 8.000000, 3200.00, 'same', NULL, NULL, 1, NULL, NULL, 139, 50, NULL),
(904, 6.000000, 2075.00, 'same', NULL, NULL, 1, NULL, NULL, 139, 51, NULL),
(905, 24.000000, 65.00, 'none', NULL, NULL, 1, NULL, NULL, 139, 133, NULL),
(906, 1.000000, 5000.00, '', NULL, NULL, 1, NULL, NULL, 139, 183, NULL),
(907, 40.000000, 103.00, 'none', NULL, NULL, 1, NULL, NULL, 140, 133, NULL),
(908, 274.000000, 246.00, 'equation', NULL, NULL, 1, NULL, NULL, 141, 106, 31),
(909, 553.000000, 68.00, 'equation', NULL, NULL, 1, NULL, NULL, 141, 74, 22),
(910, 1.000000, 2500.00, 'equation', NULL, NULL, 1, NULL, NULL, 141, 41, 20),
(911, 92.000000, 325.00, 'same', NULL, NULL, 1, NULL, NULL, 141, 52, NULL),
(912, 1.000000, 3000.00, '', NULL, NULL, 1, NULL, NULL, 141, 140, NULL),
(913, 898.000000, 50.00, '', NULL, NULL, 1, NULL, NULL, 142, 184, NULL),
(914, 5.000000, 500.00, '', NULL, NULL, 1, NULL, NULL, 142, 185, NULL),
(915, 1.000000, 1500.00, 'same', NULL, NULL, 1, NULL, NULL, 142, 186, NULL),
(916, 28.000000, 3400.00, 'equation', NULL, NULL, 1, NULL, NULL, 143, 47, 24),
(917, 8.000000, 3200.00, 'same', NULL, NULL, 1, NULL, NULL, 143, 50, NULL),
(918, 30.000000, 138.00, 'equation', NULL, NULL, 1, NULL, NULL, 144, 79, 22),
(919, 294.000000, 153.00, '', NULL, NULL, 1, NULL, NULL, 144, 187, NULL),
(920, 317.000000, 94.00, 'equation', NULL, NULL, 1, NULL, NULL, 144, 35, 14),
(921, 313.000000, 106.00, 'equation', NULL, NULL, 1, NULL, NULL, 145, 42, 11),
(922, 331.000000, 133.00, '', NULL, NULL, 1, NULL, NULL, 145, 136, NULL),
(923, 2155.000000, 69.00, 'equation', NULL, NULL, 1, NULL, NULL, 145, 31, 11),
(924, 844.000000, 143.00, 'equation', NULL, NULL, 1, NULL, NULL, 145, 108, 11),
(925, 5603.000000, 75.00, 'equation', NULL, NULL, 1, NULL, NULL, 145, 61, 11),
(926, 6455.000000, 54.00, 'equation', NULL, NULL, 1, NULL, NULL, 145, 63, 11),
(927, 421.000000, 129.00, 'equation', NULL, NULL, 1, NULL, NULL, 145, 44, 22),
(928, 916.000000, 103.00, '', NULL, NULL, 1, NULL, NULL, 145, 188, NULL),
(929, 319.000000, 207.00, '', NULL, NULL, 1, NULL, NULL, 145, 189, NULL),
(930, 1447.000000, 32.00, 'equation', NULL, NULL, 1, NULL, NULL, 145, 138, 23),
(931, 1409.000000, 32.00, 'equation', NULL, NULL, 1, NULL, NULL, 145, 115, 23),
(932, 8205.000000, 30.00, 'equation', NULL, NULL, 1, NULL, NULL, 145, 29, 9),
(933, 5275.000000, 39.00, 'equation', NULL, NULL, 1, NULL, NULL, 145, 26, 8),
(934, 1398.000000, 313.00, 'equation', NULL, NULL, 1, NULL, NULL, 145, 154, 38),
(935, 3.000000, 3100.00, 'equation', NULL, NULL, 1, NULL, NULL, 146, 48, 25),
(936, 8.000000, 3000.00, 'same', NULL, NULL, 1, NULL, NULL, 146, 50, NULL),
(937, 50.000000, 184.00, '', NULL, NULL, 1, NULL, NULL, 146, 161, NULL),
(938, 360.000000, 72.00, 'none', NULL, NULL, 1, NULL, NULL, 146, 133, NULL),
(939, 313.000000, 95.00, 'equation', NULL, NULL, 1, NULL, NULL, 147, 74, 22),
(940, 121.000000, 116.00, 'equation', NULL, NULL, 1, NULL, NULL, 147, 39, 12),
(941, 1564.000000, 72.00, 'equation', NULL, NULL, 1, NULL, NULL, 147, 31, 11),
(942, 161.000000, 136.00, 'equation', NULL, NULL, 1, NULL, NULL, 147, 32, 12),
(943, 357.000000, 118.00, 'equation', NULL, NULL, 1, NULL, NULL, 147, 79, 22),
(944, 6280.000000, 26.00, 'equation', NULL, NULL, 1, NULL, NULL, 147, 35, 14),
(945, 1.000000, 36828.20, 'none', NULL, NULL, 1, NULL, NULL, 148, 60, NULL),
(946, 1480.000000, 99.00, 'equation', NULL, NULL, 1, NULL, NULL, 148, 74, 22),
(947, 857.000000, 132.00, 'equation', NULL, NULL, 1, NULL, NULL, 148, 39, 12),
(948, 33.000000, 159.00, 'none', NULL, NULL, 1, NULL, NULL, 148, 125, NULL),
(949, 2327.000000, 70.00, 'equation', NULL, NULL, 1, NULL, NULL, 148, 63, 11),
(950, 1057.000000, 141.00, 'equation', NULL, NULL, 1, NULL, NULL, 148, 44, 22),
(951, 405.000000, 36.00, 'equation', NULL, NULL, 1, NULL, NULL, 148, 45, 23),
(952, 40984.000000, 30.50, 'equation', NULL, NULL, 1, NULL, NULL, 148, 27, 8),
(953, 1610.740000, 83.00, 'equation', NULL, NULL, 1, NULL, NULL, 149, 77, 37),
(954, 5.500000, 58.00, 'equation', NULL, NULL, 1, NULL, NULL, 149, 35, 14),
(955, 878.000000, 41.00, 'equation', NULL, NULL, 1, NULL, NULL, 149, 26, 8),
(956, 285.000000, 103.00, 'equation', NULL, NULL, 1, NULL, NULL, 150, 67, 36),
(957, 900.000000, 64.00, 'equation', NULL, NULL, 1, NULL, NULL, 150, 31, 11),
(958, 215.000000, 127.00, 'none', NULL, NULL, 1, NULL, NULL, 150, 125, NULL),
(959, 350.000000, 103.00, 'equation', NULL, NULL, 1, NULL, NULL, 150, 44, 22),
(960, 108.000000, 108.00, 'equation', NULL, NULL, 1, NULL, NULL, 150, 69, 12),
(961, 3430.000000, 38.50, 'equation', NULL, NULL, 1, NULL, NULL, 150, 26, 8),
(962, 780.000000, 39.00, 'equation', NULL, NULL, 1, NULL, NULL, 150, 27, 8),
(963, 6.000000, 406.00, 'equation', NULL, NULL, 1, NULL, NULL, 150, 40, 18),
(964, 2.000000, 2900.00, 'equation', NULL, NULL, 1, NULL, NULL, 150, 41, 20),
(965, 2.000000, 3100.00, 'equation', NULL, NULL, 1, NULL, NULL, 151, 47, 24),
(966, 1.000000, 3200.00, 'equation', NULL, NULL, 1, NULL, NULL, 151, 48, 25),
(967, 7.000000, 3000.00, 'same', NULL, NULL, 1, NULL, NULL, 151, 50, NULL),
(968, 50.000000, 93.00, 'none', NULL, NULL, 1, NULL, NULL, 151, 133, NULL),
(969, 1.000000, 3000.00, 'equation', NULL, NULL, 1, NULL, NULL, 152, 47, 24),
(970, 2.000000, 3100.00, 'equation', NULL, NULL, 1, NULL, NULL, 152, 48, 25),
(971, 8.000000, 2900.00, 'same', NULL, NULL, 1, NULL, NULL, 152, 50, NULL),
(972, 623.000000, 124.00, '', NULL, NULL, 1, NULL, NULL, 153, 146, NULL),
(973, 116.000000, 207.00, 'equation', NULL, NULL, 1, NULL, NULL, 153, 76, 38),
(974, 40.000000, 145.00, 'equation', NULL, NULL, 1, NULL, NULL, 153, 40, 18),
(975, 427.000000, 123.00, 'none', NULL, NULL, 1, NULL, NULL, 153, 125, NULL),
(976, 4.000000, 1900.00, 'equation', NULL, NULL, 1, NULL, NULL, 153, 41, 20),
(977, 841.000000, 88.00, 'equation', NULL, NULL, 1, NULL, NULL, 153, 44, 22),
(978, 382.000000, 24.00, 'equation', NULL, NULL, 1, NULL, NULL, 153, 115, 23),
(979, 214.000000, 27.00, 'equation', NULL, NULL, 1, NULL, NULL, 153, 138, 23),
(980, 1974.000000, 30.00, 'equation', NULL, NULL, 1, NULL, NULL, 153, 27, 8),
(981, 52.000000, 300.00, 'same', NULL, NULL, 1, NULL, NULL, 153, 52, NULL),
(982, 1.000000, 6620.00, 'none', NULL, NULL, 1, NULL, NULL, 153, 60, NULL),
(983, 8.000000, 3050.00, 'same', NULL, NULL, 1, NULL, NULL, 154, 50, NULL),
(984, 5.000000, 4750.00, 'same', NULL, NULL, 1, NULL, NULL, 155, 50, NULL),
(985, 32.000000, 89.00, 'none', NULL, NULL, 1, NULL, NULL, 156, 133, NULL),
(986, 16.000000, 3000.00, 'equation', NULL, NULL, 1, NULL, NULL, 157, 48, 25),
(987, 6.000000, 2800.00, 'same', NULL, NULL, 1, NULL, NULL, 157, 50, NULL),
(988, 40.000000, 62.00, 'none', NULL, NULL, 1, NULL, NULL, 157, 133, NULL),
(989, 1.000000, 1346.00, 'none', NULL, NULL, 1, NULL, NULL, 157, 60, NULL),
(990, 36.000000, 770.00, 'same', NULL, NULL, 1, NULL, NULL, 158, 25, NULL),
(991, 1897.000000, 62.00, 'equation', NULL, NULL, 1, NULL, NULL, 158, 42, 11),
(992, 651.000000, 60.00, 'equation', NULL, NULL, 1, NULL, NULL, 158, 67, 36),
(993, 504.000000, 44.00, 'equation', NULL, NULL, 1, NULL, NULL, 158, 31, 11),
(994, 2875.000000, 55.00, '', NULL, NULL, 1, NULL, NULL, 158, 190, NULL),
(995, 291.000000, 95.00, 'equation', NULL, NULL, 1, NULL, NULL, 158, 191, 12),
(996, 350.000000, 84.00, 'equation', NULL, NULL, 1, NULL, NULL, 158, 61, 11),
(997, 2300.000000, 117.00, '', NULL, NULL, 1, NULL, NULL, 158, 192, NULL),
(998, 600.000000, 36.00, 'equation', NULL, NULL, 1, NULL, NULL, 158, 78, 30),
(999, 354.000000, 27.00, 'equation', NULL, NULL, 1, NULL, NULL, 158, 193, 23),
(1000, 2182.000000, 31.50, 'equation', NULL, NULL, 1, NULL, NULL, 158, 27, 8),
(1001, 1.000000, 16967.00, 'none', NULL, NULL, 1, NULL, NULL, 158, 60, NULL),
(1002, 3400.000000, 74.00, '', NULL, NULL, 1, NULL, NULL, 158, 177, NULL),
(1003, 630.000000, 27.00, 'equation', NULL, NULL, 1, NULL, NULL, 158, 46, 23),
(1004, 630.000000, 32.00, 'equation', NULL, NULL, 1, NULL, NULL, 158, 81, 8),
(1005, 297.000000, 118.00, '', NULL, NULL, 1, NULL, NULL, 158, 194, NULL),
(1006, 3281.000000, 27.00, 'equation', NULL, NULL, 1, NULL, NULL, 158, 26, 8),
(1007, 1.000000, 3912.00, 'none', NULL, NULL, 1, NULL, NULL, 159, 60, NULL),
(1008, 421.000000, 136.00, 'equation', NULL, NULL, 1, NULL, NULL, 159, 76, 38),
(1009, 116.000000, 77.00, 'none', NULL, NULL, 1, NULL, NULL, 159, 125, NULL),
(1010, 1.000000, 1650.00, 'equation', NULL, NULL, 1, NULL, NULL, 159, 120, 20),
(1011, 2.000000, 1550.00, 'equation', NULL, NULL, 1, NULL, NULL, 159, 41, 20),
(1012, 687.000000, 76.00, 'equation', NULL, NULL, 1, NULL, NULL, 159, 64, 39),
(1013, 1592.000000, 20.50, 'equation', NULL, NULL, 1, NULL, NULL, 159, 26, 8),
(1014, 1444.000000, 17.50, 'equation', NULL, NULL, 1, NULL, NULL, 159, 46, 23),
(1015, 227.000000, 19.00, 'equation', NULL, NULL, 1, NULL, NULL, 159, 29, 9),
(1016, 333.000000, 23.50, 'equation', NULL, NULL, 1, NULL, NULL, 159, 130, 32),
(1017, 9.000000, 265.00, 'same', NULL, NULL, 1, NULL, NULL, 159, 52, NULL),
(1018, 1.000000, 1118.00, 'none', NULL, NULL, 1, NULL, NULL, 160, 60, NULL),
(1019, 56.000000, 110.00, 'equation', NULL, NULL, 1, NULL, NULL, 160, 31, 11),
(1020, 100.000000, 90.00, 'equation', NULL, NULL, 1, NULL, NULL, 160, 26, 8),
(1021, 4.000000, 2200.00, 'equation', NULL, NULL, 1, NULL, NULL, 160, 48, 25),
(1022, 9.000000, 2000.00, 'same', NULL, NULL, 1, NULL, NULL, 160, 50, NULL),
(1023, 110.000000, 25.00, 'none', NULL, NULL, 1, NULL, NULL, 160, 133, NULL),
(1024, 800.000000, 140.00, 'none', NULL, NULL, 1, NULL, NULL, 161, 125, NULL),
(1025, 1300.000000, 35.00, 'equation', NULL, NULL, 1, NULL, NULL, 161, 45, 23),
(1026, 200.000000, 35.00, 'equation', NULL, NULL, 1, NULL, NULL, 161, 30, 10),
(1027, 200.000000, 35.00, 'equation', NULL, NULL, 1, NULL, NULL, 161, 26, 8),
(1028, 15.000000, 1500.00, '', NULL, NULL, 1, NULL, NULL, 161, 195, NULL),
(1029, 3.000000, 200.00, 'none', NULL, NULL, 1, NULL, NULL, 162, 125, NULL),
(1030, 1.000000, 3000.00, 'equation', NULL, NULL, 1, NULL, NULL, 162, 47, 24),
(1031, 2.000000, 3400.00, 'equation', NULL, NULL, 1, NULL, NULL, 162, 48, 25),
(1032, 71.000000, 142.50, 'none', NULL, NULL, 1, NULL, NULL, 163, 125, NULL),
(1033, 114.000000, 41.50, 'equation', NULL, NULL, 1, NULL, NULL, 163, 45, 23),
(1034, 37.000000, 142.50, 'none', NULL, NULL, 0, NULL, NULL, 163, 125, NULL),
(1035, 39.000000, 41.50, 'equation', NULL, NULL, 0, NULL, NULL, 163, 45, 23),
(1036, 217.000000, 142.50, 'none', NULL, NULL, 0, NULL, NULL, 163, 125, NULL),
(1037, 24.000000, 120.00, 'equation', NULL, NULL, 1, NULL, NULL, 163, 44, 22),
(1038, 90.000000, 62.50, 'equation', NULL, NULL, 1, NULL, NULL, 163, 26, 8),
(1039, 196.000000, 142.50, 'none', NULL, NULL, 0, NULL, NULL, 163, 125, NULL),
(1040, 26.000000, 200.00, '', NULL, NULL, 1, NULL, NULL, 163, 196, NULL),
(1041, 290.000000, 41.50, 'equation', NULL, NULL, 0, NULL, NULL, 163, 45, 23),
(1042, 22.000000, 142.50, 'none', NULL, NULL, 0, NULL, NULL, 163, 125, NULL),
(1043, 44.000000, 41.50, 'equation', NULL, NULL, 0, NULL, NULL, 163, 45, 23),
(1044, 242.000000, 41.50, 'equation', NULL, NULL, 0, NULL, NULL, 163, 45, 23),
(1045, 1.000000, 2000.00, '', NULL, NULL, 1, NULL, NULL, 164, 183, NULL),
(1046, 45.000000, 90.00, 'equation', NULL, NULL, 1, NULL, NULL, 164, 55, 28),
(1047, 100.000000, 100.00, 'equation', NULL, NULL, 1, NULL, NULL, 164, 44, 22),
(1048, 125.000000, 110.00, 'equation', NULL, NULL, 1, NULL, NULL, 164, 28, 9),
(1049, 1831.000000, 130.00, 'none', NULL, NULL, 1, NULL, NULL, 165, 125, NULL),
(1050, 38.000000, 200.00, 'equation', NULL, NULL, 1, NULL, NULL, 165, 44, 22),
(1051, 250.000000, 50.00, 'equation', NULL, NULL, 1, NULL, NULL, 165, 45, 23),
(1052, 90.000000, 100.00, 'equation', NULL, NULL, 1, NULL, NULL, 165, 30, 10),
(1053, 2300.000000, 70.00, 'equation', NULL, NULL, 1, NULL, NULL, 165, 26, 8),
(1054, 3.000000, 400.00, 'same', NULL, NULL, 1, NULL, NULL, 165, 52, NULL),
(1055, 1.000000, 1500.00, '', NULL, NULL, 1, NULL, NULL, 166, 183, NULL),
(1056, 1.000000, 1000.00, 'none', NULL, NULL, 1, NULL, NULL, 166, 100, NULL),
(1057, 24.000000, 90.00, '', NULL, NULL, 1, NULL, NULL, 166, 197, NULL),
(1058, 40.000000, 90.00, 'equation', NULL, NULL, 1, NULL, NULL, 166, 31, 11),
(1059, 55.000000, 100.00, 'equation', NULL, NULL, 1, NULL, NULL, 166, 44, 22),
(1060, 84.000000, 35.00, '', NULL, NULL, 1, NULL, NULL, 166, 198, NULL),
(1061, 5.000000, 1000.00, '', NULL, NULL, 1, NULL, NULL, 166, 199, NULL),
(1062, 210.000000, 90.00, 'equation', NULL, NULL, 1, NULL, NULL, 167, 31, 11),
(1063, 165.000000, 20.00, 'none', NULL, NULL, 1, NULL, NULL, 167, 133, NULL),
(1064, 270.000000, 80.00, '', NULL, NULL, 1, NULL, NULL, 167, 200, NULL),
(1065, 700.000000, 160.00, 'none', NULL, NULL, 1, NULL, NULL, 168, 125, NULL),
(1066, 501.000000, 140.00, 'equation', NULL, NULL, 1, NULL, NULL, 168, 44, 22),
(1067, 1655.000000, 115.00, 'equation', NULL, NULL, 1, NULL, NULL, 169, 32, 12),
(1068, 290.000000, 90.00, 'equation', NULL, NULL, 1, NULL, NULL, 169, 44, 22),
(1069, 58.000000, 80.00, 'equation', NULL, NULL, 1, NULL, NULL, 169, 28, 9),
(1070, 970.000000, 15.50, 'none', NULL, NULL, 1, NULL, NULL, 169, 133, NULL),
(1071, 138.000000, 130.00, 'equation', NULL, NULL, 1, NULL, NULL, 170, 31, 11),
(1072, 504.000000, 150.00, 'equation', NULL, NULL, 1, NULL, NULL, 170, 32, 12),
(1073, 22.000000, 150.00, 'equation', NULL, NULL, 1, NULL, NULL, 170, 44, 22),
(1074, 522.000000, 85.00, 'equation', NULL, NULL, 1, NULL, NULL, 170, 26, 8),
(1075, 23.000000, 250.00, 'same', NULL, NULL, 1, NULL, NULL, 170, 52, NULL),
(1076, 10.000000, 125.00, 'equation', NULL, NULL, 1, NULL, NULL, 171, 55, 28),
(1077, 10.000000, 175.00, 'equation', NULL, NULL, 1, NULL, NULL, 171, 28, 9),
(1078, 3.000000, 2400.00, 'same', NULL, NULL, 1, NULL, NULL, 171, 50, NULL),
(1079, 24.000000, 55.00, 'none', NULL, NULL, 1, NULL, NULL, 171, 133, NULL),
(1080, 1060.000000, 47.00, 'equation', NULL, NULL, 1, NULL, NULL, 172, 68, 22),
(1081, 1255.000000, 49.00, 'none', NULL, NULL, 1, NULL, NULL, 172, 125, NULL),
(1082, 2.000000, 8800.00, '', NULL, NULL, 1, NULL, NULL, 172, 201, NULL),
(1083, 5200.000000, 24.50, '', NULL, NULL, 1, NULL, NULL, 172, 202, NULL),
(1084, 340.000000, 62.00, 'equation', NULL, NULL, 1, NULL, NULL, 173, 77, 37),
(1085, 2270.000000, 44.00, 'equation', NULL, NULL, 1, NULL, NULL, 173, 31, 11),
(1086, 250.000000, 81.00, 'none', NULL, NULL, 1, NULL, NULL, 173, 125, NULL),
(1087, 400.000000, 79.00, 'equation', NULL, NULL, 1, NULL, NULL, 173, 44, 22),
(1088, 65.000000, 92.00, 'equation', NULL, NULL, 1, NULL, NULL, 173, 69, 12),
(1089, 2262.000000, 24.50, 'equation', NULL, NULL, 1, NULL, NULL, 173, 26, 8),
(1090, 2850.000000, 24.50, 'equation', NULL, NULL, 1, NULL, NULL, 173, 27, 8),
(1091, 1750.000000, 18.50, '', NULL, NULL, 1, NULL, NULL, 173, 203, NULL),
(1092, 5.000000, 700.00, 'same', NULL, NULL, 1, NULL, NULL, 173, 204, NULL),
(1093, 40.000000, 285.00, 'same', NULL, NULL, 1, NULL, NULL, 173, 52, NULL),
(1094, 220.000000, 52.00, 'equation', NULL, NULL, 1, NULL, NULL, 173, 42, 11),
(1095, 40.000000, 80.00, '', NULL, NULL, 1, NULL, NULL, 174, 205, NULL),
(1096, 16.000000, 140.00, '', NULL, NULL, 1, NULL, NULL, 174, 206, NULL),
(1097, 80.000000, 107.00, '', NULL, NULL, 1, NULL, NULL, 174, 148, NULL),
(1098, 50.000000, 80.00, '', NULL, NULL, 1, NULL, NULL, 174, 207, NULL),
(1099, 325.000000, 100.00, '', NULL, NULL, 1, NULL, NULL, 174, 208, NULL),
(1100, 15.000000, 285.00, 'same', NULL, NULL, 1, NULL, NULL, 174, 52, NULL),
(1101, 2.000000, 5100.00, '', NULL, NULL, 1, NULL, NULL, 175, 209, NULL),
(1102, 1858.000000, 42.50, 'equation', NULL, NULL, 1, NULL, NULL, 175, 31, 11),
(1103, 1250.000000, 18.50, '', NULL, NULL, 1, NULL, NULL, 175, 210, NULL),
(1104, 1322.000000, 23.00, '', NULL, NULL, 1, NULL, NULL, 175, 211, NULL),
(1105, 270.000000, 28.00, '', NULL, NULL, 1, NULL, NULL, 175, 212, NULL),
(1106, 8.000000, 1600.00, '', NULL, NULL, 1, NULL, NULL, 175, 213, NULL),
(1107, 64.000000, 42.00, 'none', NULL, NULL, 1, NULL, NULL, 175, 102, NULL),
(1108, 4.000000, 2950.00, 'equation', NULL, NULL, 1, NULL, NULL, 176, 48, 25),
(1109, 19.000000, 2900.00, 'same', NULL, NULL, 1, NULL, NULL, 176, 50, NULL),
(1110, 188.000000, 154.00, 'equation', NULL, NULL, 1, NULL, NULL, 177, 106, 31),
(1111, 2.000000, 2100.00, 'equation', NULL, NULL, 1, NULL, NULL, 177, 41, 20),
(1112, 1660.000000, 48.50, 'equation', NULL, NULL, 1, NULL, NULL, 178, 31, 11),
(1113, 126.000000, 80.00, 'equation', NULL, NULL, 1, NULL, NULL, 178, 32, 12),
(1114, 1.000000, 2800.00, 'equation', NULL, NULL, 1, NULL, NULL, 178, 214, 20),
(1115, 1.000000, 2800.00, '', NULL, NULL, 1, NULL, NULL, 178, 215, NULL),
(1116, 1676.000000, 23.00, 'equation', NULL, NULL, 1, NULL, NULL, 178, 26, 8),
(1117, 5.000000, 225.00, 'same', NULL, NULL, 1, NULL, NULL, 178, 52, NULL),
(1118, 70.000000, 47.00, 'equation', NULL, NULL, 1, NULL, NULL, 179, 77, 37),
(1119, 60.000000, 63.00, 'equation', NULL, NULL, 1, NULL, NULL, 179, 67, 36),
(1120, 963.000000, 35.00, 'equation', NULL, NULL, 1, NULL, NULL, 179, 31, 11),
(1121, 60.000000, 47.00, 'equation', NULL, NULL, 1, NULL, NULL, 179, 68, 22),
(1122, 50.000000, 63.00, 'equation', NULL, NULL, 1, NULL, NULL, 179, 32, 12),
(1123, 80.000000, 45.00, 'equation', NULL, NULL, 1, NULL, NULL, 179, 61, 11),
(1124, 280.000000, 19.00, 'equation', NULL, NULL, 1, NULL, NULL, 179, 45, 23),
(1125, 2380.000000, 19.50, 'equation', NULL, NULL, 1, NULL, NULL, 179, 193, 23),
(1126, 1750.000000, 22.00, 'equation', NULL, NULL, 1, NULL, NULL, 179, 26, 8),
(1127, 34.000000, 220.00, 'same', NULL, NULL, 1, NULL, NULL, 179, 52, NULL),
(1128, 17.000000, 50.00, '', NULL, NULL, 1, NULL, NULL, 180, 216, NULL),
(1129, 1267.000000, 36.00, 'equation', NULL, NULL, 1, NULL, NULL, 180, 31, 11),
(1130, 48.000000, 66.00, 'none', NULL, NULL, 1, NULL, NULL, 180, 125, NULL),
(1131, 3.000000, 2500.00, 'equation', NULL, NULL, 1, NULL, NULL, 180, 62, 29),
(1132, 120.000000, 61.00, 'equation', NULL, NULL, 1, NULL, NULL, 180, 79, 22),
(1133, 320.000000, 20.00, 'equation', NULL, NULL, 1, NULL, NULL, 180, 45, 23),
(1134, 2180.000000, 22.00, 'equation', NULL, NULL, 1, NULL, NULL, 180, 26, 8),
(1135, 50.000000, 200.00, 'same', NULL, NULL, 1, NULL, NULL, 180, 52, NULL),
(1136, 8.000000, 1200.00, 'equation', NULL, NULL, 1, NULL, NULL, 180, 37, 15),
(1137, 850.000000, 90.00, '', NULL, NULL, 1, NULL, NULL, 181, 217, NULL),
(1138, 95.000000, 46.50, 'equation', NULL, NULL, 1, NULL, NULL, 181, 74, 22),
(1139, 231.000000, 49.00, 'equation', NULL, NULL, 1, NULL, NULL, 181, 39, 12),
(1140, 4180.000000, 25.50, 'equation', NULL, NULL, 1, NULL, NULL, 181, 31, 11),
(1141, 1450.000000, 46.00, 'none', NULL, NULL, 1, NULL, NULL, 181, 125, NULL),
(1142, 1.000000, 1850.00, 'equation', NULL, NULL, 1, NULL, NULL, 181, 119, 20),
(1143, 1150.000000, 39.00, 'equation', NULL, NULL, 1, NULL, NULL, 181, 44, 22),
(1144, 178.000000, 47.00, 'equation', NULL, NULL, 1, NULL, NULL, 181, 79, 22),
(1145, 145.000000, 18.00, 'equation', NULL, NULL, 1, NULL, NULL, 181, 45, 23),
(1146, 80.000000, 18.00, 'equation', NULL, NULL, 1, NULL, NULL, 181, 70, 23),
(1147, 470.000000, 16.00, 'equation', NULL, NULL, 1, NULL, NULL, 181, 46, 23),
(1149, 655.000000, 16.00, 'equation', NULL, NULL, 1, NULL, NULL, 181, 218, 23),
(1150, 4705.000000, 12.70, 'equation', NULL, NULL, 1, NULL, NULL, 181, 30, 10),
(1151, 4600.000000, 14.50, 'equation', NULL, NULL, 1, NULL, NULL, 181, 26, 8),
(1152, 3115.000000, 12.00, 'equation', NULL, NULL, 1, NULL, NULL, 181, 36, 14),
(1153, 152.000000, 200.00, 'same', NULL, NULL, 1, NULL, NULL, 181, 52, NULL),
(1154, 27.000000, 900.00, 'same', NULL, NULL, 1, NULL, NULL, 181, 25, NULL),
(1155, 338.000000, 90.00, '', NULL, NULL, 1, NULL, NULL, 182, 217, NULL),
(1156, 400.000000, 37.00, 'equation', NULL, NULL, 1, NULL, NULL, 182, 74, 22),
(1157, 661.000000, 24.00, 'equation', NULL, NULL, 1, NULL, NULL, 182, 31, 11),
(1158, 2120.000000, 30.00, '', NULL, NULL, 1, NULL, NULL, 182, 190, NULL),
(1159, 127.000000, 44.00, 'equation', NULL, NULL, 1, NULL, NULL, 182, 32, 12),
(1160, 1.000000, 11700.00, 'equation', NULL, NULL, 1, NULL, NULL, 182, 41, 20),
(1161, 922.000000, 46.00, 'equation', NULL, NULL, 1, NULL, NULL, 182, 64, 39),
(1162, 2580.000000, 19.00, 'equation', NULL, NULL, 1, NULL, NULL, 182, 78, 30),
(1163, 208.000000, 44.00, 'equation', NULL, NULL, 1, NULL, NULL, 182, 79, 22),
(1164, 252.000000, 14.50, 'equation', NULL, NULL, 1, NULL, NULL, 182, 219, 23),
(1165, 320.000000, 14.50, 'equation', NULL, NULL, 1, NULL, NULL, 182, 218, 23),
(1166, 4326.000000, 16.50, 'equation', NULL, NULL, 1, NULL, NULL, 182, 26, 8),
(1167, 1230.000000, 42.50, 'equation', NULL, NULL, 1, NULL, NULL, 183, 67, 36),
(1168, 721.000000, 24.00, '', NULL, NULL, 1, NULL, NULL, 183, 220, NULL),
(1169, 2.000000, 1750.00, 'equation', NULL, NULL, 1, NULL, NULL, 183, 41, 20),
(1170, 1.000000, 1800.00, 'equation', NULL, NULL, 1, NULL, NULL, 183, 120, 20),
(1171, 44.000000, 170.00, 'same', NULL, NULL, 1, NULL, NULL, 183, 52, NULL),
(1172, 596.000000, 50.00, 'equation', NULL, NULL, 1, NULL, NULL, 184, 44, 22),
(1173, 1435.000000, 20.00, 'equation', NULL, NULL, 1, NULL, NULL, 184, 27, 8),
(1174, 20.000000, 200.00, 'same', NULL, NULL, 1, NULL, NULL, 184, 52, NULL),
(1175, 230.000000, 35.00, 'none', NULL, NULL, 1, NULL, NULL, 185, 133, NULL),
(1176, 848.000000, 42.00, 'equation', NULL, NULL, 1, NULL, NULL, 186, 31, 11),
(1177, 174.000000, 77.00, 'none', NULL, NULL, 1, NULL, NULL, 186, 125, NULL),
(1178, 1.000000, 2300.00, 'equation', NULL, NULL, 1, NULL, NULL, 186, 41, 20),
(1179, 48.000000, 81.00, '', NULL, NULL, 1, NULL, NULL, 186, 221, NULL),
(1180, 25.000000, 61.00, 'equation', NULL, NULL, 1, NULL, NULL, 186, 79, 22),
(1181, 2992.000000, 22.00, 'equation', NULL, NULL, 1, NULL, NULL, 186, 30, 10),
(1182, 9.000000, 298.00, 'same', NULL, NULL, 1, NULL, NULL, 186, 52, NULL),
(1183, 50.000000, 55.00, 'none', NULL, NULL, 1, NULL, NULL, 186, 133, NULL),
(1184, 16.000000, 79.00, 'equation', NULL, NULL, 1, NULL, NULL, 187, 31, 11),
(1185, 139.000000, 166.00, '', NULL, NULL, 1, NULL, NULL, 187, 222, NULL),
(1186, 20.000000, 83.00, 'equation', NULL, NULL, 1, NULL, NULL, 187, 36, 14),
(1187, 4.000000, 2100.00, 'equation', NULL, NULL, 1, NULL, NULL, 187, 47, 24),
(1188, 48.000000, 82.00, 'none', NULL, NULL, 1, NULL, NULL, 188, 133, NULL),
(1189, 437.000000, 57.00, 'equation', NULL, NULL, 1, NULL, NULL, 189, 74, 22),
(1190, 1615.000000, 75.50, 'equation', NULL, NULL, 1, NULL, NULL, 189, 39, 12),
(1191, 4624.000000, 42.25, 'equation', NULL, NULL, 1, NULL, NULL, 189, 31, 11),
(1192, 294.000000, 79.00, 'equation', NULL, NULL, 1, NULL, NULL, 189, 32, 12),
(1193, 729.000000, 75.00, 'equation', NULL, NULL, 1, NULL, NULL, 189, 44, 22),
(1194, 11615.000000, 11.75, 'equation', NULL, NULL, 1, NULL, NULL, 189, 45, 23),
(1195, 433.000000, 22.50, 'equation', NULL, NULL, 1, NULL, NULL, 189, 28, 9),
(1196, 110.000000, 250.00, 'same', NULL, NULL, 1, NULL, NULL, 189, 52, NULL),
(1197, 416.000000, 70.00, 'equation', NULL, NULL, 1, NULL, NULL, 189, 79, 22),
(1198, 2582.000000, 16.50, '', NULL, NULL, 1, NULL, NULL, 190, 223, NULL),
(1199, 6083.540000, 5.80, 'equation', NULL, NULL, 1, NULL, NULL, 190, 68, 22),
(1200, 316.130000, 7.50, 'equation', NULL, NULL, 1, NULL, NULL, 190, 224, 41),
(1201, 1.000000, 12616.00, '', NULL, NULL, 1, NULL, NULL, 190, 225, NULL),
(1202, 1239.000000, 14.00, '', NULL, NULL, 1, NULL, NULL, 191, 223, NULL),
(1203, 4.000000, 3800.00, '', NULL, NULL, 1, NULL, NULL, 192, 226, NULL),
(1204, 83.000000, 93.00, 'equation', NULL, NULL, 1, NULL, NULL, 192, 68, 22),
(1205, 135.000000, 77.00, '', NULL, NULL, 1, NULL, NULL, 192, 227, NULL),
(1206, 32.000000, 85.00, '', NULL, NULL, 1, NULL, NULL, 192, 228, NULL),
(1207, 50.000000, 145.00, '', NULL, NULL, 1, NULL, NULL, 193, 229, NULL),
(1208, 18.000000, 260.00, 'none', NULL, NULL, 1, NULL, NULL, 193, 133, NULL),
(1209, 1.000000, 24600.00, '', NULL, NULL, 1, NULL, NULL, 194, 230, NULL),
(1210, 186.000000, 40.00, 'equation', NULL, NULL, 1, NULL, NULL, 195, 68, 22),
(1211, 12.000000, 45.00, 'equation', NULL, NULL, 1, NULL, NULL, 195, 45, 23),
(1212, 26.000000, 50.00, '', NULL, NULL, 1, NULL, NULL, 195, 231, NULL),
(1213, 152.000000, 52.00, 'equation', NULL, NULL, 1, NULL, NULL, 195, 28, 9),
(1214, 4.000000, 2100.00, 'equation', NULL, NULL, 1, NULL, NULL, 195, 47, 24),
(1215, 1.000000, 2300.00, 'equation', NULL, NULL, 1, NULL, NULL, 195, 48, 25),
(1216, 141.000000, 50.00, '', NULL, NULL, 1, NULL, NULL, 195, 232, NULL),
(1217, 131.000000, 49.00, '', NULL, NULL, 1, NULL, NULL, 195, 233, NULL),
(1218, 186.000000, 40.00, 'equation', NULL, NULL, 1, NULL, NULL, 196, 68, 22),
(1219, 12.000000, 45.00, 'equation', NULL, NULL, 1, NULL, NULL, 196, 45, 23),
(1220, 26.000000, 50.00, 'equation', NULL, NULL, 1, NULL, NULL, 196, 84, 23),
(1221, 152.000000, 52.00, 'equation', NULL, NULL, 1, NULL, NULL, 196, 28, 9),
(1222, 4.000000, 2100.00, 'equation', NULL, NULL, 1, NULL, NULL, 196, 47, 24),
(1223, 1.000000, 2300.00, 'equation', NULL, NULL, 1, NULL, NULL, 196, 48, 25),
(1224, 141.000000, 50.00, '', NULL, NULL, 1, NULL, NULL, 196, 232, NULL),
(1225, 131.000000, 49.00, '', NULL, NULL, 1, NULL, NULL, 196, 233, NULL),
(1226, 1.000000, 10000.00, '', NULL, NULL, 1, NULL, NULL, 197, 234, NULL),
(1227, 189.000000, 110.00, 'equation', NULL, NULL, 1, NULL, NULL, 197, 31, 11),
(1228, 920.000000, 130.00, 'equation', NULL, NULL, 1, NULL, NULL, 197, 32, 12),
(1229, 73.000000, 120.00, 'equation', NULL, NULL, 1, NULL, NULL, 197, 44, 22),
(1230, 197.000000, 52.00, 'equation', NULL, NULL, 1, NULL, NULL, 197, 45, 23),
(1231, 1347.000000, 73.00, 'equation', NULL, NULL, 1, NULL, NULL, 197, 26, 8),
(1232, 18.000000, 400.00, 'same', NULL, NULL, 1, NULL, NULL, 197, 52, NULL),
(1233, 3.000000, 200.00, 'none', NULL, NULL, 1, NULL, NULL, 198, 125, NULL),
(1234, 1.000000, 3000.00, 'equation', NULL, NULL, 1, NULL, NULL, 198, 47, 24),
(1235, 2.000000, 3400.00, 'equation', NULL, NULL, 1, NULL, NULL, 198, 48, 25),
(1236, 414.000000, 120.00, 'none', NULL, NULL, 1, NULL, NULL, 199, 125, NULL),
(1237, 285.000000, 140.00, 'equation', NULL, NULL, 1, NULL, NULL, 199, 44, 22),
(1238, 122.000000, 90.00, 'equation', NULL, NULL, 1, NULL, NULL, 199, 26, 8),
(1239, 3.000000, 2900.00, 'equation', NULL, NULL, 1, NULL, NULL, 199, 47, 24),
(1240, 23.000000, 2900.00, 'equation', NULL, NULL, 1, NULL, NULL, 199, 48, 25),
(1241, 20.000000, 2900.00, 'same', NULL, NULL, 1, NULL, NULL, 199, 50, NULL),
(1242, 20.000000, 140.00, 'equation', NULL, NULL, 1, NULL, NULL, 200, 31, 11),
(1243, 250.000000, 180.00, 'equation', NULL, NULL, 1, NULL, NULL, 200, 32, 12),
(1244, 107.000000, 160.00, 'equation', NULL, NULL, 1, NULL, NULL, 200, 44, 22),
(1245, 457.000000, 70.00, 'equation', NULL, NULL, 1, NULL, NULL, 200, 26, 8),
(1246, 85.000000, 200.00, 'same', NULL, NULL, 1, NULL, NULL, 200, 52, NULL),
(1247, 1407.000000, 49.00, 'equation', NULL, NULL, 1, NULL, NULL, 201, 74, 22),
(1248, 2173.000000, 61.00, 'equation', NULL, NULL, 1, NULL, NULL, 201, 39, 12),
(1249, 22.000000, 100.00, 'equation', NULL, NULL, 1, NULL, NULL, 201, 40, 18),
(1250, 9731.000000, 36.00, 'equation', NULL, NULL, 1, NULL, NULL, 201, 31, 11),
(1251, 426.000000, 61.00, 'equation', NULL, NULL, 1, NULL, NULL, 201, 32, 12),
(1252, 6.000000, 2500.00, 'equation', NULL, NULL, 1, NULL, NULL, 201, 41, 20),
(1253, 2.000000, 2200.00, 'equation', NULL, NULL, 1, NULL, NULL, 201, 120, 20),
(1254, 433.000000, 65.00, 'equation', NULL, NULL, 1, NULL, NULL, 201, 64, 39),
(1255, 680.000000, 27.00, 'equation', NULL, NULL, 1, NULL, NULL, 201, 78, 30),
(1256, 872.000000, 64.00, 'equation', NULL, NULL, 1, NULL, NULL, 201, 79, 22),
(1257, 825.000000, 67.00, 'equation', NULL, NULL, 1, NULL, NULL, 201, 69, 12),
(1258, 180.000000, 24.00, 'equation', NULL, NULL, 1, NULL, NULL, 201, 45, 23),
(1259, 25140.000000, 18.00, 'equation', NULL, NULL, 1, NULL, NULL, 201, 26, 8),
(1260, 181.000000, 225.00, 'same', NULL, NULL, 1, NULL, NULL, 201, 52, NULL),
(1261, 4.000000, 2100.00, 'equation', NULL, NULL, 1, NULL, NULL, 202, 41, 20),
(1262, 650.000000, 21.00, 'equation', NULL, NULL, 1, NULL, NULL, 202, 78, 30),
(1263, 2.000000, 2800.00, 'same', NULL, NULL, 1, NULL, NULL, 203, 50, NULL),
(1264, 40.000000, 25.00, 'none', NULL, NULL, 1, NULL, NULL, 203, 133, NULL),
(1265, 4.000000, 2300.00, 'equation', NULL, NULL, 1, NULL, NULL, 204, 48, 25),
(1266, 2.000000, 2100.00, 'same', NULL, NULL, 1, NULL, NULL, 204, 50, NULL),
(1267, 40.000000, 43.00, 'none', NULL, NULL, 1, NULL, NULL, 204, 133, NULL),
(1268, 7.000000, 253.00, 'equation', NULL, NULL, 1, NULL, NULL, 205, 40, 18),
(1269, 1.000000, 3400.00, 'equation', NULL, NULL, 1, NULL, NULL, 205, 41, 20),
(1270, 284.000000, 347.00, 'equation', NULL, NULL, 1, NULL, NULL, 206, 106, 31),
(1271, 18.000000, 187.00, 'equation', NULL, NULL, 1, NULL, NULL, 206, 40, 18),
(1272, 2.000000, 2100.00, 'equation', NULL, NULL, 1, NULL, NULL, 206, 41, 20),
(1273, 230.000000, 351.00, 'equation', NULL, NULL, 1, NULL, NULL, 207, 106, 31),
(1274, 131.000000, 87.00, 'equation', NULL, NULL, 1, NULL, NULL, 207, 74, 22),
(1275, 8.000000, 145.00, 'equation', NULL, NULL, 1, NULL, NULL, 207, 40, 18),
(1276, 1.000000, 2400.00, 'equation', NULL, NULL, 1, NULL, NULL, 207, 41, 20),
(1277, 382.000000, 233.00, 'equation', NULL, NULL, 1, NULL, NULL, 208, 106, 31),
(1278, 284.000000, 195.00, 'equation', NULL, NULL, 1, NULL, NULL, 209, 106, 31),
(1279, 703.000000, 289.00, 'equation', NULL, NULL, 1, NULL, NULL, 210, 235, 38),
(1280, 35.000000, 191.00, 'equation', NULL, NULL, 1, NULL, NULL, 210, 40, 18),
(1281, 339.000000, 140.00, 'none', NULL, NULL, 1, NULL, NULL, 210, 125, NULL),
(1282, 364.000000, 75.00, 'equation', NULL, NULL, 1, NULL, NULL, 210, 61, 11),
(1283, 3.000000, 2900.00, 'equation', NULL, NULL, 1, NULL, NULL, 210, 120, 20),
(1284, 866.000000, 33.00, '', NULL, NULL, 1, NULL, NULL, 210, 236, NULL),
(1285, 208.000000, 48.00, 'equation', NULL, NULL, 1, NULL, NULL, 210, 80, 8),
(1286, 1192.000000, 43.00, 'equation', NULL, NULL, 1, NULL, NULL, 210, 26, 8),
(1287, 370.000000, 46.00, 'equation', NULL, NULL, 1, NULL, NULL, 210, 130, 32),
(1288, 1741.000000, 119.00, 'equation', NULL, NULL, 1, NULL, NULL, 210, 64, 39),
(1289, 1.000000, 300.00, 'none', NULL, NULL, 1, NULL, NULL, 211, 60, NULL),
(1290, 125.000000, 96.00, 'equation', NULL, NULL, 1, NULL, NULL, 211, 44, 22),
(1291, 140.000000, 50.00, 'none', NULL, NULL, 1, NULL, NULL, 212, 133, NULL),
(1292, 589.000000, 22.00, 'equation', NULL, NULL, 1, NULL, NULL, 213, 237, 23),
(1293, 90.000000, 23.00, '', NULL, NULL, 1, NULL, NULL, 213, 238, NULL),
(1294, 2.000000, 1500.00, '', NULL, NULL, 1, NULL, NULL, 213, 239, NULL),
(1295, 385.000000, 23.00, 'equation', NULL, NULL, 1, NULL, NULL, 214, 28, 9),
(1296, 209.000000, 81.00, 'equation', NULL, NULL, 1, NULL, NULL, 214, 44, 22),
(1297, 8.000000, 50.00, 'equation', NULL, NULL, 1, NULL, NULL, 215, 77, 37),
(1298, 7.000000, 67.00, 'equation', NULL, NULL, 1, NULL, NULL, 215, 67, 36),
(1299, 1310.000000, 35.00, 'equation', NULL, NULL, 1, NULL, NULL, 215, 31, 11),
(1300, 80.000000, 50.00, 'equation', NULL, NULL, 1, NULL, NULL, 215, 68, 22),
(1302, 50.000000, 50.00, 'equation', NULL, NULL, 1, NULL, NULL, 215, 79, 22),
(1303, 59.000000, 67.00, 'equation', NULL, NULL, 1, NULL, NULL, 215, 69, 12),
(1304, 1.000000, 2200.00, 'equation', NULL, NULL, 1, NULL, NULL, 215, 41, 20),
(1305, 1356.000000, 18.50, 'equation', NULL, NULL, 1, NULL, NULL, 215, 45, 23),
(1306, 1484.000000, 17.50, 'equation', NULL, NULL, 1, NULL, NULL, 215, 35, 14),
(1307, 50.000000, 71.00, 'equation', NULL, NULL, 1, NULL, NULL, 216, 77, 37),
(1308, 182.000000, 101.00, '', NULL, NULL, 1, NULL, NULL, 216, 240, NULL),
(1309, 691.000000, 49.00, 'equation', NULL, NULL, 1, NULL, NULL, 216, 31, 11),
(1310, 110.000000, 28.00, 'equation', NULL, NULL, 1, NULL, NULL, 216, 35, 14),
(1311, 7.000000, 50.00, 'equation', NULL, NULL, 1, NULL, NULL, 217, 42, 11),
(1312, 391.000000, 33.00, '', NULL, NULL, 1, NULL, NULL, 217, 241, NULL),
(1313, 33.100000, 62.00, 'equation', NULL, NULL, 1, NULL, NULL, 217, 79, 22),
(1314, 1632.000000, 17.50, 'equation', NULL, NULL, 1, NULL, NULL, 217, 35, 14),
(1315, 180.000000, 12.00, '', NULL, NULL, 1, NULL, NULL, 217, 242, NULL),
(1316, 8.000000, 1550.00, '', NULL, NULL, 1, NULL, NULL, 218, 243, NULL),
(1317, 350.000000, 118.00, '', NULL, NULL, 1, NULL, NULL, 219, 244, NULL),
(1318, 51.000000, 338.00, 'equation', NULL, NULL, 1, NULL, NULL, 220, 42, 11),
(1319, 4.000000, 1550.00, '', NULL, NULL, 1, NULL, NULL, 220, 245, NULL),
(1320, 20.000000, 1500.00, '', NULL, NULL, 1, NULL, NULL, 221, 246, NULL),
(1321, 3842.000000, 80.00, 'equation', NULL, NULL, 1, NULL, NULL, 222, 106, 31),
(1322, 54.000000, 342.00, 'equation', NULL, NULL, 1, NULL, NULL, 223, 42, 11),
(1323, 1092.000000, 85.00, '', NULL, NULL, 1, NULL, NULL, 223, 243, NULL),
(1324, 5.000000, 1200.00, '', NULL, NULL, 1, NULL, NULL, 224, 243, NULL),
(1325, 620.000000, 191.00, 'equation', NULL, NULL, 1, NULL, NULL, 225, 106, 31),
(1326, 74.000000, 300.00, 'same', NULL, NULL, 1, NULL, NULL, 226, 247, NULL),
(1327, 5.000000, 8950.00, '', NULL, NULL, 1, NULL, NULL, 226, 248, NULL),
(1328, 346.000000, 210.00, 'equation', NULL, NULL, 1, NULL, NULL, 227, 106, 31),
(1329, 168.000000, 110.00, 'equation', NULL, NULL, 1, NULL, NULL, 227, 31, 11),
(1330, 7.000000, 120.00, 'equation', NULL, NULL, 1, NULL, NULL, 227, 32, 12),
(1331, 4.000000, 2800.00, 'equation', NULL, NULL, 1, NULL, NULL, 227, 41, 20),
(1332, 606.000000, 39.00, 'equation', NULL, NULL, 1, NULL, NULL, 227, 26, 8),
(1333, 475.000000, 350.00, 'equation', NULL, NULL, 1, NULL, NULL, 227, 249, 31),
(1334, 149.000000, 59.00, 'equation', NULL, NULL, 1, NULL, NULL, 228, 42, 11),
(1335, 330.000000, 90.00, 'equation', NULL, NULL, 1, NULL, NULL, 228, 39, 12),
(1336, 5.000000, 147.00, 'equation', NULL, NULL, 1, NULL, NULL, 228, 40, 18),
(1337, 462.000000, 56.00, 'equation', NULL, NULL, 1, NULL, NULL, 228, 31, 11),
(1338, 1197.000000, 87.00, 'equation', NULL, NULL, 1, NULL, NULL, 228, 32, 12),
(1339, 1.000000, 6000.00, 'equation', NULL, NULL, 1, NULL, NULL, 228, 62, 29),
(1340, 2.000000, 2400.00, 'equation', NULL, NULL, 1, NULL, NULL, 228, 119, 20),
(1341, 2.000000, 2400.00, 'equation', NULL, NULL, 1, NULL, NULL, 228, 41, 20),
(1342, 1303.000000, 101.00, 'equation', NULL, NULL, 1, NULL, NULL, 228, 44, 22),
(1343, 204.000000, 37.00, 'equation', NULL, NULL, 1, NULL, NULL, 228, 78, 30),
(1344, 57.000000, 83.00, 'equation', NULL, NULL, 1, NULL, NULL, 228, 69, 12),
(1345, 4941.000000, 30.00, 'equation', NULL, NULL, 1, NULL, NULL, 228, 26, 8),
(1346, 1.000000, 1550.00, 'equation', NULL, NULL, 1, NULL, NULL, 228, 47, 24),
(1347, 2.000000, 1725.00, 'equation', NULL, NULL, 1, NULL, NULL, 228, 48, 25),
(1348, 6.000000, 1400.00, 'same', NULL, NULL, 1, NULL, NULL, 228, 50, NULL),
(1349, 30.000000, 386.00, 'same', NULL, NULL, 1, NULL, NULL, 228, 52, NULL),
(1350, 47.000000, 65.00, 'none', NULL, NULL, 1, NULL, NULL, 228, 133, NULL),
(1351, 473.000000, 254.00, 'equation', NULL, NULL, 1, NULL, NULL, 228, 250, 31),
(1352, 54.000000, 70.00, 'equation', NULL, NULL, 1, NULL, NULL, 229, 39, 12),
(1353, 6.000000, 100.00, 'equation', NULL, NULL, 1, NULL, NULL, 229, 40, 18),
(1354, 9301.320000, 30.00, 'equation', NULL, NULL, 1, NULL, NULL, 229, 31, 11),
(1355, 1022.310000, 63.00, 'none', NULL, NULL, 1, NULL, NULL, 229, 125, NULL),
(1356, 1.000000, 42.50, 'equation', NULL, NULL, 1, NULL, NULL, 229, 61, 11),
(1357, 1733.000000, 47.18, 'equation', NULL, NULL, 0, NULL, NULL, 229, 61, 11),
(1358, 2.000000, 2100.00, 'equation', NULL, NULL, 1, NULL, NULL, 229, 41, 20),
(1359, 2247.180000, 29.00, 'equation', NULL, NULL, 1, NULL, NULL, 229, 63, 11),
(1360, 991.790000, 70.00, 'equation', NULL, NULL, 1, NULL, NULL, 229, 44, 22),
(1361, 340.000000, 25.00, 'equation', NULL, NULL, 1, NULL, NULL, 229, 78, 30),
(1362, 290.000000, 58.00, 'equation', NULL, NULL, 1, NULL, NULL, 229, 79, 22),
(1363, 159.110000, 77.00, 'equation', NULL, NULL, 1, NULL, NULL, 229, 69, 12),
(1364, 18800.000000, 16.50, 'equation', NULL, NULL, 1, NULL, NULL, 229, 26, 8),
(1365, 10697.000000, 16.50, 'equation', NULL, NULL, 1, NULL, NULL, 229, 27, 8),
(1366, 198.000000, 700.00, 'same', NULL, NULL, 1, NULL, NULL, 229, 51, NULL),
(1367, 164.000000, 253.00, 'same', NULL, NULL, 1, NULL, NULL, 229, 52, NULL),
(1368, 31.500000, 175.00, 'equation', NULL, NULL, 1, NULL, NULL, 230, 40, 18),
(1369, 368.000000, 68.00, 'equation', NULL, NULL, 1, NULL, NULL, 230, 61, 11),
(1370, 3.000000, 2525.00, 'equation', NULL, NULL, 1, NULL, NULL, 230, 41, 20),
(1371, 50.000000, 114.00, 'equation', NULL, NULL, 1, NULL, NULL, 230, 79, 22),
(1372, 642.000000, 44.00, 'equation', NULL, NULL, 1, NULL, NULL, 230, 27, 8),
(1373, 17.000000, 390.00, 'same', NULL, NULL, 1, NULL, NULL, 230, 52, NULL),
(1374, 2.000000, 700.00, '', NULL, NULL, 1, NULL, NULL, 230, 176, NULL),
(1376, 323.000000, 99.00, 'equation', NULL, NULL, 1, NULL, NULL, 231, 77, 37),
(1377, 350.000000, 175.00, 'equation', NULL, NULL, 1, NULL, NULL, 231, 40, 18),
(1378, 1524.000000, 66.00, 'equation', NULL, NULL, 1, NULL, NULL, 231, 31, 11),
(1379, 150.000000, 148.00, 'none', NULL, NULL, 1, NULL, NULL, 231, 125, NULL),
(1380, 14177.000000, 76.00, 'equation', NULL, NULL, 1, NULL, NULL, 231, 61, 11),
(1381, 2776.000000, 103.00, 'equation', NULL, NULL, 1, NULL, NULL, 231, 252, 22),
(1382, 19.000000, 2300.00, 'equation', NULL, NULL, 1, NULL, NULL, 231, 41, 20),
(1383, 220.000000, 47.00, 'equation', NULL, NULL, 1, NULL, NULL, 231, 78, 30),
(1384, 152.000000, 164.00, 'equation', NULL, NULL, 1, NULL, NULL, 231, 79, 22),
(1385, 5957.000000, 45.00, 'equation', NULL, NULL, 1, NULL, NULL, 231, 26, 8),
(1386, 1200.000000, 339.50, 'same', NULL, NULL, 1, NULL, NULL, 231, 52, NULL),
(1387, 1500.000000, 28.00, 'equation', NULL, NULL, 1, NULL, NULL, 231, 35, 14),
(1390, 38.000000, 83.00, 'none', NULL, NULL, 1, NULL, NULL, 232, 133, NULL),
(1391, 15.000000, 136.00, 'equation', NULL, NULL, 1, NULL, NULL, 233, 74, 22),
(1392, 20.000000, 165.00, '', NULL, NULL, 1, NULL, NULL, 233, 205, NULL),
(1393, 550.000000, 120.00, 'equation', NULL, NULL, 1, NULL, NULL, 233, 35, 14),
(1394, 170.000000, 182.00, '', NULL, NULL, 1, NULL, NULL, 233, 208, NULL),
(1395, 24.000000, 115.00, 'equation', NULL, NULL, 1, NULL, NULL, 233, 46, 23),
(1397, 278.000000, 281.00, 'equation', NULL, NULL, 1, NULL, NULL, 237, 106, 31),
(1398, 136.000000, 337.00, 'equation', NULL, NULL, 1, NULL, NULL, 238, 106, 31),
(1399, 5.000000, 229.00, 'equation', NULL, NULL, 1, NULL, NULL, 238, 40, 18),
(1400, 41.000000, 118.00, 'equation', NULL, NULL, 1, NULL, NULL, 238, 31, 11),
(1401, 42.000000, 175.00, 'none', NULL, NULL, 1, NULL, NULL, 238, 125, NULL),
(1402, 1.000000, 3250.00, 'equation', NULL, NULL, 1, NULL, NULL, 238, 41, 20),
(1403, 130.000000, 51.00, 'equation', NULL, NULL, 1, NULL, NULL, 238, 26, 8),
(1404, 1.000000, -517.84, 'none', NULL, NULL, 1, NULL, NULL, 238, 60, NULL),
(1405, 10.000000, 200.00, 'equation', NULL, NULL, 1, NULL, NULL, 239, 31, 11),
(1406, 20.000000, 80.00, 'equation', NULL, NULL, 1, NULL, NULL, 239, 26, 8),
(1407, 488.000000, 255.00, 'equation', NULL, NULL, 1, NULL, NULL, 240, 106, 31),
(1408, 388.000000, 77.00, 'equation', NULL, NULL, 1, NULL, NULL, 240, 39, 12),
(1409, 1608.000000, 58.00, 'equation', NULL, NULL, 1, NULL, NULL, 240, 31, 11),
(1410, 77.000000, 96.00, 'equation', NULL, NULL, 1, NULL, NULL, 240, 32, 12),
(1411, 138.000000, 23.00, 'equation', NULL, NULL, 1, NULL, NULL, 240, 237, 23),
(1412, 376.000000, 22.00, 'equation', NULL, NULL, 1, NULL, NULL, 240, 35, 14),
(1413, 2395.000000, 25.00, 'equation', NULL, NULL, 1, NULL, NULL, 240, 27, 8),
(1414, 1.000000, 10091.54, 'none', NULL, NULL, 1, NULL, NULL, 240, 60, NULL),
(1415, 384.000000, 194.00, 'equation', NULL, NULL, 1, NULL, NULL, 241, 106, 31),
(1416, 4755.000000, 27.00, 'equation', NULL, NULL, 1, NULL, NULL, 241, 26, 8),
(1417, 114.000000, 30.00, '', NULL, NULL, 1, NULL, NULL, 241, 253, NULL),
(1418, 3238.000000, 43.00, 'equation', NULL, NULL, 1, NULL, NULL, 241, 31, 11),
(1419, 160.000000, 86.00, 'equation', NULL, NULL, 1, NULL, NULL, 241, 68, 22),
(1420, 320.000000, 74.00, 'equation', NULL, NULL, 1, NULL, NULL, 241, 79, 22),
(1421, 70.000000, 71.00, 'equation', NULL, NULL, 1, NULL, NULL, 241, 61, 11),
(1422, 37.000000, 315.00, 'same', NULL, NULL, 1, NULL, NULL, 241, 52, NULL),
(1423, 559.000000, 65.00, 'equation', NULL, NULL, 1, NULL, NULL, 241, 74, 22),
(1424, 1.000000, 13482.53, 'none', NULL, NULL, 1, NULL, NULL, 241, 60, NULL),
(1425, 285.000000, 300.00, 'equation', NULL, NULL, 1, NULL, NULL, 242, 106, 31),
(1426, 4.000000, 350.00, 'same', NULL, NULL, 1, NULL, NULL, 242, 51, NULL),
(1427, 30.000000, 126.00, 'equation', NULL, NULL, 1, NULL, NULL, 242, 74, 22),
(1428, 560.000000, 127.00, 'equation', NULL, NULL, 1, NULL, NULL, 242, 39, 12),
(1429, 7.000000, 213.00, 'equation', NULL, NULL, 1, NULL, NULL, 242, 61, 11),
(1430, 4.000000, 3300.00, 'equation', NULL, NULL, 1, NULL, NULL, 242, 119, 20),
(1431, 115.000000, 79.00, 'equation', NULL, NULL, 1, NULL, NULL, 242, 78, 30),
(1432, 1.000000, 5739.46, 'none', NULL, NULL, 1, NULL, NULL, 242, 60, NULL),
(1433, 558.000000, 214.00, 'equation', NULL, NULL, 1, NULL, NULL, 243, 106, 31),
(1434, 11.000000, 163.00, 'equation', NULL, NULL, 1, NULL, NULL, 243, 40, 18),
(1435, 1.000000, 2850.00, 'equation', NULL, NULL, 1, NULL, NULL, 243, 41, 20),
(1436, 1.000000, 3836.75, 'none', NULL, NULL, 1, NULL, NULL, 243, 60, NULL),
(1437, 286.000000, 147.00, 'equation', NULL, NULL, 1, NULL, NULL, 244, 250, 31),
(1438, 150.000000, 50.00, 'equation', NULL, NULL, 1, NULL, NULL, 244, 74, 22),
(1439, 271.000000, 61.00, 'equation', NULL, NULL, 1, NULL, NULL, 244, 39, 12),
(1440, 40.000000, 111.00, 'equation', NULL, NULL, 1, NULL, NULL, 244, 40, 18),
(1441, 2.000000, 2140.00, 'equation', NULL, NULL, 1, NULL, NULL, 244, 41, 20),
(1442, 284.000000, 205.00, 'equation', NULL, NULL, 1, NULL, NULL, 245, 249, 31),
(1443, 202.000000, 72.00, 'equation', NULL, NULL, 1, NULL, NULL, 245, 39, 12),
(1444, 2.000000, 3200.00, 'equation', NULL, NULL, 1, NULL, NULL, 245, 119, 20),
(1445, 342.000000, 190.00, 'equation', NULL, NULL, 1, NULL, NULL, 246, 249, 31),
(1446, 430.000000, 36.00, 'equation', NULL, NULL, 1, NULL, NULL, 246, 31, 11),
(1447, 1.000000, 2100.00, 'equation', NULL, NULL, 1, NULL, NULL, 246, 119, 20),
(1448, 1345.000000, 22.50, 'equation', NULL, NULL, 1, NULL, NULL, 246, 30, 10),
(1449, 4607.000000, 36.00, 'equation', NULL, NULL, 0, NULL, NULL, 246, 31, 11),
(1450, 2011.000000, 43.00, 'equation', NULL, NULL, 1, NULL, NULL, 246, 61, 11),
(1451, 2.000000, 2300.00, 'equation', NULL, NULL, 1, NULL, NULL, 246, 41, 20),
(1452, 180.000000, 40.00, 'equation', NULL, NULL, 1, NULL, NULL, 246, 63, 11),
(1453, 244.000000, 54.00, 'equation', NULL, NULL, 1, NULL, NULL, 246, 44, 22);
INSERT INTO `project_item` (`id`, `quantity`, `price`, `yield_calculation`, `quantity_old`, `price_old`, `principal`, `change_order`, `change_order_date`, `project_id`, `item_id`, `equation_id`) VALUES
(1454, 14487.000000, 19.00, 'equation', NULL, NULL, 1, NULL, NULL, 246, 26, 8),
(1455, 11416.000000, 19.00, 'equation', NULL, NULL, 1, NULL, NULL, 246, 27, 8),
(1456, 7.000000, 800.00, 'equation', NULL, NULL, 1, NULL, NULL, 246, 47, 24),
(1457, 2.000000, 800.00, 'equation', NULL, NULL, 1, NULL, NULL, 246, 48, 25),
(1458, 1.000000, 27509.71, 'none', NULL, NULL, 1, NULL, NULL, 246, 60, NULL),
(1459, -287.000000, 190.00, 'equation', NULL, NULL, 1, NULL, NULL, 246, 106, 31),
(1460, -335.000000, 36.00, 'equation', NULL, NULL, 0, NULL, NULL, 246, 31, 11),
(1461, -761.000000, 43.00, 'equation', NULL, NULL, 0, NULL, NULL, 246, 61, 11),
(1462, 431.000000, 40.00, 'equation', NULL, NULL, 0, NULL, NULL, 246, 63, 11),
(1463, 71.000000, 54.00, 'equation', NULL, NULL, 0, NULL, NULL, 246, 44, 22),
(1464, 155.000000, 19.00, 'equation', NULL, NULL, 0, NULL, NULL, 246, 26, 8),
(1465, 6.000000, 800.00, 'equation', NULL, NULL, 0, NULL, NULL, 246, 48, 25),
(1466, 110.000000, 600.00, 'same', NULL, NULL, 1, NULL, NULL, 246, 254, NULL),
(1467, 7.500000, 600.00, 'same', NULL, NULL, 1, NULL, NULL, 246, 255, NULL),
(1468, 2005.000000, 2.00, '', NULL, NULL, 1, NULL, NULL, 246, 118, NULL),
(1469, 287.000000, 163.00, 'equation', NULL, NULL, 1, NULL, NULL, 246, 256, 31),
(1470, 217.000000, 165.00, 'equation', NULL, NULL, 1, NULL, NULL, 247, 106, 31),
(1471, 2.000000, 1900.00, 'equation', NULL, NULL, 1, NULL, NULL, 247, 41, 20),
(1472, 98.000000, 61.00, 'equation', NULL, NULL, 1, NULL, NULL, 247, 79, 22),
(1473, 12.000000, 550.00, 'same', NULL, NULL, 1, NULL, NULL, 247, 51, NULL),
(1474, 98.000000, 2.00, '', NULL, NULL, 1, NULL, NULL, 247, 139, NULL),
(1475, 497.000000, 45.00, 'equation', NULL, NULL, 1, NULL, NULL, 247, 42, 11),
(1476, 671.000000, 214.00, 'equation', NULL, NULL, 1, NULL, NULL, 248, 257, 38),
(1477, 608.000000, 85.00, 'equation', NULL, NULL, 1, NULL, NULL, 248, 39, 12),
(1478, 158.000000, 47.00, 'equation', NULL, NULL, 1, NULL, NULL, 248, 31, 11),
(1479, 453.000000, 107.00, 'equation', NULL, NULL, 1, NULL, NULL, 248, 32, 12),
(1480, 2.000000, 2100.00, 'equation', NULL, NULL, 1, NULL, NULL, 248, 41, 20),
(1481, 658.000000, 125.00, 'equation', NULL, NULL, 1, NULL, NULL, 248, 258, 22),
(1482, 139.000000, 94.00, 'equation', NULL, NULL, 1, NULL, NULL, 248, 69, 12),
(1483, 1790.000000, 24.00, 'equation', NULL, NULL, 1, NULL, NULL, 248, 46, 23),
(1484, 280.000000, 25.00, 'equation', NULL, NULL, 1, NULL, NULL, 248, 115, 23),
(1485, 205.000000, 35.00, 'equation', NULL, NULL, 1, NULL, NULL, 248, 80, 8),
(1486, 2015.000000, 31.00, 'equation', NULL, NULL, 1, NULL, NULL, 248, 26, 8),
(1487, 670.000000, 34.00, 'equation', NULL, NULL, 1, NULL, NULL, 248, 130, 32),
(1488, 160.000000, 385.00, 'same', NULL, NULL, 1, NULL, NULL, 248, 259, NULL),
(1489, 70.000000, 356.00, 'same', NULL, NULL, 1, NULL, NULL, 248, 52, NULL),
(1490, 12.000000, 2100.00, 'equation', NULL, NULL, 1, NULL, NULL, 248, 260, 15),
(1491, 6.000000, 120.00, 'equation', NULL, NULL, 1, NULL, NULL, 249, 32, 12),
(1492, 1.000000, 11000.00, 'equation', NULL, NULL, 1, NULL, NULL, 249, 62, 29),
(1493, 18.500000, 80.00, 'equation', NULL, NULL, 1, NULL, NULL, 249, 30, 10),
(1494, 2.000000, 2000.00, 'equation', NULL, NULL, 1, NULL, NULL, 249, 47, 24),
(1495, 11.000000, 2120.00, 'equation', NULL, NULL, 1, NULL, NULL, 249, 48, 25),
(1496, 1.000000, 2100.00, 'equation', NULL, NULL, 1, NULL, NULL, 249, 49, 26),
(1497, 7.000000, 1950.00, 'same', NULL, NULL, 1, NULL, NULL, 249, 50, NULL),
(1499, 748.000000, 289.00, 'equation', NULL, NULL, 1, NULL, NULL, 250, 261, 31),
(1500, 1.000000, 5000.00, 'equation', NULL, NULL, 1, NULL, NULL, 250, 119, 20),
(1501, 11894.000000, 56.50, 'equation', NULL, NULL, 1, NULL, NULL, 19, 31, 11),
(1502, 27520.000000, 44.00, '', NULL, NULL, 1, NULL, NULL, 19, 149, NULL),
(1503, 14158.000000, 52.75, 'equation', NULL, NULL, 1, NULL, NULL, 19, 262, 34),
(1504, 580.000000, 313.00, 'equation', NULL, NULL, 1, NULL, NULL, 251, 261, 31),
(1505, 500.000000, 313.00, 'equation', NULL, NULL, 1, NULL, NULL, 251, 263, 31),
(1506, 580.000000, 313.00, 'equation', NULL, NULL, 1, NULL, NULL, 251, 275, 31),
(1507, 5.000000, 3500.00, 'equation', NULL, NULL, 1, NULL, NULL, 251, 119, 20),
(1508, 2615.000000, 87.00, 'equation', NULL, NULL, 1, NULL, NULL, 251, 42, 11),
(1509, 1044.000000, 87.00, 'equation', NULL, NULL, 0, NULL, NULL, 251, 42, 11),
(1510, 193.880000, 342.00, 'equation', NULL, NULL, 1, NULL, NULL, 252, 250, 31),
(1511, 71.000000, 144.00, 'equation', NULL, NULL, 1, NULL, NULL, 252, 40, 18),
(1512, 4.000000, 2200.00, 'equation', NULL, NULL, 1, NULL, NULL, 252, 41, 20),
(1513, 19.000000, 110.00, 'equation', NULL, NULL, 1, NULL, NULL, 253, 74, 22),
(1514, 3383.000000, 71.00, 'equation', NULL, NULL, 1, NULL, NULL, 253, 31, 11),
(1515, 966.000000, 147.00, 'none', NULL, NULL, 1, NULL, NULL, 253, 125, NULL),
(1516, 429.000000, 68.00, 'equation', NULL, NULL, 1, NULL, NULL, 253, 63, 11),
(1517, 114.000000, 139.00, 'equation', NULL, NULL, 1, NULL, NULL, 253, 44, 22),
(1518, 460.000000, 139.00, 'equation', NULL, NULL, 1, NULL, NULL, 253, 79, 22),
(1519, 475.000000, 32.00, 'equation', NULL, NULL, 1, NULL, NULL, 253, 237, 23),
(1520, 1689.000000, 41.00, 'equation', NULL, NULL, 1, NULL, NULL, 253, 35, 14),
(1521, 1304.000000, 45.00, 'equation', NULL, NULL, 1, NULL, NULL, 253, 28, 9),
(1522, 2700.000000, 44.00, 'equation', NULL, NULL, 1, NULL, NULL, 253, 29, 9),
(1523, 1.000000, 1500.00, 'equation', NULL, NULL, 1, NULL, NULL, 253, 48, 25),
(1524, 25.000000, 76.00, 'none', NULL, NULL, 1, NULL, NULL, 253, 133, NULL),
(1525, 250.000000, 397.75, 'same', NULL, NULL, 1, NULL, NULL, 253, 52, NULL),
(1526, 1.000000, -6435.07, 'none', NULL, NULL, 1, NULL, NULL, 253, 60, NULL),
(1528, 2.000000, 0.00, 'none', NULL, NULL, 1, NULL, NULL, 54, 266, NULL),
(1531, 190.000000, 112.00, 'equation', NULL, NULL, 1, NULL, NULL, 126, 268, 12),
(1532, 300.000000, 35.00, '', NULL, NULL, 1, NULL, NULL, 21, 151, NULL),
(1533, 12000.000000, 35.00, 'equation', NULL, NULL, 1, NULL, NULL, 254, 65, 10),
(1534, 32.000000, 32.00, '', NULL, NULL, 1, NULL, NULL, 254, 228, NULL),
(1535, 135.000000, 224.00, 'equation', NULL, NULL, 1, NULL, NULL, 255, 44, 22),
(1536, 1.000000, 3500.00, 'same', NULL, NULL, 1, NULL, NULL, 255, 50, NULL),
(1537, 208.000000, 97.00, 'none', NULL, NULL, 1, NULL, NULL, 255, 133, NULL),
(1538, 171.000000, 63.00, 'equation', NULL, NULL, 1, NULL, NULL, 256, 39, 12),
(1539, 32.000000, 116.00, 'equation', NULL, NULL, 1, NULL, NULL, 256, 40, 18),
(1540, 1000.000000, 35.00, 'equation', NULL, NULL, 1, NULL, NULL, 256, 31, 11),
(1541, 68.000000, 66.00, 'none', NULL, NULL, 1, NULL, NULL, 256, 125, NULL),
(1542, 1.000000, 2200.00, 'equation', NULL, NULL, 1, NULL, NULL, 256, 41, 20),
(1543, 107.000000, 58.00, 'equation', NULL, NULL, 1, NULL, NULL, 256, 79, 22),
(1544, 2240.000000, 23.00, 'equation', NULL, NULL, 1, NULL, NULL, 256, 26, 8),
(1545, 20.000000, 285.00, 'same', NULL, NULL, 1, NULL, NULL, 256, 52, NULL),
(1546, -1000.000000, 35.00, 'equation', NULL, NULL, 0, NULL, NULL, 256, 31, 11),
(1547, -68.000000, 66.00, 'equation', NULL, NULL, 1, NULL, NULL, 256, 32, 12),
(1548, -171.000000, 63.00, 'equation', NULL, NULL, 0, NULL, NULL, 256, 39, 12),
(1549, -32.000000, 116.00, 'equation', NULL, NULL, 0, NULL, NULL, 256, 40, 18),
(1550, -1.000000, 2200.00, 'equation', NULL, NULL, 0, NULL, NULL, 256, 41, 20),
(1551, -107.000000, 58.00, 'equation', NULL, NULL, 0, NULL, NULL, 256, 79, 22),
(1552, -2240.000000, 23.00, 'equation', NULL, NULL, 0, NULL, NULL, 256, 26, 8),
(1553, -20.000000, 285.00, 'same', NULL, NULL, 0, NULL, NULL, 256, 52, NULL),
(1554, 6.000000, 600.00, 'equation', NULL, NULL, 1, NULL, NULL, 54, 38, 16),
(1555, 1000.000000, 42.00, 'equation', NULL, NULL, 0, NULL, NULL, 256, 31, 11),
(1556, 68.000000, 79.00, 'none', NULL, NULL, 0, NULL, NULL, 256, 125, NULL),
(1557, 171.000000, 79.00, 'equation', NULL, NULL, 0, NULL, NULL, 256, 39, 12),
(1558, 107.000000, 68.00, 'equation', NULL, NULL, 0, NULL, NULL, 256, 79, 22),
(1559, 32.000000, 129.00, 'equation', NULL, NULL, 0, NULL, NULL, 256, 40, 18),
(1560, 2240.000000, 28.00, 'equation', NULL, NULL, 0, NULL, NULL, 256, 26, 8),
(1561, 1.000000, 2500.00, 'equation', NULL, NULL, 0, NULL, NULL, 256, 41, 20),
(1562, 20.000000, 356.00, 'same', NULL, NULL, 0, NULL, NULL, 256, 52, NULL),
(1563, 2857.000000, 83.00, 'equation', NULL, NULL, 1, NULL, NULL, 19, 74, 22),
(1564, 1510.000000, 93.00, 'equation', NULL, NULL, 1, NULL, NULL, 19, 269, 22),
(1565, 1932.000000, 302.00, 'same', NULL, NULL, 1, NULL, NULL, 19, 52, NULL),
(1566, 5.000000, 800.00, 'equation', NULL, NULL, 1, NULL, NULL, 19, 270, 33),
(1567, 20315.000000, 21.50, 'equation', NULL, NULL, 1, NULL, NULL, 19, 237, 23),
(1568, 6157.000000, 82.00, 'equation', NULL, NULL, 1, NULL, NULL, 19, 271, 34),
(1569, 134.000000, 800.00, 'same', NULL, NULL, 1, NULL, NULL, 19, 25, NULL),
(1570, 470.000000, 185.00, 'equation', NULL, NULL, 1, NULL, NULL, 257, 235, 38),
(1571, 25.000000, 112.00, 'equation', NULL, NULL, 1, NULL, NULL, 257, 31, 11),
(1572, 910.000000, 94.00, 'equation', NULL, NULL, 1, NULL, NULL, 257, 44, 22),
(1573, 275.000000, 25.00, 'equation', NULL, NULL, 1, NULL, NULL, 257, 46, 23),
(1574, 365.000000, 25.00, 'equation', NULL, NULL, 1, NULL, NULL, 257, 218, 23),
(1575, 2775.000000, 31.00, 'equation', NULL, NULL, 1, NULL, NULL, 257, 26, 8),
(1576, 88.000000, 690.00, 'same', NULL, NULL, 1, NULL, NULL, 257, 51, NULL),
(1577, 1064.000000, 3.00, '', NULL, NULL, 1, NULL, NULL, 257, 118, NULL),
(1578, 160.000000, 46.00, 'none', NULL, NULL, 1, NULL, NULL, 257, 133, NULL),
(1595, 10383.000000, 53.00, 'equation', NULL, NULL, 1, NULL, NULL, 259, 42, 11),
(1596, 1.000000, 11005.98, 'none', NULL, NULL, 1, NULL, NULL, 259, 60, NULL),
(1597, 2910.000000, 31.50, 'equation', NULL, NULL, 1, NULL, NULL, 259, 272, 30),
(1598, 13280.000000, 43.00, 'equation', NULL, NULL, 1, NULL, NULL, 259, 273, 11),
(1599, 438.000000, 30.00, 'equation', NULL, NULL, 1, NULL, NULL, 259, 26, 8),
(1600, 2659.000000, 68.00, 'equation', NULL, NULL, 1, NULL, NULL, 259, 274, 11),
(1601, 1.000000, 17133.14, 'none', NULL, NULL, 0, NULL, NULL, 259, 60, NULL),
(1602, 50.000000, 121.00, 'none', NULL, NULL, 1, NULL, NULL, 260, 133, NULL),
(1603, 1.000000, 20000.00, 'none', NULL, NULL, 1, NULL, NULL, 19, 276, NULL),
(1613, 170.000000, 48.00, 'equation', NULL, NULL, 1, NULL, NULL, 262, 68, 22),
(1614, 2.000000, 1800.00, 'equation', NULL, NULL, 1, NULL, NULL, 262, 119, 20),
(1615, 570.000000, 20.00, 'equation', NULL, NULL, 1, NULL, NULL, 262, 26, 8),
(1617, 0.000000, 189.00, 'same', NULL, NULL, 1, NULL, NULL, 54, 101, NULL),
(1619, 0.000000, 195.00, 'same', NULL, NULL, 1, NULL, NULL, 38, 101, NULL),
(1620, 1.000000, 3475.00, 'equation', NULL, NULL, 1, NULL, NULL, 263, 47, 24),
(1621, 4.000000, 3500.00, 'equation', NULL, NULL, 1, NULL, NULL, 263, 48, 25),
(1622, 11.000000, 3450.00, 'same', NULL, NULL, 1, NULL, NULL, 263, 50, NULL),
(1623, 1307.000000, 166.00, 'equation', NULL, NULL, 1, NULL, NULL, 265, 278, 38),
(1624, 2000.000000, 76.00, '', NULL, NULL, 1, NULL, NULL, 265, 136, NULL),
(1625, 8000.000000, 39.00, 'equation', NULL, NULL, 1, NULL, NULL, 265, 31, 11),
(1626, 300.000000, 84.00, 'equation', NULL, NULL, 1, NULL, NULL, 265, 32, 12),
(1627, 244.000000, 164.00, 'equation', NULL, NULL, 1, NULL, NULL, 265, 61, 11),
(1628, 180.000000, 68.00, 'equation', NULL, NULL, 1, NULL, NULL, 265, 63, 11),
(1629, 80.000000, 95.00, 'equation', NULL, NULL, 1, NULL, NULL, 265, 69, 12),
(1630, 2130.000000, 21.00, 'equation', NULL, NULL, 1, NULL, NULL, 265, 82, 23),
(1631, 5510.000000, 18.30, 'equation', NULL, NULL, 1, NULL, NULL, 265, 35, 14),
(1632, 2705.000000, 22.00, 'equation', NULL, NULL, 1, NULL, NULL, 265, 28, 9),
(1633, 225.000000, 80.00, 'equation', NULL, NULL, 1, NULL, NULL, 265, 39, 12),
(1634, 100.000000, 325.00, 'same', NULL, NULL, 1, NULL, NULL, 265, 52, NULL),
(1635, 345.000000, 229.00, 'equation', NULL, NULL, 1, NULL, NULL, 265, 261, 31),
(1636, 337.000000, 229.00, 'equation', NULL, NULL, 1, NULL, NULL, 265, 263, 31),
(1637, 517.000000, 229.00, 'equation', NULL, NULL, 1, NULL, NULL, 265, 275, 31),
(1638, 40.000000, 85.00, 'none', NULL, NULL, 1, NULL, NULL, 266, 133, NULL),
(1639, 500.000000, 19.85, '', NULL, 18.900000, 1, NULL, NULL, 254, 211, NULL),
(1640, 185.000000, 35.00, '', NULL, NULL, 1, NULL, NULL, 254, 153, NULL),
(1642, 156.000000, 38.59, '', NULL, 36.750000, 0, NULL, NULL, 254, 211, NULL),
(1645, 0.000000, 24.00, 'same', NULL, NULL, 1, NULL, NULL, 254, 247, NULL),
(1646, 49.000000, 3250.00, 'equation', NULL, NULL, 1, NULL, NULL, 268, 47, 24),
(1647, 3.000000, 3300.00, 'equation', NULL, NULL, 1, NULL, NULL, 268, 48, 25),
(1648, 3.000000, 3300.00, 'equation', NULL, NULL, 1, NULL, NULL, 268, 49, 26),
(1649, 34.000000, 3150.00, 'same', NULL, NULL, 1, NULL, NULL, 268, 50, NULL),
(1650, 15154.000000, 40.00, 'equation', NULL, NULL, 1, NULL, NULL, 269, 63, 11),
(1651, 6444.000000, 76.00, 'equation', NULL, NULL, 1, NULL, NULL, 269, 64, 39),
(1652, 11.000000, 3000.00, 'equation', NULL, NULL, 1, NULL, NULL, 270, 47, 24),
(1653, 20.000000, 2900.00, 'same', NULL, NULL, 1, NULL, NULL, 270, 50, NULL),
(1654, 2.000000, 1500.00, 'same', NULL, NULL, 1, NULL, NULL, 270, 51, NULL),
(1655, 360.000000, 40.00, 'none', NULL, NULL, 1, NULL, NULL, 270, 133, NULL),
(1656, 4.000000, 3200.00, 'equation', NULL, NULL, 1, NULL, NULL, 271, 47, 24),
(1657, 2.000000, 3150.00, 'same', NULL, NULL, 1, NULL, NULL, 271, 50, NULL),
(1658, 100.000000, 44.00, '', NULL, NULL, 1, NULL, NULL, 272, 166, NULL),
(1659, 100.000000, 65.00, 'equation', NULL, NULL, 1, NULL, NULL, 272, 74, 22),
(1660, 1600.000000, 47.00, 'equation', NULL, NULL, 1, NULL, NULL, 272, 31, 11),
(1661, 300.000000, 85.00, 'equation', NULL, NULL, 1, NULL, NULL, 272, 32, 12),
(1662, 220.000000, 97.00, 'equation', NULL, NULL, 1, NULL, NULL, 272, 44, 22),
(1663, 165.000000, 65.00, 'equation', NULL, NULL, 1, NULL, NULL, 272, 79, 22),
(1664, 365.000000, 80.00, 'equation', NULL, NULL, 1, NULL, NULL, 272, 69, 12),
(1665, 3400.000000, 29.00, 'equation', NULL, NULL, 1, NULL, NULL, 272, 26, 8),
(1668, 710.000000, 37.00, '', NULL, NULL, 1, NULL, NULL, 273, 166, NULL),
(1669, 660.000000, 53.00, 'equation', NULL, NULL, 1, NULL, NULL, 273, 74, 22),
(1670, 6500.000000, 36.50, 'equation', NULL, NULL, 1, NULL, NULL, 273, 31, 11),
(1671, 2500.000000, 65.00, '', NULL, NULL, 1, NULL, NULL, 273, 167, NULL),
(1672, 5.000000, 2200.00, 'equation', NULL, NULL, 1, NULL, NULL, 273, 41, 20),
(1673, 960.000000, 64.00, 'equation', NULL, NULL, 1, NULL, NULL, 273, 79, 22),
(1674, 1630.000000, 80.00, 'equation', NULL, NULL, 1, NULL, NULL, 273, 69, 12),
(1675, 164.000000, 22.00, 'equation', NULL, NULL, 1, NULL, NULL, 273, 237, 23),
(1676, 274.000000, 21.00, 'equation', NULL, NULL, 1, NULL, NULL, 273, 70, 23),
(1677, 13860.000000, 15.00, 'equation', NULL, NULL, 1, NULL, NULL, 273, 35, 14),
(1678, 1840.000000, 19.50, 'equation', NULL, NULL, 1, NULL, NULL, 273, 282, 14),
(1679, 15.000000, 1400.00, 'same', NULL, NULL, 1, NULL, NULL, 273, 25, NULL),
(1680, 7.000000, 2400.00, 'equation', NULL, NULL, 1, NULL, NULL, 274, 47, 24),
(1681, 56.000000, 2300.00, 'same', NULL, NULL, 1, NULL, NULL, 274, 50, NULL),
(1682, 470.000000, 37.50, 'none', NULL, NULL, 1, NULL, NULL, 274, 133, NULL),
(1683, 48.000000, 110.00, 'equation', NULL, NULL, 1, NULL, NULL, 275, 40, 18),
(1684, 4.000000, 66.00, 'equation', NULL, NULL, 1, NULL, NULL, 275, 31, 11),
(1685, 3.000000, 2300.00, 'equation', NULL, NULL, 1, NULL, NULL, 275, 41, 20),
(1686, 226.000000, 83.00, 'equation', NULL, NULL, 1, NULL, NULL, 275, 44, 22),
(1687, 857.000000, 32.00, 'equation', NULL, NULL, 1, NULL, NULL, 275, 26, 8),
(1688, 61.000000, 38.00, 'none', NULL, NULL, 1, NULL, NULL, 275, 133, NULL),
(1689, 170.000000, 37.50, 'none', NULL, NULL, 1, NULL, NULL, 276, 133, NULL),
(1690, 1439.000000, 54.50, 'equation', NULL, NULL, 1, NULL, NULL, 277, 42, 11),
(1691, 11.000000, 2450.00, 'equation', NULL, NULL, 1, NULL, NULL, 278, 47, 24),
(1692, 1.000000, 2600.00, 'equation', NULL, NULL, 1, NULL, NULL, 278, 48, 25),
(1693, 18.000000, 2400.00, 'same', NULL, NULL, 1, NULL, NULL, 278, 50, NULL),
(1694, 100.000000, 38.00, 'none', NULL, NULL, 1, NULL, NULL, 278, 133, NULL),
(1695, 6.000000, 3800.00, 'same', NULL, NULL, 1, NULL, NULL, 279, 50, NULL),
(1696, 58.000000, 3400.00, 'equation', NULL, NULL, 1, NULL, NULL, 280, 47, 24),
(1697, 50.000000, 81.00, 'none', NULL, NULL, 1, NULL, NULL, 281, 133, NULL),
(1698, 3.000000, 3.00, '', NULL, NULL, 1, 0, NULL, 254, 194, NULL),
(1699, 15.000000, 15.00, 'equation', NULL, NULL, 1, NULL, NULL, 254, 224, 41),
(1700, 10.000000, 15.00, 'equation', 5.000000, NULL, 1, 1, '2025-11-30 16:03:20', 254, 72, 8),
(1701, 750.000000, 78.00, 'none', NULL, NULL, 1, NULL, NULL, 282, 133, NULL),
(1702, 10.000000, 10.00, '', 15.000000, 11.030000, 1, 1, '2025-11-29 16:03:20', 254, 223, NULL),
(1703, 9.000000, 211.00, 'same', NULL, NULL, 1, NULL, NULL, 20, 101, NULL),
(1704, 772.000000, 72.00, 'equation', NULL, NULL, 1, NULL, NULL, 39, 67, 36),
(1705, 3506.000000, 36.50, 'equation', NULL, NULL, 1, NULL, NULL, 39, 31, 11),
(1706, 2668.000000, 34.00, 'equation', NULL, NULL, 1, NULL, NULL, 39, 63, 11),
(1707, 9106.000000, 21.00, 'equation', NULL, NULL, 1, NULL, NULL, 39, 26, 8),
(1708, 5402.000000, 21.50, 'equation', NULL, NULL, 1, NULL, NULL, 39, 27, 8),
(1709, 355.000000, 48.00, 'equation', NULL, NULL, 1, NULL, NULL, 39, 61, 11),
(1710, 56.000000, 2100.00, 'same', NULL, NULL, 1, NULL, NULL, 39, 186, NULL),
(1711, 696.000000, 25.00, 'none', NULL, NULL, 1, NULL, NULL, 39, 102, NULL),
(1712, 0.000000, 3500.00, 'same', NULL, NULL, 1, NULL, NULL, 39, 103, NULL),
(1713, 0.000000, 2100.00, 'equation', NULL, NULL, 1, NULL, NULL, 39, 104, 20),
(1714, 0.000000, 36.00, 'equation', NULL, NULL, 1, NULL, NULL, 39, 78, 30),
(1715, 606.000000, 52.50, '', NULL, NULL, 1, NULL, NULL, 283, 283, NULL),
(1716, 881.000000, 22.00, 'equation', NULL, NULL, 1, NULL, NULL, 283, 84, 23),
(1717, 1839.000000, 20.50, 'equation', NULL, NULL, 1, NULL, NULL, 283, 35, 14),
(1718, 2.000000, 800.00, 'none', NULL, NULL, 1, NULL, NULL, 283, 284, NULL),
(1719, 1.000000, 1000.00, 'equation', NULL, NULL, 1, NULL, NULL, 283, 48, 25),
(1720, 3343.000000, 77.00, '', NULL, NULL, 1, NULL, NULL, 283, 285, NULL),
(1721, 529.000000, 98.50, '', NULL, NULL, 1, NULL, NULL, 283, 286, NULL),
(1722, 517.000000, 157.00, 'equation', NULL, NULL, 1, NULL, NULL, 284, 235, 38),
(1723, 862.000000, 73.00, 'equation', NULL, NULL, 1, NULL, NULL, 284, 39, 12),
(1724, 245.000000, 56.00, 'equation', NULL, NULL, 1, NULL, NULL, 284, 31, 11),
(1725, 148.000000, 81.00, 'equation', NULL, NULL, 1, NULL, NULL, 284, 32, 12),
(1726, 1119.000000, 85.00, 'equation', NULL, NULL, 1, NULL, NULL, 284, 44, 22),
(1727, 62.000000, 74.00, 'equation', NULL, NULL, 1, NULL, NULL, 284, 79, 22),
(1728, 62.000000, 25.00, 'equation', NULL, NULL, 1, NULL, NULL, 284, 45, 23),
(1729, 3242.000000, 25.50, 'equation', NULL, NULL, 1, NULL, NULL, 284, 26, 8),
(1730, 1532.000000, 28.00, 'equation', NULL, NULL, 1, NULL, NULL, 284, 27, 8),
(1731, 375.000000, 28.00, 'equation', NULL, NULL, 1, NULL, NULL, 284, 81, 8),
(1732, 66.000000, 325.00, 'same', NULL, NULL, 1, NULL, NULL, 284, 52, NULL),
(1733, 522.000000, 89.00, 'equation', NULL, NULL, 1, NULL, NULL, 284, 69, 12),
(1734, 2008.000000, 56.50, 'equation', NULL, NULL, 1, NULL, NULL, 286, 74, 22),
(1735, 2802.000000, 70.50, 'equation', NULL, NULL, 1, NULL, NULL, 286, 39, 12),
(1736, 590.000000, 52.00, 'equation', NULL, NULL, 1, NULL, NULL, 286, 61, 11),
(1737, 932.000000, 36.00, 'equation', NULL, NULL, 1, NULL, NULL, 286, 78, 30),
(1738, 1145.000000, 25.50, 'equation', NULL, NULL, 1, NULL, NULL, 286, 237, 23),
(1739, 1405.000000, 29.50, 'equation', NULL, NULL, 1, NULL, NULL, 286, 26, 8),
(1740, 514.000000, 28.00, 'equation', NULL, NULL, 1, NULL, NULL, 286, 27, 8),
(1741, 4.000000, 2400.00, 'equation', NULL, NULL, 1, NULL, NULL, 286, 41, 20),
(1742, 275.000000, 79.00, 'equation', NULL, NULL, 1, NULL, NULL, 287, 67, 36),
(1743, 200.000000, 38.00, 'none', NULL, NULL, 1, NULL, NULL, 288, 287, NULL),
(1744, 2.000000, 5900.00, 'same', NULL, NULL, 1, NULL, NULL, 289, 50, NULL),
(1745, 420.000000, 70.00, 'none', NULL, NULL, 1, NULL, NULL, 289, 133, NULL),
(1746, 4.000000, 2500.00, 'same', NULL, NULL, 1, NULL, NULL, 290, 50, NULL),
(1747, 453.000000, 135.00, '', NULL, NULL, 1, NULL, NULL, 291, 288, NULL),
(1748, 1.000000, 5300.00, '', NULL, NULL, 1, NULL, NULL, 291, 289, NULL),
(1749, 1.000000, 2400.00, '', NULL, NULL, 1, NULL, NULL, 291, 290, NULL),
(1750, 55.000000, 78.00, 'none', NULL, NULL, 1, NULL, NULL, 292, 133, NULL),
(1751, 2.000000, 3200.00, 'equation', NULL, NULL, 1, NULL, NULL, 293, 47, 24),
(1752, 1.000000, 2900.00, 'same', NULL, NULL, 1, NULL, NULL, 293, 50, NULL),
(1753, 190.000000, 74.00, 'none', NULL, NULL, 1, NULL, NULL, 293, 133, NULL),
(1754, 24.000000, 195.00, 'equation', NULL, NULL, 1, NULL, NULL, 294, 40, 18),
(1755, 461.000000, 79.00, 'equation', NULL, NULL, 1, NULL, NULL, 294, 31, 11),
(1756, 49.000000, 174.00, 'none', NULL, NULL, 1, NULL, NULL, 294, 125, NULL),
(1757, 850.000000, 89.00, 'equation', NULL, NULL, 1, NULL, NULL, 294, 61, 11),
(1758, 12.000000, 2600.00, 'equation', NULL, NULL, 1, NULL, NULL, 294, 41, 20),
(1759, 508.000000, 134.00, 'equation', NULL, NULL, 1, NULL, NULL, 294, 44, 22),
(1760, 2856.000000, 59.00, 'equation', NULL, NULL, 1, NULL, NULL, 294, 78, 30),
(1761, 899.000000, 54.00, 'equation', NULL, NULL, 1, NULL, NULL, 294, 26, 8),
(1762, 349.000000, 55.00, 'equation', NULL, NULL, 1, NULL, NULL, 294, 27, 8),
(1763, 32.000000, 479.50, 'same', NULL, NULL, 1, NULL, NULL, 294, 52, NULL),
(1764, 724.000000, 74.00, 'equation', NULL, NULL, 1, NULL, NULL, 141, 42, 11),
(1765, 4.000000, 3500.00, 'same', NULL, NULL, 1, NULL, NULL, 295, 50, NULL),
(1766, 1115.000000, 56.00, 'equation', NULL, NULL, 1, NULL, NULL, 296, 74, 22),
(1767, 170.000000, 81.00, 'equation', NULL, NULL, 1, NULL, NULL, 296, 40, 18),
(1768, 5600.000000, 41.50, 'equation', NULL, NULL, 1, NULL, NULL, 296, 61, 11),
(1769, 640.000000, 29.00, 'equation', NULL, NULL, 1, NULL, NULL, 296, 78, 30),
(1770, 10.000000, 120.00, 'equation', NULL, NULL, 1, NULL, NULL, 297, 40, 18),
(1771, 1.000000, 2400.00, 'equation', NULL, NULL, 1, NULL, NULL, 297, 41, 20),
(1772, 7.000000, 2050.00, 'equation', NULL, NULL, 1, NULL, NULL, 298, 47, 24),
(1773, 9.000000, 2150.00, 'equation', NULL, NULL, 1, NULL, NULL, 298, 48, 25),
(1774, 34.000000, 2000.00, 'same', NULL, NULL, 1, NULL, NULL, 298, 50, NULL),
(1775, 462.000000, 43.50, 'equation', NULL, NULL, 1, NULL, NULL, 299, 74, 22),
(1776, 916.000000, 53.00, 'equation', NULL, NULL, 1, NULL, NULL, 299, 39, 12),
(1777, 21.000000, 92.00, 'equation', NULL, NULL, 1, NULL, NULL, 299, 40, 18),
(1778, 940.000000, 37.00, 'equation', NULL, NULL, 1, NULL, NULL, 299, 31, 11),
(1779, 335.000000, 68.00, 'equation', NULL, NULL, 1, NULL, NULL, 299, 32, 12),
(1780, 1.000000, 2350.00, 'equation', NULL, NULL, 1, NULL, NULL, 299, 41, 20),
(1781, 4194.000000, 29.50, 'equation', NULL, NULL, 1, NULL, NULL, 299, 63, 11),
(1782, 9411.000000, 20.75, 'equation', NULL, NULL, 1, NULL, NULL, 299, 78, 30),
(1783, 1100.000000, 68.00, 'equation', NULL, NULL, 1, NULL, NULL, 299, 69, 12),
(1784, 5030.000000, 18.50, 'equation', NULL, NULL, 1, NULL, NULL, 299, 26, 8),
(1785, 100.000000, 265.00, 'same', NULL, NULL, 1, NULL, NULL, 299, 52, NULL),
(1786, 367.000000, 50.00, '', NULL, NULL, 1, NULL, NULL, 300, 291, NULL),
(1787, 50.000000, 45.00, 'equation', NULL, NULL, 1, NULL, NULL, 300, 35, 14),
(1788, 290.000000, 45.00, '', NULL, NULL, 1, NULL, NULL, 300, 292, NULL),
(1789, 39.000000, 2350.00, '', NULL, NULL, 1, NULL, NULL, 300, 293, NULL),
(1790, 270.000000, 40.00, '', NULL, NULL, 1, NULL, NULL, 300, 294, NULL),
(1791, 28.000000, 50.00, '', NULL, NULL, 1, NULL, NULL, 300, 295, NULL),
(1792, 0.000000, 1031.25, 'none', NULL, NULL, 1, NULL, NULL, 300, 60, NULL),
(1793, 763.200000, 50.00, 'equation', NULL, NULL, 1, NULL, NULL, 301, 31, 11),
(1794, 170.000000, 45.00, 'equation', NULL, NULL, 1, NULL, NULL, 301, 35, 14),
(1795, 90.000000, 45.00, '', NULL, NULL, 1, NULL, NULL, 301, 292, NULL),
(1796, 74.000000, 2350.00, '', NULL, NULL, 1, NULL, NULL, 301, 293, NULL),
(1797, 70.000000, 40.00, '', NULL, NULL, 1, NULL, NULL, 301, 294, NULL),
(1798, 63.000000, 50.00, '', NULL, NULL, 1, NULL, NULL, 301, 295, NULL),
(1799, 0.000000, 1722.83, 'none', NULL, NULL, 1, NULL, NULL, 301, 60, NULL),
(1800, 1000.000000, 102.00, 'none', 100.000000, 100.000000, 1, NULL, NULL, 6, 194, NULL),
(1801, 15.000000, 153.00, 'none', NULL, 150.000000, 0, NULL, NULL, 6, 194, NULL),
(1802, 50.000000, 204.00, 'none', NULL, 200.000000, 0, NULL, NULL, 6, 25, NULL),
(1803, 10.000000, 100.00, 'equation', NULL, NULL, 0, NULL, NULL, 262, 68, 22),
(1805, 10.000000, 40.00, 'none', NULL, NULL, 1, NULL, NULL, 10, 153, NULL),
(1806, 20.000000, 20.00, 'none', NULL, NULL, 0, NULL, NULL, 10, 153, NULL),
(1807, 540.000000, 45.00, 'same', NULL, NULL, 1, NULL, NULL, 69, 194, NULL),
(1808, 450.000000, 54.00, 'equation', NULL, NULL, 1, NULL, NULL, 69, 53, 16),
(1809, 340.000000, 34.00, 'none', NULL, NULL, 0, NULL, NULL, 69, 298, NULL),
(1810, 450.000000, 34.00, 'none', NULL, NULL, 0, NULL, NULL, 69, 299, NULL),
(1811, 1.000000, 1.00, 'none', NULL, NULL, 1, NULL, NULL, 302, 301, NULL),
(1812, 10.000000, 100.00, 'none', NULL, NULL, 0, 0, NULL, 302, 302, NULL);

-- --------------------------------------------------------

--
-- Estructura de tabla para la tabla `project_item_history`
--

CREATE TABLE `project_item_history` (
  `id` int(11) NOT NULL,
  `project_item_id` int(11) NOT NULL,
  `action_type` varchar(50) NOT NULL,
  `old_value` varchar(255) DEFAULT NULL,
  `new_value` varchar(255) DEFAULT NULL,
  `created_at` datetime NOT NULL,
  `user_id` int(11) DEFAULT NULL
) ENGINE=InnoDB DEFAULT CHARSET=latin1;

--
-- Volcado de datos para la tabla `project_item_history`
--

INSERT INTO `project_item_history` (`id`, `project_item_id`, `action_type`, `old_value`, `new_value`, `created_at`, `user_id`) VALUES
(1, 1702, 'add', NULL, NULL, '2025-11-29 15:22:28', 1),
(2, 1702, 'update_quantity', '15', '10', '2025-11-29 15:22:55', 1),
(3, 1702, 'update_price', '15', '10', '2025-11-29 15:22:55', 1),
(4, 1700, 'add', NULL, NULL, '2025-11-29 15:26:08', 1),
(5, 1700, 'update_quantity', '0', '10', '2025-11-29 15:26:31', 1),
(6, 1700, 'update_quantity', '10', '15', '2025-11-30 13:54:29', 1),
(7, 1700, 'update_quantity', '15', '5', '2025-11-30 15:36:11', 1),
(8, 1700, 'update_quantity', '5', '10', '2025-11-30 15:43:53', 1),
(9, 1702, 'update_price', '11.03', '10', '2025-11-29 16:03:19', 1);

-- --------------------------------------------------------

--
-- Estructura de tabla para la tabla `project_notes`
--

CREATE TABLE `project_notes` (
  `id` int(11) NOT NULL,
  `notes` text,
  `date` date DEFAULT NULL,
  `project_id` int(11) DEFAULT NULL
) ENGINE=InnoDB DEFAULT CHARSET=utf8mb4;

--
-- Volcado de datos para la tabla `project_notes`
--

INSERT INTO `project_notes` (`id`, `notes`, `date`, `project_id`) VALUES
(5, 'There was no end date listed in bid or contract. Put in something one year from now.', '2024-10-10', 33),
(6, 'Had a question on items being added from contract/change order. All items not entered yet as of 10-16-24.', '2024-10-16', 39),
(7, 'Need to check actual end date. Bid said unknown.', '2024-10-17', 40),
(8, 'check to see if complete, should have been done 8-31-24', '2024-10-17', 43),
(9, 'check to see if complete, should have finished 3-31-24', '2024-10-17', 44),
(10, 'Check completion date 10-27-24', '2024-10-17', 45),
(11, 'I was unable to find one of the change orders. Put in as an item \"Change order prior to 3-23-23\" to account for difference. Also Change order from 2-22-24 had a qty that had 3 decimal points, the system rounded it and threw off the total by a few cents. Total as of 2-22-24 should be $1,079,451.34', '2024-10-18', 39),
(12, 'Had two Change order forms. One on 10-4-23 and one on 10-1-24', '2024-10-18', 46),
(15, 'Contract was actually $503,333.40. A couple items had the wrong bid totals entered. It was wrong from our bid not them.', '2024-10-21', 50),
(16, 'Need to check completion date.', '2024-10-21', 51),
(17, 'Completed on 10-22-24', '2024-10-22', 55),
(18, 'THERE WAS A CHANGE ORDER ON 11-30-23, THE C&G 8X30 IN TP 7 WENT FROM $33.75 TO $35.75 PER LF. ', '2024-10-23', 61),
(38, 'Change contract amount, old value: 444868.58', '2024-10-28', 25),
(39, 'Change start date, old value: 08/03/0024', '2024-10-28', 25),
(40, 'Change end date, old value: 09/30/0027', '2024-10-28', 25),
(41, 'Change start date, old value: 04/23/0024', '2024-10-28', 36),
(42, 'Change end date, old value: 05/31/0025', '2024-10-28', 36),
(43, 'Change start date, old value: 08/01/0024', '2024-10-28', 32),
(44, 'Change end date, old value: 12/31/0025', '2024-10-28', 32),
(45, 'Change start date, old value: 09/11/0024', '2024-10-28', 33),
(46, 'Change end date, old value: 10/11/0025', '2024-10-28', 33),
(47, 'Change start date, old value: 08/01/0024', '2024-10-28', 34),
(48, 'Change end date, old value: 08/27/0026', '2024-10-28', 34),
(49, 'Change start date, old value: 09/04/0024', '2024-10-28', 35),
(50, 'Change end date, old value: 10/31/0025', '2024-10-28', 35),
(51, 'Change start date, old value: 08/12/0024', '2024-10-28', 31),
(52, 'Change end date, old value: 03/31/0026', '2024-10-28', 31),
(54, 'Change contract amount, old value: 0', '2024-10-28', 77),
(55, 'Change contract amount, old value: 0', '2024-10-28', 78),
(56, 'Change contract amount, old value: 0', '2024-10-28', 80),
(57, 'ALL PRICES ARE FOR LABOR ONLY. ERS WILL BE PURCHASING ALL NEEDD CONCRETE FOR C&G ', '2024-10-28', 79),
(58, 'Change contract amount, old value: 0', '2024-10-28', 79),
(59, 'Change contract amount, old value: 0', '2024-10-28', 81),
(68, 'Change contract amount, old value: 0', '2024-10-29', 82),
(69, 'Change contract amount, old value: 0', '2024-10-29', 83),
(70, 'Change contract amount, old value: 0', '2024-10-29', 84),
(71, 'Change contract amount, old value: 0', '2024-10-29', 85),
(72, 'Change contract amount, old value: 0', '2024-10-29', 86),
(73, 'Change contract amount, old value: 0', '2024-10-29', 87),
(74, 'Change contract amount, old value: 0', '2024-10-29', 88),
(75, 'NEED TO CHECK THE COMPLETETION DATE. IT WAS NA IN BID.', '2024-10-29', 88),
(76, 'ADDTIONAL ITEMS IF NEEDED\nINVERT FOR CATCH BASIN GP1 2 EACH $200\nINVERT FOR DROP INLET GP 1 18 EACH $200', '2024-10-29', 89),
(77, 'Change contract amount, old value: 0', '2024-10-29', 89),
(78, 'Change contract amount, old value: 0', '2024-10-30', 90),
(79, 'Change contract amount, old value: 0', '2024-10-31', 91),
(80, 'THERE WAS A CHANGE ORDER DONE SOMETIME AFTER 10-21-2023. CANNOT FIND. USED BILLING FOR FOR REFERENCE', '2024-10-31', 91),
(81, 'COMPLETED 10-30-2024', '2024-10-31', 91),
(82, 'Change contract amount, old value: 139608', '2024-10-31', 91),
(83, 'Change contract amount, old value: 0', '2024-10-31', 92),
(84, 'Change contract amount, old value: 0', '2024-10-31', 93),
(85, 'Change contract amount, old value: 0', '2024-10-31', 94),
(86, 'Change status, old value: In Progress', '2024-11-01', 95),
(87, 'Change contract amount, old value: 0', '2024-11-01', 95),
(88, 'Change contract amount, old value: 5887025.82', '2024-11-04', 95),
(89, 'Change contract amount, old value: 0', '2024-11-04', 96),
(90, 'Change contract amount, old value: 0', '2024-11-04', 97),
(91, 'Change status, old value: In Progress', '2024-11-04', 97),
(92, 'Change contract amount, old value: 0', '2024-11-04', 98),
(93, 'Change status, old value: In Progress', '2024-11-04', 98),
(94, 'Change Subcontract NO, old value: T-17-0012', '2024-11-04', 99),
(95, 'Change contract amount, old value: 0', '2024-11-04', 99),
(96, 'Change contract amount, old value: 0', '2024-11-04', 100),
(97, 'Change contract amount, old value: 0', '2024-11-04', 101),
(98, 'Change contract amount, old value: 0', '2024-11-05', 102),
(99, 'Change status, old value: In Progress', '2024-11-05', 102),
(100, 'Change contract amount, old value: 0', '2024-11-05', 103),
(101, 'Change contract amount, old value: 0', '2024-11-05', 104),
(102, 'Change status, old value: Not Started', '2024-11-07', 95),
(113, 'Change contract amount, old value: 0', '2024-11-08', 106),
(114, 'Change end date, old value: 08/31/2024', '2024-11-08', 107),
(115, 'Change end date, old value: 08/31/2024', '2024-11-08', 107),
(116, 'Change contract amount, old value: 0', '2024-11-08', 107),
(117, 'THERE IS AN ADD ON BID MADE IN JULY 2024 FOR INSTALLATION OF PEDESTRIAN ACCESSIBILITY ACROSS FOR 5`00 BUT NO CONTRACT ON FILE.', '2024-11-08', 107),
(118, 'Change contract amount, old value: 0', '2024-11-08', 108),
(119, 'Change status, old value: Not Started', '2024-11-13', 105),
(120, 'Change contract amount, old value: 0', '2024-11-13', 111),
(121, 'Change status, old value: Not Started', '2024-11-22', 102),
(122, 'Change end date, old value: 11/24/2024', '2024-11-25', 45),
(124, '<p><span style=\"background-color: rgb(255, 255, 0);\">WAYNE DAVIS</span> CONCRETE, JUNE 16, 2021 </p><p>QUOTE:\n\n\n586.00 <span style=\"background-color: rgb(255, 255, 0);\">Class B STRAIGHT CEMENT $121.50--\n1500.00</span></p><p>Class 3 Paving $120.00--\n1.00 MISC.</p><p> RED COLOR PER YARD $85.00--\n1.00</p><p> MICRO FIBER 1/2LB PER YARD $5.00--\n1.00 </p><p>PUMP PRIME GROUT $250.00--\n1.00 </p><p>ICE PER POUNDS $1.00--\n1.00 </p><p>HYDRATION CONTROL ADMIX $6.00--\n1.00</p><p> 1% CALCIUM CHLORIDE $4.00--\n1.00 </p><p>2% CALCIUM CHLORIDE $8.00--\n1.00</p><p> 1% NONCHLORIDE ACCELERATOR $10.00--\n1.00</p><p> 2% NONCHLORIDE ACCELERATOR $20.00--\n1.00</p><p> HEATED WATER PER YARD-(WHERE AVAILABLE) $6.00--\n1.00 </p><p>MID RANGE PLASTICIZER $4.00--\n1.00</p><p> HIGH RANGE PLASTICIZER $8.00--\n1.00 </p><p>1% RETARDER PER YARD $3.00--\n1.00</p><p> 2% RETARDER PER YARD $6.00--</p>', '2025-02-19', 55),
(125, '<p><span style=\"background-color: rgb(255, 255, 0);\">THOMAS CONCRETE</span>, 4/14/2022 </p><p>CONCRETE QUOTE:\n\n2200 228000-1 DOT CLASS B 470AAE Class B $145.00--\n</p><p>3000 308000-1 DOT CLASS A 611AAE Class A $150.00--</p><p>\n0 408003 CLASS D Class D $155.00</p><p>--\n4003LB Ice (P.Lbs) $0.60--</p><p>4999 Hydration Stabilizer per % $10.00--\n</p><p>5003 Super P (Per 1000 psi) $1.50--\n</p><p>5004 NCA (1%) $7.00--\n</p><p>5009 Commercial Fiber (P.Cu.Yrd.) $8.00--</p><p>\n8100 Environmental Fee (P.Load) $10.00--</p><p>\n8500 Fuel Surcharge (P.Load) Varies $51.00--\n</p><p>9000 Standing Time Per Hour $100.00--\n</p><p>9001-2 Delivery Fee Under 3 CuYrds $300.00--\n</p><p>9001-3 Delivery Fee 3-5 CuYrds $200.00--</p><p>\n9009 Opening Fee/Cancellation Fee $2,500.00</p>', '2024-11-25', 77),
(126, 'NO CONCRETE QUOTES OR RECIPTS AVALIBLE ', '2024-11-25', 45),
(127, 'NO CONCRETE QUOTES OR RECIPTS AVALIBLE  ', '2024-11-25', 103),
(128, 'NO CONCRETE QUOTE AVALIBLE \n\n', '2024-11-25', 88),
(129, 'NO CONCRETE QUOTES AVALIBLE', '2024-11-25', 112),
(130, 'FOWLER FLEMISTER CONCRETE, 5/22/24 CONCRETE QUOTE:\n\nGDOT Class B Concrete: $158.00 per cubic yard--\nGDOT Class A Concrete: $165.00 per cubic yard--\nGDOT 24 Hr Concrete: $179.50 per cubic yard--\nRetarder, per 1% dose: $2.00 per cubic yard (Dosage ranges from 1% min to 5% max)--\nHeated or chilled batch water as required: $8.00 per cubic yard--\nFuel Surcharge, varies with diesel price: See attached policy, currently $0 per load--\nEnvironmental fee: None', '2024-11-25', 105),
(131, 'NO CONCRETE QUOTES AVALIBLE', '2024-11-25', 32),
(132, 'NO CONCRETE QUOTES AVALIBLE ', '2024-11-25', 106),
(133, 'CONCRETE QUOTE REQUEST \n\nCLASS A-READY MIX CONCRETE-54 CY\nCLASS B-READY MIX CONCRETE-7 CY \n24 HOUR-READY MIX CONCRETE-54 CY', '2024-11-25', 59),
(134, 'NO CONCRETE QUOTE AVALIBLE ', '2024-11-25', 7),
(135, 'Change location, old value: BEN EPPS AIRPORT- Taxiway A Reconstruction and Taxiway A3 Realignment', '2024-11-25', 7),
(136, 'Change contract amount, old value: ', '2024-11-25', 7),
(137, 'Change proposal id #, old value: ', '2024-11-25', 7),
(138, 'Change project id #, old value: ', '2024-11-25', 7),
(139, 'NO CONCRETE QUOTE AVALIBLE ', '2024-11-25', 10),
(140, 'HEIDELBERG MATERIALS, 7/10/2024 \n\nGA DOT Class AA $185.75 CY--\nGA DOT Class AA Caisson $185.75 CY--\nGA DOT Class A $183.75 CY--\nGA DOT Class B $180.75 CY--\nGA DOT Class D $189.75 CY--\nFlowable Fill $160.00 CY--\nENVIRONMENTAL FEE $10.00 Per Load--\nFUEL FEE $35.00 Per Load--\nDigital Assurance $5.00 Per Load--\nAnnual Escalator beginning 12/31/2024 $10.00 CY--\nMID-RANGE SUPERP $7.00 CY--\n1% LIQUID NON-CHLORIDE ACCELERATOR $7.00 CY--\n1% LIQUID CHLORIDE CALCIUM $4.00 CY--\nRETARDER $4.00 CY--\nMICROFIBER $8.00 CY', '2024-11-25', 25),
(141, 'THOMAS CONCRETE, 2/17/2022 CONCRETE QUOTE \n\n2200 228000 D.O.T. CLASS B $140.00--\n3000 308000 D.O.T. CLASS A $146.00--\n3500 358000 D.O.T. CLASS AA $148.00--\n4001 Treated Water $5.00--\n4003LB Ice by lb $0.60--\n5002 Retarder (CY) $5.00--\n5003 Super P (CY) $7.00--\n5004-1 Non-Chloride Accelerator (CY) $12.00--\n5009 Commercial Fiber $11.00--\n6002 Core Testing Per Set, If Required $750.00--\n8100 Environmental Impact Fee (Ld) $10.00--\n8500 Fuel Surcharge (Ld) $12.00--\n9001 Delivery Fee Under 5 CY (Ld) $300.00--\n9007 Sun/Holiday Opening Fee $10,000.00--\n9008SAM Saturday Per Yd Charge $12.00--\n9009 After Hours Opening Fee $3,500.00--\n9014 AWD 6X6 Truck (CY) $5.00--\n9027 Conveyor Belt Truck (CY) $30.00--\n9029 Front Discharge Truck (CY) $15.00', '2024-11-25', 6),
(142, 'Change location, old value: DEKALB', '2024-11-25', 6),
(143, 'Change contract amount, old value: ', '2024-11-25', 6),
(144, 'Change proposal id #, old value: ', '2024-11-25', 6),
(145, 'Change project id #, old value: ', '2024-11-25', 6),
(146, 'NO CONCRETE QUOTES AVALIBLE ', '2024-11-25', 62),
(147, 'WAYNE DAVIS CONCRETE, APRIL 25,2023 CONCRETE QUOTE\n\n3500.00 Class B STRAIGHT CEMENT $165.00--\n250.00 Class A STRAIGHT CEMENT $171.00--\n10.00 Flowable Fill Excavatable $127.00--\n1.00 Flowable Fill Non-Excavatable $130.00--\n1.00 MICRO FIBER 1/2LB PER YARD $5.00--\n1.00 PUMP PRIME GROUT $300.00--\n1.00 ICE PER POUNDS $1.10--\n1.00 HYDRATION CONTROL ADMIX $6.00--\n1.00 1% CALCIUM CHLORIDE $4.00--\n1.00 2% CALCIUM CHLORIDE $8.00--\n1.00 1% NONCHLORIDE ACCELERATOR $10.00--\n1.00 2% NONCHLORIDE ACCELERATOR $20.00--\n1.00 HEATED WATER PER YARD (WHERE AVAILABLE) $6.00--\n1.00 MID RANGE PLASTICIZER $4.00--\n1.00 HIGH RANGE PLASTICIZER $8.00--\n1.00 1% RETARDER PER YARD $3.00--\n1.00 2% RETARDER PER YARD $6.00--', '2024-11-25', 87),
(148, 'WAYNE DAVIS CONCRETE, MAY 16, 2023 CONCRETE QUOTE\n\n450.00 Class B STRAIGHT CEMENT $171.00--\n55.00 Class A STRAIGHT CEMENT $182.00--\n185.00 Class 3 Paving STRAIGHT CEMENT $173.00--\n33.00 Flowable Fill Non-Excavatable $144.00--\n185.00 MISC. FEDERAL RED( 31136) COLOR PER YARD $125.00--\n1.00 MICRO FIBER 1/2LB PER YARD $5.00--\n1.00 PUMP PRIME GROUT $300.00--\n1.00 ICE PER POUNDS $1.10--\n1.00 HYDRATION CONTROL ADMIX $7.00--\n1.00 1% CALCIUM CHLORIDE $4.00--\n1.00 2% CALCIUM CHLORIDE $8.00--\n1.00 1% NONCHLORIDE ACCELERATOR $10.00--\n1.00 2% NONCHLORIDE ACCELERATOR $20.00--\n1.00 HEATED WATER PER YARD (WHERE AVAILABLE) $6.00--\n1.00 MID RANGE PLASTICIZER $4.00--\n1.00 HIGH RANGE PLASTICIZER $8.00--\n1.00 1% RETARDER PER YARD $3.00--\n1.00 2% RETARDER PER YARD $6.00', '2024-11-25', 54),
(149, 'NO CONCRETE QUOTES AVALIBLE', '2025-02-19', 19),
(150, 'NO CONCRETE QUOTES AVALIBLE', '2024-11-25', 13),
(151, '<p>ERNEST CONCRETE, 5/10/2023 CONCRETE QUOTE: \n\nFuel Surcharge (Per Load) $60.00</p><p>\nSmall Load charges: 1-2 Yds/2.5-less 6 Yds $250/$200</p><p>\nEnvironmental Fee per Load $20.00</p><p>\nCommercial Fiber $10.00</p><p>\nResidential Fiber $8.00--\n#89 / #7 Stone Mixes $8.00 Extra</p><p>\nCoring Test Fee (per set of 3) $600.00</p><p>\nPump Prime Grout Delivered (1 Yard) $400.00</p><p>\nLine Pump / Grout Mix Add $25.00 EA</p><p>\nCancellation Fee less 24 hr / Less 500cy $5,000.00</p><p>\nCancellation Fee less 24 hr / Over 500cy $10.00 per cy order</p><p>\nRelocation Fee (cleanup required to move) $100.00 Each</p><p>\nTruck Holding Time (over 60 minutes) $125.00 /hr</p><p>\nSaturday Pour Charge $50.00 /per load</p><p>\nFull 9 yard Load Disposal Fee $300.00 /per load</p><p>\nSuper Plasticizer (HRWR) $12.00</p><p>\nNon Chloride Accelerator (3000) $12.00</p><p>Non Chloride Accelerator (4000) $14.00</p><p>Mid Range Water Reducer $6.00</p><p>\n1% Liquid Calcium $6.00</p><p>\n2% Liquid Calcium $10.00</p><p>\nBag Calcium $52.00</p><p>\nRetarder Admixture N/A</p><p>\nMix conversion to straight cement $6.50</p><p>Hot Water (with 24 HR notice) $6.00</p><p>\nIce (per pound with 48 HR notice) 0.50 lb</p><p>Chilled Water (with 24 HR notice) $10.00 per cy</p><p>39 &amp; 47 Meter Pumps Available (Plus Z Boom) Contact Sales</p><p>PLANT OPENING FEES - CONTACT SALES</p><p>\nDCA1 CLASS A $181.00</p><p>DCA2 CLASS A C-ASH $176.00</p><p>DCB1 CLASS B $175.00</p><p>DCB2 CLASS B C-ASH $170.00</p><p>\n\nWAYNE DAVIS CONCRETE, MAY 10, 2023 CONCRETE QUOTE</p><p>\n\n135.00 Class B STRAIGHT CEMENT $174.00</p><p>\n156.00 Class AA STRAIGHT CEMENT $184.00</p><p>\n1.00 MICRO FIBER 1/2LB PER YARD $5.00</p><p>\n1.00 PUMP PRIME GROUT $300.00</p><p>\n1.00 ICE PER POUNDS $1.10</p><p>1.00 HYDRATION CONTROL ADMIX $7.00</p><p>\n1.00 1% CALCIUM CHLORIDE $4.00</p><p>1.00 2% CALCIUM CHLORIDE $8.00</p><p>1.00 1% NONCHLORIDE ACCELERATOR $10.00</p><p>\n1.00 2% NONCHLORIDE ACCELERATOR $20.00</p><p>\n1.00 HEATED WATER PER YARD ( WHERE AVAILABLE) $6.00</p><p>1.00 MID RANGE PLASTICIZER $4.00</p><p>1.00 HIGH RANGE PLASTICIZER $8.00</p><p>1.00 1% RETARDER PER YARD $3.00</p><p>\n1.00 2% RETARDER PER YARD $6.00</p>', '2025-02-19', 56),
(152, 'NO CONCRETE QUOTES AVALIBLE ', '2024-11-25', 63),
(153, '<p><span style=\"background-color: rgb(255, 255, 0);\">MORGAN CONCRETE COMPANY</span>, 4/19/23</p><p>CONCRETE QUOTE\n\nGDOT CLASS AA CAISSON $165.00 YD</p><p> GDOT CLASS CS $125.50 YD</p><p>\nGDOT CLASS D BARRIER $160.50 YD\n</p><p>GDOT CLASS D $160.50 YD</p><p>\nGDOT CLASS B $146.50 YD</p><p>\nGDOT CLASS A $156.75 YD\n</p><p>GDOT CLASS AA $159.00 YD\n</p><p><span style=\"background-color: rgb(255, 255, 0);\">\nTHOMAS CONCRETE,</span> 04/12/2023 CONCRETE QUOTE</p><p> \n\n100 008FF THOMAFILL DOT EXCAVATABLE Excavatable $130.00</p><p>\n100 008FF-1 THOMAFILL DOT NON-EXCAVATABLE Non Excavatable $135.00</p><p>GDOT CLASS A FLYASH A $165.00--\n</p><p>GDOT CLASS B FLYASH B $160.00--</p><p>&nbsp;CLASS D D $175.00\n</p>', '2025-02-19', 67),
(154, 'NO CONCRETE QUOTES AVALIBLE ', '2024-11-25', 60),
(155, '<p><span style=\"background-color: rgb(255, 255, 0);\">THOMAS CONCRETE</span>, 7/10/2024 CONCRETE QUOTE:\n</p><p>\n4000 408004 Class D Barrier w/ Nat Sand CLASS D $190.00</p><p>2200 228000 CLASS B $170.00</p><p>\n5000 508000 24 HR. ACC $199.00</p><p>4001 Treated Water $5.00</p><p>4003LB Ice by lb $1.00</p><p>\n5002 Retarder (CY) $5.00</p><p>5003 Super P (CY) $7.00</p><p>\n5004-1 Non-Chloride Accelerator (CY) $12.00</p><p>\n5009 Commercial Fiber $11.00</p><p>\n6002 Core Testing Per Set, If Required $1,500.00</p><p>8100 Environmental Impact Fee (Ld) $10.00</p><p>8500 Fuel Surcharge (Ld) $30.00</p><p>\n9001 Delivery Fee Under 5 CY (Ld) $300.00</p><p>9007 Sun/Holiday Opening Fee $10,000.00</p><p>9008SAM Saturday Per Yd Charge $12.00</p><p>\n9009 After Hours Opening Fee $3,500.00</p><p>9014 AWD 6X6 Truck (CY) $5.00</p><p>9023 Returned Concrete Fee $350.00</p><p>\n9027 Conveyor Belt Truck (CY) $25.50</p><p>9029 Front Discharge Truck (CY) $15.00</p>', '2025-02-19', 30),
(156, 'NO CONCRETE QUOTES AVAILABLE', '2024-11-25', 65),
(157, '<p><span style=\"background-color: rgb(255, 255, 0);\">EVANS CONCRETE</span>,LLC, MAY 18, 2021,</p><p> CONCRETE QUOTE\n\n\nDOT CS				$115.00 per cu yd</p><p>\nDOT B				$120.00 per cu. yd</p><p>\nDOT A				$125.00 per cu yd</p><p>\nDOT AA				$127.00 per cu yd</p><p>DOT D				$128.00 per cu yd</p><p>DOT AA Barrier		$128.00 per cu yd</p><p>\nDOT D Barrier			$129.00 per cu yd</p><p>HRWR				$7.00 per cu yd</p><p>Retarder				$2.50 per %</p><p>Ice (if necessary)		$.50 per lb\n			\n</p>', '2025-02-19', 49),
(158, 'NO CONCRETE QUOTES AVAILABLE', '2024-11-25', 86),
(159, 'Change contract amount, old value: 0', '2024-11-26', 114),
(160, 'NO END DATE IN BID, PICKED ONE YEAR OUT TO CHECK', '2024-11-26', 114),
(161, 'ITEMS PRICED AS SEEN IN CONTRACT/PO.', '2024-11-26', 114),
(162, 'Change contract amount, old value: 0', '2024-11-27', 113),
(163, '<p><span style=\"background-color: rgb(255, 255, 0);\">Evans Concrete</span></p><p>&nbsp;Approx. 18 yards Class B At any time if our suppliers evoke force majeure clauses that cause our material pricing to increase, or increase due to unforeseeable issues with diesel, material availability, or supply chain issues, Evans Concrete will be forced to increase these prices to cover the gap. In the event of material shortages, Evans Concrete will not be held responsible for delays in production. Pricing based off current fuel prices, if fuel increases more than 10% from October 1, 2024, fuel surcharges may be adjusted to cover the increase fuel cost.\nOur terms are 30 days after the invoice date. A 1 ½ % interest is accrued on accounts past 30 days.\n\nClass B $185.00 per yard\nRetarder $3.50 per yard\nIce $1.45 per pound\nFuel Surcharge $40.00 per load\nEnvironmental Fee $9.00 per load\nSmall load fee $125.00 per load\nLoads under 5 yards, other than call back loads\nOvertime Fee $75.00 per hour After 1 hour on jobsite\n\n-Ice/Hot/Chilled water can be provided for additional set up/cy fees.\n-Bid must be signed and returned within 30 days for prices to be protected\n-Prices do not include tax.\n-Any testing will be passed through</p>', '2024-11-27', 113),
(164, 'Change contract amount, old value: 0', '2024-11-27', 115),
(165, 'Change contract amount, old value: 0', '2024-11-27', 116),
(166, 'Change contract amount, old value: 0', '2024-11-27', 117),
(167, '<p><span style=\"background-color: rgb(255, 255, 0);\">MORGAN CONCRETE COMPANY</span>, CONCRETE QUOTE 7/18/24:\n</p><p>\nGDOT CLASS B $161.25</p><p>GDOT CLASS A $171.75</p><p>GDOT CLASS AA $173.00</p><p>GDOT CLASS D $174.25\n</p><p>GDOT CLASS CS $155.50</p><p>\nGDOT CLASS D BARRIER $176.25</p>', '2025-02-19', 35),
(168, '<p><span style=\"background-color: rgb(255, 255, 0);\">AUGUSTA READY MIX, </span>CONCRETE QUOTE 12/22/23:\n</p><p>\nCLASS A $184.00 + tax--\n</p><p>CLASS B $179.00 + tax--</p><p>\nFUEL SURCHARGE PER LOAD $40.00 + tax--\n</p><p>PLANT OPENING FEE BEFORE 6AM (PER DAY) $500.00 + tax--</p><p>\nRETARDER 1.0 $4.00 + tax--</p><p>\nSUPERPLASTICIZER $8.00 + tax--</p><p>\nESCALATION DATE: 07/01/2024 AMOUNT $7.00</p>', '2025-02-17', 61),
(169, '<p><span style=\"background-color: rgb(255, 255, 0);\">USA</span> READY MIX USA, LLC, CONCRETE QUOTE 9/18/2024:\n</p><p>\nGADOT Class B $ 150.00 / CY</p><p>&nbsp;GADOT Class 3 $ 160.00 / CY</p><p> Environmental Fee ………………………………..add $ 15.00 / LD</p><p> Fuel Surcharge Fee ………………………………. add $ 50.00 / LD</p>', '2025-02-17', 31),
(170, 'ARGOS, CONCRETE QUOTE 9/19/2024\n\nGDOT CLASS B MIX $182.00 /CY\nGDOT CLASS 3 MIX $191.00/CY\nENVIROMENTAL $1.50/CY \nFUEL SURCHARGE $6.00/CY ', '2024-12-02', 31),
(171, 'NO CONCRETE QUOTES AVAILABLE ', '2024-12-02', 51),
(172, '<p><span style=\"background-color: rgb(255, 255, 0);\">ARGOS</span> READY MIC, CONCRETE QUOTE 7/24/2023:\n</p><p>\nCLASS B $170.00\nCLASS A $177.00\nGDOT 24HR $ 190.00</p>', '2025-02-17', 66),
(173, '<p>USA READY MIX, CONCRETE QUOTE 6/21/2023:</p><p>\nTDOT CLASS A (3000 MIX) $185.00</p><p>\nSMALL STONE MIX (LINE PUMP)  ADD $10.00 CYD</p><p>\nSTRAIGHT CEMENT MIX ADD $5.00 CYD</p><p>\nENVIROMENTAL FEE ADD $ 10.00</p><p>FUEL SURCHARGE FEE SEE APPENDIX A&nbsp;</p><p> SLIDING SCALE BELOW\nMINIMUM LOAD CHARGE ADD $20.00 PER EA YD UNDER 8 YDS\n</p>', '2025-02-19', 20),
(174, 'Change contract amount, old value: 626404.81', '2024-12-02', 20),
(175, 'NO CONCRETE QUOTES AVAILABLE', '2024-12-02', 89),
(176, 'NO CONCRETE QUOTES AVAILABLE ', '2024-12-02', 71),
(177, 'NO CONCRETE QUOTES AVAILABLE', '2024-12-02', 52),
(178, '<p><span style=\"background-color: rgb(255, 255, 0);\">MORGAN CONCRETE COMPANY,</span> CONCRETE QUOTES 9/13/22\n</p><p>\nCLASS B $152.25</p><p>\nCLASS A $161.00</p><p>\nCLASS AA $163.00</p><p>CLASS D $164.00</p><p>CLASS CS $135.00</p><p>\nNON EXCAVATABLE FLO FILL $125.00</p><p>\nEXCAVATABLE FLOW FILL $120.00</p>', '2025-02-17', 76),
(179, 'NO CONCRETE QUOTES AVAILABLE', '2025-02-17', 69),
(180, '<p><span style=\"background-color: rgb(255, 255, 0);\">WAYNE DAVIS CONCRETE</span>, CONCRETE QUOTE  12/31/2023</p><p>20.00 Class B STRAIGTH CEMENT $172.00</p><p>63.00 24HR $205.00</p><p>\n1.00 MICRO FIBER 1/2LB PER YARD $5.00</p><p>1.00 PUMP PRIME GROUT $300.00</p><p>\n1.00 ICE PER POUNDS $1.10</p><p>\n1.00 HYDRATION CONTROL ADMIX $6.00</p><p>\n1.00 1% CALCIUM CHLORIDE $4.00</p><p>1.00 2% CALCIUM CHLORIDE $8.00</p><p>\n1.00 1% NONCHLORIDE ACCELERATOR $10.00</p><p>1.00 2% NONCHLORIDE ACCELERATOR $20.00</p><p>\n1.00 HEATED WATER PER YARD (WHERE AVAILABLE) $6.00</p><p>\n1.00 MID RANGE PLASTICIZER $4.00</p><p>1.00 HIGH RANGE PLASTICIZER $8.00</p><p>1.00 1% RETARDER PER YARD $3.00</p><p>\n1.00 2% RETARDER PER YARD $6.00</p>', '2025-02-17', 72),
(181, '<p><span style=\"background-color: rgb(255, 255, 0);\">WAYNE DAVIS CONCRETE</span>, CONCRETE QUOTE 9/28/2024</p><p>\n\n125.00 Class B STRAIGHT CEMENT $173.00--</p><p>1.00 MICRO FIBER 1/2LB PER YARD $5.00--</p><p>\n1.00 PUMP PRIME GROUT $300.00--</p><p>\n1.00 ICE PER POUNDS $1.10--</p><p>1.00 HYDRATION CONTROL ADMIX $7.00--</p><p>\n1.00 1% CALCIUM CHLORIDE $4.00--</p><p>\n1.00 2% CALCIUM CHLORIDE $8.00--</p><p>\n1.00 1% NONCHLORIDE ACCELERATOR $10.00--\n</p><p>1.00 2% NONCHLORIDE ACCELERATOR $20.00--\n</p><p>1.00 HEATED WATER PER YARD (WHERE AVAILABLE) $6.00--</p><p>\n1.00 MID RANGE PLASTICIZER $4.00--\n</p><p>1.00 HIGH RANGE PLASTICIZER $8.00--\n</p><p>1.00 1% RETARDER PER YARD $3.00--</p><p>1.00 2% RETARDER PER YARD $6.00</p>', '2025-02-17', 14),
(182, 'Change location, old value: FULTON', '2024-12-02', 14),
(183, 'Change contract amount, old value: ', '2024-12-02', 14),
(184, 'Change proposal id #, old value: ', '2024-12-02', 14),
(185, 'Change project id #, old value: ', '2024-12-02', 14),
(186, 'Change Subcontract NO, old value: ', '2024-12-02', 14),
(187, '<p><span style=\"background-color: rgb(255, 255, 0);\">ARGOS, CONCRETE QUOTE </span>1/23/2024\n<br>&nbsp;</p><p>22DAX754 2200 CLASS B 0.60 $170.00</p><p>\n30DAC258 3000 CLASS 3 0.47 $175.00</p><p>\n30DAX758 3000 CLASS A 0.46 $180.00</p><p>\n30DAX759 3000 24 HOUR 0.39 $195.00</p>', '2025-02-17', 37),
(188, 'Change contract amount, old value: 512356.2', '2024-12-02', 37),
(189, '<p><span style=\"background-color: rgb(255, 255, 0);\">WAYNE DAVIS CONCRETE</span>, CONCRETE QUOTE 6/13/2023:\n</p><p>\n450.00 Class B STRAIGHT $188.00</p><p>\n20.00 Flowable Fill Excavatable $140.00\n</p><p>1.00 MICRO FIBER 1/2LB PER YARD $5.00\n</p><p>1.00 PUMP PRIME GROUT $300.00\n</p><p>1.00 ICE PER POUNDS $1.10</p><p>1.00 HYDRATION CONTROL ADMIX $6.00</p><p>\n1.00 1% CALCIUM CHLORIDE $4.00</p><p>\n1.00 2% CALCIUM CHLORIDE $8.00\n</p><p>1.00 1% NONCHLORIDE ACCELERATOR $10.00\n</p><p>1.00 2% NONCHLORIDE ACCELERATOR $20.00\n</p><p>1.00 HEATED WATER PER YARD (WHERE AVAILABLE) $6.00</p><p>\n1.00 MID RANGE PLASTICIZER $4.00</p><p>\n1.00 HIGH RANGE PLASTICIZER $8.00</p><p>\n1.00 1% RETARDER PER YARD $3.00</p><p>\n1.00 2% RETARDER PER YARD $6.00</p>', '2025-02-19', 53),
(190, '<p><span style=\"background-color: rgb(255, 255, 0);\">WAYNE DAVIS CONCRETE,</span> CONCRETE QUOTE 6/16/2022\n</p><p>\n41.00 Class B PLT/STD $155.00</p><p>\n1.00 Class A PLT/STD $160.00</p><p>\n1.00 CLASS D PLT/STD $162.00</p><p>\n1.00 MICRO FIBER 1/2LB PER YARD $5.00</p><p>\n1.00 PUMP PRIME GROUT $300.00</p><p>\n1.00 ICE PER POUNDS $1.10</p><p>\n1.00 HYDRATION CONTROL ADMIX $6.00</p><p>\n1.00 1% CALCIUM CHLORIDE $4.00</p><p>\n1.00 2% CALCIUM CHLORIDE $8.00</p><p>\n1.00 1% NONCHLORIDE ACCELERATOR $10.00</p><p>\n1.00 2% NONCHLORIDE ACCELERATOR $20.00</p><p>1.00 HEATED WATER PER YARD (WHERE AVAILABLE) $6.00\n</p><p>1.00 MID RANGE PLASTICIZER $4.00</p><p>\n1.00 HIGH RANGE PLASTICIZER $8.00</p><p>\n1.00 1% RETARDER PER YARD $3.00</p><p>\n1.00 2% RETARDER PER YARD $6.00</p>', '2025-02-19', 57),
(191, '<p><span style=\"background-color: rgb(255, 255, 0);\">WAYNE DAVIS CONCRETE</span>, CONCRETE QUOTE 3/14/2023:\n</p><p>\n100.00 24HR $200.00\n</p><p>10.00 Class B STRAIGHT CEMENT $180.00</p><p>\n1.00 Class A STRAIGHT CEMENT $192.00</p><p>\n1.00 MICRO FIBER 1/2LB PER YARD $5.00\n</p><p>1.00 PUMP PRIME GROUT $300.00\n</p><p>1.00 ICE PER POUNDS $1.10</p><p>1.00 HYDRATION CONTROL ADMIX $6.00</p><p>\n1.00 1% CALCIUM CHLORIDE $4.00</p><p>\n1.00 2% CALCIUM CHLORIDE $8.00</p><p>1.00 1% NONCHLORIDE ACCELERATOR $10.00</p><p>\n1.00 2% NONCHLORIDE ACCELERATOR $20.00</p><p>\n1.00 HEATED WATER PER YARD (WHERE AVAILABLE) $6.00</p><p>\n1.00 MID RANGE PLASTICIZER $4.00</p><p>\n1.00 HIGH RANGE PLASTICIZER $8.00</p><p>1.00 1% RETARDER PER YARD $3.00\n</p><p>1.00 2% RETARDER PER YARD $6.00\n\n</p>', '2025-02-17', 70),
(192, '<p><span style=\"background-color: rgb(255, 255, 0);\">HEIDELBERG MATERIALS,</span> CONCRETE QUOTE 5/14/2024:\n</p><p>\nGA DOT Class AA $185.75 CY</p><p>GA DOT Class AA Caisson $185.75 CY</p><p>GA DOT Class A $183.75 CY</p><p>GA DOT Class B $180.75 CY</p><p>GA DOT Class D $189.75 CY</p><p>Flowable Fill $160.00 CY</p><p>\nENVIRONMENTAL FEE $10.00 Per Load</p><p>FUEL FEE $35.00 ,Per Load</p><p>\nDigital Assurance ,$5.00 Per Load</p><p>Annual Escalator beginning 12/31/2024 $10.00 CY</p>', '2025-02-17', 23),
(193, '<p><span style=\"background-color: rgb(255, 255, 0);\">WALKER CONCRETE</span>, CONCRETE QUOTE 5/15/2024:\n</p><p>\nGDOT CLASS B FLY ASH $166.18/CYD</p><p>\nGDOT 24 HR ACCEL $193.78/CYD</p><p>Change Fly Ash mix to Straight Cement $6.00/CYD</p><p>\nDelivery Charge (Any loads 5 yds. or less) $200.00/Load\nEnvironmental Surcharge $20.00/Load\nFuel Surcharge $24.00/Load\n</p>', '2025-02-17', 23),
(194, '<p><span style=\"background-color: rgb(255, 255, 0);\">HEIDELBERG MATERIALS</span>, CONCRETE QUOTE 5/14/2024</p><p>\n\nGA DOT Class AA $185.75 CY\n</p><p>GA DOT Class AA Caisson $185.75 CY\n</p><p>GA DOT Class A $183.75 CY\n</p><p>GA DOT Class B $180.75 CY</p><p>\nGA DOT Class D $189.75 CY</p><p>\nFlowable Fill $160.00 CY\n</p><p>ENVIRONMENTAL FEE $10.00 Per Load\n</p><p>FUEL FEE $35.00 Per Load\n</p><p>Digital Assurance $5.00 Per Load\n</p><p>Annual Escalator beginning 12/31/2024 $10.00 CY</p>', '2025-02-17', 21),
(195, 'Change contract amount, old value: 3059249', '2024-12-02', 21),
(196, '<p><span style=\"background-color: rgb(255, 255, 0);\">WALKER CONCRETE</span>, CONCRETE QUOTE 5/15/2024:\n</p><p>\n\nGDOT CLASS B FLY ASH $166.18/CYD</p><p>\nGDOT 24 HR ACCEL $193.78/CYD</p><p>\nChange Fly Ash mix to Straight Cement $6.00/CYD</p><p>\nDelivery Charge (Any loads 5 yds. or less) $200.00/Load</p><p>Environmental Surcharge $20.00/Load</p><p>\nFuel Surcharge $24.00/Load</p>', '2024-12-02', 21),
(197, '<p><span style=\"background-color: rgb(255, 255, 0);\">WALKER CONCRETE</span>, CONCRETE QUOTE 2/26/2021\n</p><p>\nGDOT CLASS B FLY ASH $122.00</p><p>\nGDOT CLASS 3 PAVEMENT FLY ASH $127.50</p>', '2025-02-17', 39),
(198, '<p><span style=\"background-color: rgb(255, 255, 0);\">USA READY MIX</span>, CONCRET QUOTE 7/16/2024\n</p><p>\nGDOT Class B…………………………………………………………………………………………$165.00 / Cubic Yard&nbsp;</p><p>GDOT Class 3………………………………………………………………………………………….$170.00 / Cubic Yard </p><p>GDOT Class A………………………………………………………………………………………….$172.00 / Cubic Yard&nbsp;</p><p> GDOT 24 Hour………………………………………………………………………………………….$200.00 / Cubic Yard&nbsp;</p><p> Environmental Fee…………………………………………………………………………………....$20.00 / Load&nbsp;</p><p> Fuel Fee…………………………………………………………………………………………………$45.00 / Load&nbsp;</p><p> Order Cancellation Fee – order cancelled within 24 hrs of delivery ............................. $2500.00 / each\n• Concrete Disposal Fee – Concrete ordered/not used on site/returned to plant ............ $125.00 / load</p>', '2025-02-17', 29),
(199, '<p><span style=\"background-color: rgb(255, 255, 0);\">WAYNE DAVIS CONCRETE </span>, CONCRETE QUOTE 8/31/2022\n</p><p>\n5522.00 Class B STRAIGHT CEMENT $140.00\n</p><p>11000.00 Class AA STRAIGHT CEMENT $151.00</p><p>\n1.00 MICRO FIBER 1/2LB PER YARD $5.00</p><p>\n1.00 PUMP PRIME GROUT $275.00\n</p><p>1.00 ICE PER POUNDS $1.00\n</p><p>1.00 HYDRATION CONTROL ADMIX $6.00</p><p>\n1.00 1% CALCIUM CHLORIDE $4.00\n</p><p>1.00 2% CALCIUM CHLORIDE $8.00</p><p>\n1.00 1% NONCHLORIDE ACCELERATOR $10.00</p><p>\n1.00 2% NONCHLORIDE ACCELERATOR $20.00</p><p>\n1.00 HEATED WATER PER YARD (WHERE AVAILABLE) $6.00\n</p><p>1.00 MID RANGE PLASTICIZER $4.00\n</p><p>1.00 HIGH RANGE PLASTICIZER $8.00\n</p><p>1.00 1% RETARDER PER YARD $3.00\n</p><p>1.00 2% RETARDER PER YARD $6.00</p>', '2025-02-17', 38),
(200, '<p><span style=\"background-color: rgb(255, 255, 0);\">ARGOS</span>, CONCRETE QUOTE 11/22/2021 </p><p>\n\n35DAX761 3500 CLASS AA 0.43 $148.00&nbsp;</p>', '2024-12-02', 38),
(201, 'NO CONCRETE QUOTES AVAILABLE', '2024-12-02', 117),
(202, '<p><span style=\"background-color: rgb(255, 255, 0);\">ARGOS,</span> CONCRETE QUOTE 10/8/2024&nbsp;</p><p>22DAC756 2200 GDOT CLASS B 0.57 $161.00</p><p>CLA-FASH 3000 GDOT CLASS A 0.44 $170.00</p><p>30DAX759 3000 GDOT 24 HOUR 0.39 $200.00</p>', '2024-12-02', 110),
(203, 'NO CONCRETE QUOTES AVAILABLE', '2024-12-02', 36),
(204, '<p><span style=\"background-color: rgb(255, 255, 0);\">HEIDELBERG MATERIALS</span>, CONCRETE QUOTES 3/22/2024\n</p><p>\nClass 3 Paving $185.00 CY</p><p>\nClass AA $186.00 CY</p><p>\nClass AA Caisson $191.00 CY\n</p><p>Class A $182.00 CY\n</p><p>Class D $191.00 CY\n</p><p>Class D Barrier $191.00 CY</p><p>\nClass B $180.00 CY\n</p><p>Class B Curb $180.00 CY\n</p><p>Federal Color 30266 Yellow Sand $100.00 CY</p><p>\nENVIRONMENTAL FEE $10.00 Per Load\n</p><p>FUEL FEE $35.00 Per Load\n</p><p>Digital Assurance Fee $5.00 Per Load\n</p><p>Annual Escalator beginning 12/31/2024 $10.00 CY</p>', '2024-12-02', 75),
(205, '<p><span style=\"background-color: rgb(255, 255, 0);\">FOWLER FLEMISTER CONCRETE,</span> CONCRETE QUOTE 3/19/2024</p><p>\n\nClass CS Concrete: $171.00 per cubic yard\n</p><p>Class B Concrete: $178.00 per cubic yard</p><p>\nClass A Concrete: $185.00 per cubic yard</p><p>\nClass AA Concrete: $187.00 per cubic yard\n</p><p>Class D Concrete: $195.00 per cubic yard\n</p><p>Class D Barrier Machine Concrete: $195.00 per cubic yard\n</p><p>GDOT 24 Hour Accelerated mix: $204.00 per cubic yard\n</p><p>GDOT AA Caisson: $198.00 per cubic yard\nRetarder, 1% (min) to 5% (max): $2.00 (1%) to $10.00 (5%) pcy\nHeated or chilled batch water as required: $8.00 per cubic yard\nIce, as required: $0.90 per lb\nFuel Surcharge: None\nEnvironmental fee: None</p>', '2024-12-02', 75),
(206, '<p><span style=\"background-color: rgb(255, 255, 0);\">FOWLER FLEMISTER CONCRETE</span>, CONCRETE QUOTES 3/14/2023\n</p><p>\nGDOT Class B Concrete: $151.00 per cubic yard\n</p><p>GDOT 24 Hr Concrete: $172.00 per cubic yard</p><p>\nRetarder, per 1% dose: $2.00 per cubic yard (Dosage ranges from 1% min to 5% max)\nHeated or chilled batch water as required: $8.00 per cubic yard\nFuel Surcharge, varies with diesel price: See attached policy, currently $15.00 per load\nEnvironmental fee: None</p>', '2024-12-02', 68),
(207, 'WALKER CONCRETE, CONCRETE QUOTE 3/14/2023\n\n2200 GDOT CLASS B FLY ASH $167.50/CYD\n3000 GDOT 24 HR ACCEL $195.00/CYD', '2024-12-02', 68),
(208, 'NO CONCRETE QUOTES AVAILABLE', '2024-12-02', 12),
(209, 'Change contract amount, old value: 0', '2024-12-02', 12),
(210, '<p><span style=\"background-color: rgb(255, 255, 0);\">THOMSON</span> CONCRETE MATERIALS, CONCRETE QUOTE 10/4/2023:</p><p>\n\nYDS DOT CLASS B $163.00 CY\n</p><p>YDS 3500 PSI $168.00 CY</p><p>\nFUEL SURCHARGE $25.00 EA\n</p><p>FEDERAL STANDARD 17.5 LBS $67.00 CY</p><p>\nDESERT TAN 15 LBS $55.00 CY</p>', '2024-12-02', 64),
(211, 'NO CONCRETE QUOTES AVAILABLE', '2024-12-02', 50),
(212, '<p><span style=\"background-color: rgb(255, 255, 0);\">ARGOS</span>, 1/23/2024</p><p>22DAX754 2200 CLASS B 0.60 $170.00</p><p>30DAC258 3000 CLASS 3 0.47 $175.00</p><p>30DAX758 3000 CLASS A 0.46 $180.00</p><p>30DAX759 3000 24 HOUR 0.39 $195.00</p>', '2024-12-02', 28),
(213, 'NO CONCRETE QUOTES AVAILABLE', '2024-12-02', 108),
(214, 'NO CONCRETE QUOTES AVAILABLE ', '2024-12-02', 34),
(215, 'NO CONCRETE QUOTES AVAILABLE', '2024-12-02', 93),
(216, 'NO CONCRETE QUOTES AVAILABLE', '2024-12-02', 104),
(217, 'NO CONCRETE QUOTES AVAILABLE', '2024-12-02', 99),
(218, '<p><span style=\"background-color: rgb(255, 255, 0);\">REAMES CONCRETE COMPANY</span>, INC., CONCRETE QUOTE 11/14/2024</p><p>\n\nGDOT CLASS B TBD CYD $140.00</p>', '2024-12-02', 102),
(219, '<p>ERNST CONCRETE, CONCRETE QUOTE 9/17/2024</p><p>\n\nFuel Surcharge (Per Load) $40.00\nSmall Load charges: 1-2 Yds/2.5-less 6 Yds $250/$200\nEnvironmental Fee per Load $20.00\n Non Chloride Accelerator (3000) $12.00\nCommercial Fiber $10.00\nResidential Fiber $8.00 Mid Range Water Reducer $6.00\n#89 / #7 Stone Mixes $8.00 Extra 1% Liquid Calcium $6.00\nCoring Test Fee (per set of 3) $600.00 2% Liquid Calcium $10.00\nPump Prime Grout Delivered (1 Yard) $400.00 Bag Calcium $52.00\nLine Pump / Grout Mix Add $25.00 EA Retarder Admixture N/A\nCancellation Fee less 24 hr / Less 500cy $5,000.00\n Mix conversion to straight cement $6.50\nCancellation Fee less 24 hr / Over 500cy $10.00 per cy \norder Hot Water (with 24 HR notice) $6.00\nRelocation Fee (cleanup required to move) $100.00 Each\n Ice (per pound with 48 HR notice) 0.70 lb\nTruck Holding Time (over 60 minutes) $125.00 /hr\n Chilled Water (with 24 HR notice) $10.00 per cy\nSaturday Pour Charge $50.00 /per load\n 39 &amp; 47 Meter Pumps Available (Plus Z Boom) Contact Sales\nFull 9 yard Load Disposal Fee $300.00 /per load\n PLANT OPENING FEES - CONTACT SALES\nDCA1-3 CLASS 3 PAVING $165.00\nDCA2 CLASS A C-ASH $164.00\nDCAA2 CLASS AA C-ASH $166.00\nDCB2 CLASS B C-ASH $160.00\nFED-30152 FED-30152 Fed Std Red 30152 $185.00\nDCFF1-NX FLOWABLE FILL NX $150.00</p>', '2024-12-02', 95),
(220, '<p><span style=\"background-color: rgb(255, 255, 0);\">ARGOS</span>, CONCRETE QUOTE:\n\n</p><p>DAF44 0 GDOT FLOWABLE FILL 1.18 $128.00</p><p>\n10DAX753 1000 GDOT CLASS CS 1.07 $125.00\n</p><p>22DAF756 2200 GDOT CLASS B 0.57 $156.00</p><p>\nCLA-FASH 3000 GDOT CLASS A 0.44 $163.00\n</p><p>CLAA-FASH 3500 GDOT CLASS AA 0.41 $170.00</p><p>\nCLASS3-FASH 3500 GDOT CLASS 3 PAVING 0.46 $160.00</p><p>\n8105976 COLOR GDOT FEDERAL INSIGNIA RED GRN 0.00 $98.00\nECY</p><p> ENVIRONMENTAL FEE PER CYD 0.00 $1.50</p><p>\nFC1 FUEL FEES PER CYD 0.00 $5.00</p><p>\nM15 MIN LD 250/100/85/75/50 UP TO 7 YDS 0.00 $250.00</p><p>\n8100401 WAIT TIME 0.00 $100.00\n8100404 ADDITIONAL STOPS 0.00 $80.00\n8100409 WASH OUT CHARGE 0.00 $50.00\n8100410 PLANT OPENING FEE MON-SAT 6PM-2AM 0.00 $5,000.00\n8100412 SATURDAY OPEN FEE CYD 0.00 $10.00\n8100413 SUNDAY PLANT OPENING CHARGE 0.00 $5,000.00\n8100570 COLD WATER EACH 0.00 $8.00\n8100572 HOT WATER CY 0.00 $8.00\n8100573 ICE LB 0.00 $0.75\n8106372 TIER 1 - RETURNED CONCRETE FEE 0.00 $0.00\n8106062 TIER 2 - RETURNED CONCRETE FEE 0.00 $250.00\n8100405 DOUBLE CALL BACK CHARGE 0.00 $180.00\n8105386 4.0 OZ-CWT ADVA 198 HRWR GCP 0.00 $8.00\n8101136 1.0% POLARSET NCL ACCEL GCP 0.00 $11.00\n8101137 2.0% POLARSET NCL ACCEL GCP 0.00 $22.00\n8105406 FIBER FORCE 350 ABC POLYMER 0.5# BAG 0.00 $6.50\n8106225 FIBER FORCE 350 ABC POLYMER 1# BAG 0.00 $9.50\n8106408 FIBER FORCE 350 ABC POLYMER 1.5# BAG 0.00 $12.50\n8101009 XYPEX C-500 WP 5 LB BAG 0.00 $65.00\n8101788 1.0 GAL ECLIPSE FLOOR 200 SRA GCP 0.00 $30.00\n8105268 1.0 GAL ECLIPSE 4500 SRA GCP 0.00 $40.00\n8101001 1.0 GAL DCI-S CIN GCP 0.00 $12.50\n</p>', '2024-12-02', 95),
(221, 'NO CONCRETE QUOTES AVAILABLE', '2024-12-02', 33),
(222, 'NO CONCRETE QUOTES AVAILABLE ', '2024-12-02', 40),
(223, 'NO CONCRETE QUOTES AVAILABLE', '2024-12-02', 96),
(224, '<p><span style=\"background-color: rgb(255, 255, 0);\">WAYNE DAVIS </span>CONCRETE, CONCRETE QUOTE 6/16/2022:</p><p>\n\n15.00 Class B PLT/STD $155.00\n</p><p>1.00 MICRO FIBER 1/2LB PER YARD $5.00\n</p><p>1.00 PUMP PRIME GROUT $300.00</p><p>\n1.00 ICE PER POUNDS $1.10\n</p><p>1.00 HYDRATION CONTROL ADMIX $6.00\n</p><p>1.00 1% CALCIUM CHLORIDE $4.00</p><p>\n1.00 2% CALCIUM CHLORIDE $8.00\n</p><p>1.00 1% NONCHLORIDE ACCELERATOR $10.00\n</p><p>1.00 2% NONCHLORIDE ACCELERATOR $20.00</p><p>\n1.00 HEATED WATER PER YARD-(WHERE AVAILABLE) $6.00</p><p>\n1.00 MID RANGE PLASTICIZER $4.00\n</p><p>1.00 HIGH RANGE PLASTICIZER $8.00</p><p>\n1.00 1% RETARDER PER YARD $3.00</p><p>\n1.00 2% RETARDER PER YARD $6.00</p>', '2024-12-02', 80),
(225, 'Change contract amount, old value: 0', '2024-12-02', 118),
(226, '<p><span style=\"background-color: rgb(255, 255, 0);\">THOMSON CONCRETE</span>, CONCRETE QUOTE 4/12/2023</p><p>\n\nYDS DOT CLASS A $162.00 CY</p><p>\nYDS DOT CLASS B $153.00 CY\n</p><p>YDS DOT CLASS 24-HR MIX $173.00 CY</p><p>\nFUEL SURCHARGE $20.00 EA</p><p>\nLIGHT LOAD FEE $125.00 EA</p>', '2024-12-02', 92),
(227, 'NO CONCRETE QUOTES AVAILABLE', '2024-12-02', 74),
(228, 'NO CONCRETE QUOTES AVAILABLE', '2024-12-02', 84),
(229, 'NO CONCRETE QUOTES AVAILABLE', '2025-02-14', 44),
(230, 'NO CONCRETE QUOTES AVAILABLE', '2024-12-02', 94),
(231, 'Change contract amount, old value: 2352672.22', '2024-12-02', 94),
(232, '<p><span style=\"background-color: rgb(255, 255, 0);\">THOMAS CONCRETE</span>, CONCRETE QUOTE 1/20/2022:</p><p>\n\n2200 228000 D.O.T. CLASS B $140.00</p><p>\n4001 Treated Water $5.00\n</p><p>4003LB Ice by lb $0.60\n</p><p>4999-1 Retarder (CY) $5.00</p><p>\n5003 Super P (CY) $7.00\n</p><p>5004-1 Non-Chloride Accelerator (CY) $12.00</p><p>\n5009 Commercial Fiber $10.00\n</p><p>6002 Core Testing Per Set, If Required $750.00\n</p><p>8100 Environmental Impact Fee (Ld) $10.00</p><p>\n8500 Fuel Surcharge (Ld) $12.00</p><p>\n9001 Delivery Fee Under 5 CY (Ld) $300.00\n</p><p>9007 Sun/Holiday Opening Fee $10,000.00</p><p>\n9008SAM Saturday Per Yd Charge $12.00\n</p><p>9009 After Hours Opening Fee $3,500.00</p><p>\n9014 AWD 6X6 Truck (CY) $5.00\n</p><p>9027 Conveyor Belt Truck (CY) $30.00\n</p><p>9029 Front Discharge Truck (CY) $15.00</p>', '2025-02-14', 101),
(233, '<p><span style=\"background-color: rgb(255, 255, 0);\">ERNST CONCRETE</span>, CONCRETE QUOTE 1/17/2022:</p><p>\nCLASS B $140.00\n</p><p>OPENING NIGHT FEE $3,500.00\n</p>', '2024-12-02', 101),
(234, 'NO CONCRETE QUOTES AVAILABLE', '2024-12-02', 97),
(236, 'NO CONCRETE QUOTES AVAILABLE', '2024-12-02', 85),
(237, '<p><span style=\"background-color: rgb(255, 255, 0);\">MORGAN CONCRETE COMPANY</span>, CONCRETE QUOTE 1/19/22:</p><p>\n\nGDOT CLASS B $128.00\n</p><p>GDOT CLASS A $136.00\n</p><p>GDOT CLASS AA $138.00 </p><p>GDOT CLASS D $140.00\n</p><p>GDOT CLASS D BARRIER $143.00</p><p>\nGDOT CLASS CS $112.00</p><p>\nGDOT 24 HOUR $ 155.00</p>', '2024-12-02', 111),
(238, '<p><span style=\"background-color: rgb(255, 255, 0);\">THOMAS CONCRETE</span>, CONCRETE QUOTE 5/18/2022:\n</p><p>\n0 228000 GDOT CLASS B FLYASH B $165.00\n</p><p>4001 Treated Water $5.00\n</p><p>400 3LB Ice by lb $0.60\n</p><p>5002 Retarder (CY) $5.00\n</p><p>5003 Super P (CY) $7.00\n</p><p>5004-1 Non-Chloride Accelerator (CY) $12.00</p><p>\n5009 Commercial Fiber $11.00</p><p>\n6002 Core Testing Per Set, If Required $750.00\n</p><p>8100 Environmental Impact Fee (Ld) $10.00</p><p>8500 Fuel Surcharge (Ld) $50.00\n</p><p>9001 Delivery Fee Under 5 CY (Ld) $300.00\n</p><p>9007 Sun/Holiday Opening Fee $10,000.00\n</p><p>9008 SAM Saturday Per Yd Charge $12.00</p><p>\n9009 After Hours Opening Fee $3,500.00</p><p>\n9014 AWD 6X6 Truck (CY) $5.00\n</p><p>9027 Conveyor Belt Truck (CY) $30.00</p><p>9029 Front Discharge Truck (CY) $15.00</p>', '2024-12-02', 98),
(239, 'NO CONCRETE QUOTES AVAILABLE', '2024-12-02', 79),
(240, 'NO CONCRETE QUOTES AVAILABLE', '2024-12-02', 41),
(241, 'Change contract amount, old value: 0', '2024-12-02', 119),
(242, 'NO CONCRETE QUOTES AVAILABLE', '2024-12-02', 42),
(243, 'Change contract amount, old value: 0', '2024-12-02', 120),
(244, '<p><span style=\"background-color: rgb(255, 255, 0);\">ARGOS READY MIX,</span> CONCRETE QUOTE 8/11/2023:</p><p>\n\nClass B $170.00</p><p>\nClass A $177.00\n</p><p>GDOT 24HR $190.00</p><p>\nClass 3 $175.00</p>', '2024-12-02', 43),
(245, '<p><span style=\"background-color: rgb(255, 255, 0);\">WALKER CONCRETE, </span>CONCRETE QUOTE 8/14/2023\n</p><p>\nGDOT CLASS B FLY ASH $173.33/CYD</p><p>\nFLOWABLE FILL NONEXC $142.17/CYD</p><p>\nEnvironmental Surcharge $20.00/Load</p><p>\nFuel Surcharge $24.00/Load</p>', '2024-12-02', 43),
(246, '<p><span style=\"background-color: rgb(255, 255, 0);\">HEIDELBERG MATERIALS, </span>CONCRETE QUOTE 11/29/2023</p><p>\n\nGA DOT Class B $181.00 CY</p><p>\nENVIRONMENTAL FEE $10.00 Per Load\n</p><p>FUEL FEE $35.00 Per Load\n</p><p>ANNUAL ESCLATOR beginning 6/1/2024 $8.00 CY</p><p>\nMID-RANGE SUPERP $7.00 CY\n1%</p><p>LIQUID NON-CHLORIDE ACCELERATOR $7.00 CY</p><p>\n1% LIQUID CHLORIDE CALCIUM $4.00 CY</p><p>\nRETARDER $4.00 CY\nMICROFIBER $8.00 LB</p>', '2024-12-02', 43),
(247, 'NO CONCRETE QUOTES AVAILABLE\n', '2024-12-02', 115),
(248, 'NO CONCRETE QUOTES AVAILABLE', '2024-12-02', 82),
(249, 'MORGAN CONCRETE COMPANY, CONCRETE QUOTE 5/18/2021:\n\nGDOT CLASS CS $110.00\nGDOT CLASS B $125.50\nGDOT CLASS A $134.00\nGDOT CLASS AA $136.00\nGDOT CLASS D $ 137.25', '2024-12-02', 81),
(250, 'NO CONCRETE QUOTES AVAILABLE', '2024-12-02', 58),
(251, 'NO CONCRETE QUOTES AVAILABLE ', '2024-12-02', 90),
(252, 'MORGAN CONCRETE COMPANY, CONCRETE QUOTE 7/20/22:\n\nGDOT CLASS B $141.00\nGDOT CLASS A $149.00\nGDOT CLASS AA $151.00\nEXCAVATABLE FLOW FILL $99.00\nNON EXCAVATABLE FLOW FILL $115.00', '2024-12-02', 107),
(253, '<p><span style=\"background-color: rgb(255, 255, 0);\">MORGAN CONCRETE COMPANY</span>, CONCRETE QUOTE 6/14/23:</p><p>\n\nGDOT CLASS CS $139.00\n</p><p>GDOT CLASS B $157.00\n</p><p>GDOT CLASS A $164.00\n</p><p>GDOT CLASS AA $166.00\n</p><p>GDOT CLASS D $ 155.50 </p>', '2025-02-14', 11),
(254, 'NO CONCRETE QUOTES AVAILABLE', '2024-12-02', 46),
(255, 'NO CONCRETE QUOTES AVAILABLE ', '2024-12-02', 73),
(256, '<p><span style=\"background-color: rgb(255, 255, 0);\">THOMSON CONCRETE</span>, CONCRETE QUOTE 1/17/22:</p><p>\n\nGDOT CLASS B  $135.00 PER CYD</p><p>\nGDOT CLASS A $ 145.00 PER CYD</p><p>\nGDOT CLASS AA $ 146.50 PER CYD</p><p>\nGDOT CLASS AA, BARR MACH $147.00 PER CYD</p><p>\nGDOT CLASS D $147.50 PER CYD</p><p>\nGDOT CLASS D, BARR , MACH $ 148.00 PER CYD</p><p>\nGDOT CLASS A, SEAL  $149.00 PER CYD</p><p>\nGDOT CLASS CS $122.00 PER CYD\n</p><p>GDOT CLASS AA, CAISSION $151.5O PER CYD</p><p>\nGDOT CLASS 24 HR ( NO ACCELERATOR) 154.50 PER CYD\nICE $.60 PER LB</p>', '2024-12-02', 83),
(258, 'NO CONCRETE QUOTES AVAILABLE ', '2024-12-02', 22),
(259, 'NO CONCRETE QUOTES AVAILABLE', '2024-12-02', 8),
(260, 'Change contract amount, old value: 0', '2024-12-02', 121),
(261, 'Change contract amount, old value: 0', '2024-12-02', 122),
(262, 'Change contract amount, old value: 0', '2024-12-02', 123),
(263, 'Change contract amount, old value: 0', '2024-12-02', 124),
(264, 'Change contract amount, old value: 0', '2024-12-02', 125),
(265, 'Change contract amount, old value: 0', '2024-12-03', 126),
(266, 'Change contract amount, old value: 0', '2024-12-03', 127),
(267, 'Change contract amount, old value: 0', '2024-12-03', 128),
(268, 'Change contract amount, old value: 0', '2024-12-03', 129),
(269, 'Change contract amount, old value: 0', '2024-12-03', 130),
(270, 'Change contract amount, old value: 0', '2024-12-03', 131),
(271, 'Change contract amount, old value: 0', '2024-12-03', 132),
(272, 'Change contract amount, old value: 0', '2024-12-03', 133),
(273, 'Yes', '2024-12-03', 134),
(274, 'Change contract amount, old value: 0', '2024-12-03', 134),
(275, 'Change contract amount, old value: 0', '2024-12-04', 135),
(276, 'Change contract amount, old value: 0', '2024-12-04', 136),
(277, 'Change contract amount, old value: 0', '2024-12-04', 137),
(278, 'Change contract amount, old value: 0', '2024-12-04', 138),
(279, 'Change contract amount, old value: 0', '2024-12-04', 139),
(280, 'Change contract amount, old value: 0', '2024-12-04', 140),
(281, 'Change contract amount, old value: 0', '2024-12-04', 141),
(282, 'Change contract amount, old value: 0', '2024-12-04', 142),
(283, 'Change status, old value: In Progress', '2024-12-09', 11),
(284, 'Change status, old value: Not Started', '2024-12-11', 110),
(285, 'Change contract amount, old value: 0', '2024-12-11', 143),
(288, 'Change contract amount, old value: 0', '2024-12-11', 144),
(289, 'Change contract amount, old value: 0', '2025-01-07', 145),
(290, 'Change contract amount, old value: 0', '2025-01-08', 146),
(291, 'Change contract amount, old value: 0', '2025-01-08', 147),
(292, 'Change contract amount, old value: 0', '2025-01-08', 148),
(293, 'Change contract amount, old value: 0', '2025-01-08', 149),
(294, 'Change contract amount, old value: 0', '2025-01-08', 150),
(295, 'Change contract amount, old value: 0', '2025-01-08', 151),
(296, 'Change contract amount, old value: 0', '2025-01-08', 152),
(297, 'Change contract amount, old value: 0', '2025-01-08', 153),
(298, 'Change contract amount, old value: 0', '2025-01-08', 154),
(299, 'Change contract amount, old value: 0', '2025-01-09', 155),
(300, 'Change contract amount, old value: 0', '2025-01-09', 156),
(301, 'Change contract amount, old value: 0', '2025-01-09', 157),
(302, 'Change contract amount, old value: 0', '2025-01-09', 158),
(303, 'Change contract amount, old value: 0', '2025-01-09', 159),
(304, 'Change contract amount, old value: 0', '2025-01-09', 160),
(305, 'Change contract amount, old value: 0', '2025-01-09', 161),
(306, 'Change contract amount, old value: 0', '2025-01-09', 162),
(307, 'Change contract amount, old value: 0', '2025-01-09', 163),
(308, 'Change contract amount, old value: 0', '2025-01-09', 164),
(309, 'Change contract amount, old value: 0', '2025-01-09', 165),
(310, 'Change status, old value: Not Started', '2025-01-09', 144),
(311, 'Change contract amount, old value: 0', '2025-01-09', 166),
(312, 'Change contract amount, old value: 0', '2025-01-09', 167),
(313, 'Change contract amount, old value: 46500', '2025-01-09', 167),
(314, 'Change contract amount, old value: 0', '2025-01-09', 168),
(315, 'Change proposal id #, old value: ', '2025-01-09', 169),
(316, 'Change contract amount, old value: 0', '2025-01-09', 169),
(317, 'Change contract amount, old value: 0', '2025-01-09', 170),
(318, 'Change contract amount, old value: 0', '2025-01-09', 171),
(319, 'Change contract amount, old value: 0', '2025-01-09', 172),
(320, 'Change status, old value: In Progress', '2025-01-09', 171),
(321, 'Change contract amount, old value: 0', '2025-01-10', 173),
(322, 'Change contract amount, old value: 0', '2025-01-10', 174),
(323, 'Change contract amount, old value: 0', '2025-01-10', 175),
(324, 'Change contract amount, old value: 0', '2025-01-10', 176),
(325, 'Change contract amount, old value: 0', '2025-01-10', 177),
(326, 'Change contract amount, old value: 0', '2025-01-10', 178),
(327, 'Change contract amount, old value: 0', '2025-01-10', 179),
(328, 'Change contract amount, old value: 0', '2025-01-10', 180),
(329, 'Change contract amount, old value: 0', '2025-01-10', 181),
(330, 'Change contract amount, old value: 0', '2025-01-10', 182),
(331, 'Change contract amount, old value: 0', '2025-01-10', 183),
(332, 'Change contract amount, old value: 0', '2025-01-10', 184),
(333, 'Change contract amount, old value: 0', '2025-01-15', 185),
(334, 'Change contract amount, old value: 0', '2025-01-15', 186),
(335, 'Change contract amount, old value: 0', '2025-01-15', 187),
(336, 'Change contract amount, old value: 0', '2025-01-15', 188),
(337, 'Change contract amount, old value: 0', '2025-01-15', 189),
(338, 'Change status, old value: In Progress', '2025-01-15', 189),
(339, 'Change contract amount, old value: 0', '2025-01-15', 190),
(340, 'ADDED AN LINE FOR AN AMENDMENT BECAUSE I FOUND AN AFFIDAVIT WITH AN AMENDMENT INCREASE BUT DID NOT HAVE MORE DETAILS WITH WHAT WAS AMENDED ITEMWISE.', '2025-01-15', 190),
(341, 'Change contract amount, old value: 80258.51', '2025-01-15', 190),
(342, 'Change contract amount, old value: 92874.51', '2025-01-15', 190),
(343, 'Change contract amount, old value: 0', '2025-01-15', 191),
(344, 'Change contract amount, old value: 0', '2025-01-15', 192),
(345, 'Change contract amount, old value: 0', '2025-01-15', 193),
(346, 'Change contract amount, old value: 0', '2025-01-15', 194),
(347, 'Change contract amount, old value: 0', '2025-01-16', 195),
(348, 'Change contract amhAD TO GUEount, old value: 0CVGBSFGBGF', '2025-01-16', 196),
(350, 'Had to guess at some of the item types as the text cut offf in contract. No bid sheet to compare.', '2025-01-16', 196),
(351, 'Change contract amount, old value: 0', '2025-01-16', 197),
(352, 'Change contract amount, old value: 0', '2025-01-16', 198),
(353, 'Change contract amount, old value: 0', '2025-01-16', 199),
(354, 'Change contract amount, old value: 0', '2025-01-16', 200),
(355, 'Change contract amount, old value: 0', '2025-01-16', 201),
(356, 'Change contract amount, old value: 0', '2025-01-16', 202),
(357, 'Change project number, old value: CP03009', '2025-01-16', 201),
(358, 'Change contract amount, old value: 0', '2025-01-16', 203),
(359, 'Change contract amount, old value: 0', '2025-01-16', 204),
(360, 'Change contract amount, old value: 0', '2025-01-16', 205),
(361, 'Change contract amount, old value: 0', '2025-01-16', 206);
INSERT INTO `project_notes` (`id`, `notes`, `date`, `project_id`) VALUES
(362, 'Change status, old value: In Progress', '2025-01-16', 205),
(363, 'Change end date, old value: 03/30/2025', '2025-01-16', 205),
(364, 'Change contract amount, old value: 0', '2025-01-16', 207),
(365, 'Change contract amount, old value: 0', '2025-01-16', 208),
(366, 'Change contract amount, old value: 0', '2025-01-16', 209),
(367, 'Change contract amount, old value: 0', '2025-01-16', 210),
(368, 'Change contract amount, old value: 0', '2025-01-16', 211),
(369, 'Change contract amount, old value: 0', '2025-01-16', 212),
(370, 'Change contract amount, old value: 0', '2025-01-16', 213),
(371, 'Change contract amount, old value: 0', '2025-01-16', 214),
(372, 'Change contract amount, old value: 0', '2025-01-16', 215),
(373, 'Change contract amount, old value: 0', '2025-01-16', 216),
(374, 'Change contract amount, old value: 0', '2025-01-16', 217),
(375, 'Change contract amount, old value: 0', '2025-01-17', 218),
(376, 'Change contract amount, old value: 0', '2025-01-17', 219),
(377, 'Change contract amount, old value: 0', '2025-01-17', 220),
(378, 'Change project number, old value: COM64016', '2025-01-17', 218),
(379, 'Change contract amount, old value: 0', '2025-01-20', 221),
(380, 'Change contract amount, old value: 45000000', '2025-01-20', 221),
(381, 'Change contract amount, old value: 0', '2025-01-20', 222),
(382, 'Change contract amount, old value: 0', '2025-01-20', 223),
(383, 'Change contract amount, old value: 0', '2025-01-20', 224),
(384, 'Change contract amount, old value: 0', '2025-01-20', 225),
(385, 'Change contract amount, old value: 0', '2025-01-20', 226),
(386, '<span style=\"color: rgb(87, 89, 98); background-color: rgb(247, 246, 250);\">LABOR FORCE SUPPORT COMPOSITE DECK - cHANGE ORDER 001</span>', '2025-01-20', 226),
(387, 'Change contract amount, old value: 22200', '2025-01-20', 226),
(388, 'Change contract amount, old value: 0', '2025-01-20', 227),
(389, 'Change contract amount, old value: 0', '2025-01-20', 228),
(391, 'Change contract amount, old value: 0', '2025-01-21', 230),
(392, 'Change contract amount, old value: 0', '2025-01-23', 231),
(395, 'Change status, old value: Not Started', '2025-01-24', 145),
(396, 'Change status, old value: Not Started', '2025-01-24', 210),
(397, 'Change contract amount, old value: 0', '2025-01-24', 232),
(398, 'Change contract amount, old value: 0', '2025-01-24', 233),
(404, 'Change due date, old value: ', '2025-01-27', 229),
(405, 'Change status, old value: Not Started', '2025-01-30', 233),
(406, 'Change contract amount, old value: 0', '2025-01-30', 237),
(407, 'Change contract amount, old value: 0', '2025-01-30', 238),
(408, 'Change contract amount, old value: 0', '2025-01-30', 239),
(409, 'Change contract amount, old value: 0', '2025-01-30', 240),
(410, 'Change contract amount, old value: 321299.46', '2025-01-30', 240),
(411, 'Change contract amount, old value: 326293', '2025-01-30', 240),
(412, 'Change contract amount, old value: 0', '2025-01-30', 241),
(413, 'Change contract amount, old value: 74496', '2025-01-30', 241),
(414, 'Change contract amount, old value: 0', '2025-01-30', 242),
(415, 'Change project number, old value: WRV21008', '2025-01-30', 241),
(416, 'Change contract amount, old value: 0', '2025-01-30', 243),
(417, 'Change contract amount, old value: 0', '2025-01-30', 244),
(418, 'Change contract amount, old value: 0', '2025-01-30', 245),
(419, 'Change contract amount, old value: 0', '2025-01-30', 246),
(420, 'Change contract amount, old value: 0', '2025-01-31', 247),
(421, 'Change contract amount, old value: 0', '2025-01-31', 248),
(422, 'Change contract amount, old value: 0', '2025-01-31', 249),
(423, 'Change contract amount, old value: 0', '2025-02-03', 250),
(424, 'Change contract amount, old value: 0', '2025-02-03', 251),
(425, 'Change contract amount, old value: 0', '2025-02-04', 252),
(426, 'Change contract amount, old value: 0', '2025-02-04', 253),
(427, 'Change description, old value: 0009011 OCONEE US 441 SR 53 WIDENING', '2025-02-05', 229),
(428, 'Change description, old value: 0017391 INTERSECTION IMPROVEMENTS US341/SR 7, PEACH', '2025-02-05', 126),
(429, 'Change contract amount, old value: 151296', '2025-02-05', 126),
(430, 'Change contract amount, old value: 800', '2025-02-06', 231),
(431, '<p>Also will pay for training hours.</p><p><span style=\"font-size: 13px;\">Subcontractor shall make efforts to support the enrollment of its qualifying employees in Prime Contractor\'s On the Job Training (OJT) program.&nbsp;</span>Payment under the \"Training Hours\" item shall be applied at a quantity of 1,000 hours for each employee of subcontractor that successfully completes the program.</p><p><span style=\"font-size: 13px;\">158-1000 100 TRAINING HOURS 1,000.00 HR $0.80 $800.00</span></p>', '2025-02-06', 231),
(432, 'Change due date, old value: ', '2025-02-10', 55),
(433, 'Testing tester tested the tested properties of the software.', '2025-02-10', 254),
(434, 'Change status, old value: Not Started', '2025-02-10', 231),
(435, 'Change contract amount, old value: 0', '2025-02-10', 255),
(436, 'Change contract amount, old value: 0', '2025-02-10', 256),
(437, 'THERE WAS AN AMENDMENT COMPLETED ON 6-29-2023. ALL ITEMS ENTERED IN.', '2025-02-10', 256),
(438, 'NO CONCRETE QUOTE AVAILABLE&nbsp;', '2025-02-10', 180),
(439, 'NO CONCRETE QUOTE AVAILABLE&nbsp;', '2025-02-10', 182),
(441, '<p><span style=\"background-color: rgb(255, 255, 0);\">Thomson Concrete Mat</span>. , October 12, 2020</p><p>GDOT CLASS B ---- @$124.50 PER CYD</p><p>GDOT CLASS B CURB MACH.----@$124.50 PER CYD</p><p>GDOT CLASS A----@$132.50 PER CYD&nbsp;&nbsp;&nbsp;&nbsp;</p><p>GDOT CLASS AA----@$134.00 PER CYD</p><p>ICE----@$0.60 PER LB</p><p><br></p>', '2025-02-10', 202),
(442, 'NO CONCRETE QUOTES AVAILABLE', '2025-02-10', 200),
(443, 'NO CONCRETE QUOTES AVAILABLE', '2025-02-10', 197),
(444, 'NO CONCRETE QUOTES AVAILABLE', '2025-02-10', 184),
(445, 'NO CONCRETE QUOTES AVAILABLE', '2025-02-10', 178),
(446, 'NO CONCRETE QUOTES AVAILABLE&nbsp;', '2025-02-10', 199),
(447, '<p>NO CONCRETE QUOTES AVAILABLE</p><p><br></p>', '2025-02-10', 162),
(448, '<p><span style=\"background-color: rgb(255, 255, 0);\">ARGOS</span>, 8/17/2023&nbsp;</p><p> GDOT CLASS B 0.57 $136.00</p><p>GDOT 24 HR 0.39 $158.00</p><p>HOT WATER CY 0.00 $6.00</p><p>LEVEL 1 - COLD WATER EQUIVALENT 0.00 $7.00</p><p>&nbsp;LEVEL 2 - 5 DEGREE REDUCTION 0.00 $13.00</p><p>LEVEL 3 - 10 DEGREE REDUCTION 0.00 $20.00</p><p>ECL ENVIRONMENTAL FEE PER LOAD 0.00 $10.00</p><p>FCL FUEL FEE PER LOAD 0.00 $0.00</p>', '2025-02-10', 124),
(449, 'NO CONCRETE QUOTES AVAILABLE&nbsp;', '2025-02-10', 141),
(450, 'NO CONCRETE QUOTES AVAILABLE', '2025-02-10', 129),
(451, 'AJV - Added all items per updated price Supplemental Agreement dated on 10/25/24', '2025-02-10', 19),
(452, 'Change project number, old value: UGI49007', '2025-02-11', 251),
(453, 'Change project number, old value: CWM4000', '2025-02-11', 239),
(454, 'Change contract amount, old value: 0', '2025-02-11', 257),
(456, 'Change contract amount, old value: 0', '2025-02-11', 259),
(457, 'Change contract amount, old value: 1435095.12', '2025-02-11', 259),
(458, 'Change contract amount, old value: 0', '2025-02-13', 260),
(459, 'JD- ADDED IN SUPPLEMENTAL AGREEMENT ON 2-13-2025', '2025-02-13', 19),
(460, 'Change contract amount, old value: 0', '2025-02-13', 19),
(461, 'Change status, old value: Not Started', '2025-02-13', 211),
(463, 'Change contract amount, old value: 0', '2025-02-13', 262),
(464, 'Change contract amount, old value: 282403', '2025-02-13', 91),
(465, 'Change contract amount, old value: 1079451.38', '2025-02-13', 39),
(466, 'Change contract amount, old value: 1030026.37', '2025-02-13', 39),
(467, 'Change contract amount, old value: 0', '2025-02-13', 263),
(468, 'Change status, old value: In Progress', '2025-02-13', 264),
(469, 'Change contract amount, old value: 0', '2025-02-13', 265),
(470, 'Change contract amount, old value: 0', '2025-02-13', 266),
(471, 'Change end date, old value: 03/03/2023', '2025-02-13', 55),
(472, '<p><span style=\"background-color: rgb(255, 255, 0);\">HEIDELBERG MATERIALS</span>, 11/15/2023</p><p>GDOT CLASS A --- $183.75 CY</p><p>GDOT CLASS B --- $180.75 CY</p><p>GDOT CLASS AA --- $185.75 CY&nbsp;&nbsp;&nbsp;&nbsp;&nbsp;&nbsp;&nbsp;&nbsp;&nbsp;&nbsp;&nbsp;&nbsp;</p><p>GDOT CLASS AA CAISSONS --- $185.75 CY&nbsp;&nbsp;&nbsp;&nbsp;</p><p>DHES --- $189.75 CY</p><p>ENVIROMENTAL FEE --- $10.00 PER LOAD</p><p>FUEL FEE --- $35 PER LOAD&nbsp;&nbsp;&nbsp;&nbsp;</p><p>Annual Escalator beginning 6/1/2024 ---$10.00 CY</p><p><br></p>', '2025-02-14', 120),
(473, '<p><span style=\"background-color: rgb(255, 255, 0);\">ARGOS</span>, 6/15/2023</p><p>22DAC756 2200 GDOT CLASS B 0.57 $133.00</p><p>30DAC258 3000 GDOT CLASS 3 PAVING 0.46 $135.00</p><p>8101470 COLOR DAV TILE RED LIQ 0.00 $59.00</p><p>ECL ENVIRONMENTAL FEE PER LOAD 0.00 $10.00</p><p>FCL FUEL FEE PER LOAD 0.00 $60.00</p><p>8106046 LEVEL 1 - COLD WATER EQUIVALENT 0.00 $7.00</p><p>8106047 LEVEL 2 - 5 DEGREE REDUCTION 0.00 $13.00</p><p>8106048 LEVEL 3 - 10 DEGREE REDUCTION 0.00 $20.00</p><p><br></p>', '2025-02-14', 127),
(474, 'NO CONCRETE QUOTES AVAILABLE&nbsp;', '2025-02-14', 192),
(475, 'NO CONCRETE QUOTES AVAILABLE&nbsp;<br><br>', '2025-02-14', 123),
(476, 'NO CONCRETE QUOTES AVAILABLE', '2025-02-14', 164),
(477, 'NO CONCRETE QUOTES AVAILABLE', '2025-02-14', 196),
(478, 'NO CONCRETE QUOTES AVAILABLE', '2025-02-14', 165),
(479, 'NO CONCETE QUOTES AVAILABLE&nbsp;', '2025-02-14', 161),
(480, 'NO CONCRETE QUOTES AVAILABLE', '2025-02-14', 174),
(481, 'Change contract amount, old value: 0', '2025-02-14', 268),
(482, '<p><span style=\"background-color: rgb(255, 255, 0);\">SMYRNA READY MIX,</span> 1/27/2025</p><p>25390 GDOT CLASS B STRT --UNIT- 177 CY&nbsp; -- NET-$175</p><p>30390 GDOT CLASS A STRT -- UNIT-$186 CY -- NET $184</p><p>SC-1015 ENVIROMENTAL SURCHARGE --UNIT- 40 CY -- NET $40 PER TRUCK</p>', '2025-02-14', 233),
(483, 'Change contract amount, old value: 0', '2025-02-14', 269),
(484, 'NO CONCRETE QUOTES AVAILABLE', '2025-02-14', 264),
(485, 'Change contract amount, old value: 0', '2025-02-14', 270),
(486, '<p><span style=\"background-color: rgb(255, 255, 0);\">EVANS CONCRETE,&nbsp;</span>&nbsp;4/28/23</p><p>Class B $170.00 per yd</p><p>High Early $178.00 per yd</p><p>Ice (if needed) $1.35 per lb</p><p>Retarder 3.50 per %</p><p>Fuel Surcharge $40.00 per load</p><p>Environmental Fee $9.00 per load</p><p>Minimum load Fee (under 5 yards) $125.00 per load</p><p>Overtime on Trucks (after 1 hr. on jobsite) $75.00 per hr.</p>', '2025-02-14', 252),
(487, '<span style=\"background-color: rgb(255, 255, 0);\">USA READY MIX</span>', '2025-02-14', 183),
(488, 'Change contract amount, old value: 0', '2025-02-14', 271),
(489, '<p><span style=\"background-color: rgb(255, 255, 0);\">USA READY MIX</span>, 12/16/24</p><p>• GDOT Class B…………………………………………………………………………………………$160.00 / Cubic Yard</p><p>• Environmental Fee…………………………………………………………………………………....$15.00 / Load</p><p>• Fuel Fee…………………………………………………………………………………………………$35.00 / Load</p><p>• Order Cancellation Fee – order cancelled within 24 hrs of delivery ............................. $2500.00 / each</p><p>• Concrete Disposal Fee – Concrete ordered/not used on site/returned to plant ............ $125.00 / load</p><p><br></p>', '2025-02-14', 114),
(490, '<p><span style=\"background-color: rgb(255, 255, 0);\">MORGAN CONCRETE COMPANY</span>, 1/19/21</p><p>GDOT CLASS B --- $116</p><p>GDOT CLASS A --- $123</p><p>GDOT CLASS AA --- $124.5</p><p><br></p>', '2025-02-14', 229),
(491, 'NO CONCRETE QUOTES AVAILABLE', '2025-02-14', 156),
(492, '<p>&nbsp; &nbsp; <span style=\"background-color: rgb(255, 255, 0);\">WAYNE DAVIS CONCRETE</span>, 3/15/22</p><p>585.00 Class B STRAIGHT CEMENT $142.50</p><p>136.00 24HR $175.00</p><p>1.00 MICRO FIBER 1/2LB PER YARD $5.00</p><p>1.00 PUMP PRIME GROUT $300.00</p><p>1.00 ICE PER POUNDS $1.10</p><p>1.00 HYDRATION CONTROL ADMIX $6.00</p><p>1.00 1% CALCIUM CHLORIDE $4.00</p><p>1.00 2% CALCIUM CHLORIDE $8.00</p><p>1.00 1% NONCHLORIDE ACCELERATOR $10.00</p><p>1.00 2% NONCHLORIDE ACCELERATOR $20.00</p><p>1.00 HEATED WATER PER YARD (WHERE AVAILABLE) $6.00</p><p>1.00 MID RANGE PLASTICIZER $4.00</p><p>1.00 HIGH RANGE PLASTICIZER $8.00</p><p>1.00 1% RETARDER PER YARD $3.00</p><p>1.00 2% RETARDER PER YARD $6.00</p>', '2025-02-14', 240),
(493, 'NO CONCRETE QUOTES AVAILABLE&nbsp;', '2025-02-14', 250),
(494, '<p><span style=\"background-color: rgb(255, 255, 0);\">B.H HALL,</span> 1/21/21</p><p>Class A @ $ 124.00 / cyd</p><p>• Class AA @ $ 127.00 / cyd</p><p>• Class AA Barrier Machine @ $ 136.00 / cyd</p><p>• Class B @ $ 109.00 / cyd</p><p>• Class CS @ $ 101.00 / cyd</p><p>• Class D @ $ 130.00 / cyd</p><p>• Class D Barrier Machine @ $ 139.00 / cyd</p><p>• Expanded Mortar Mix @ $ 154.00 / cyd</p><p>• 24 HR @ $ 147.00 / cyd</p><p>• Mid Range @ $ 6.00 / cyd</p><p>• Retarder @ $ 3.00 / cyd</p><p>• Ice @ $ 0.80 / lbs</p><p>• 1% NCA @ $ 6.00 / cyd</p><p>• 2% NCA @ $ 12.00 / cyd</p><p>• Minimum Load (less than 3 yards) ADD $ 100.00 / load</p><p>• Plus Sales Tax</p>', '2025-02-14', 160),
(495, 'Change contract amount, old value: 0', '2025-02-14', 272),
(496, '<p>NO CONCRETE QUOTES AVAILABLE</p><p>WDC TICKETS&nbsp;</p>', '2025-02-14', 247),
(497, 'NO CONCRETE QUOTES AVAILABLE&nbsp;', '2025-02-14', 242),
(498, 'NO CONCRETE QUOTES AVAILABLE&nbsp;', '2025-02-14', 128),
(499, 'NO CONCRETE QUOTES AVAILABLE&nbsp;', '2025-02-14', 243),
(500, 'NO CONCRETE QUOTES AVAILABLE&nbsp;', '2025-02-14', 188),
(501, 'NO CONCRETE QUOTES AVAILABLE', '2025-02-14', 201),
(502, 'NO CONCRETE QUOTES AVAILABLE&nbsp;', '2025-02-14', 170),
(503, 'NO CONCRETE QUOTES AVAILABLE&nbsp;', '2025-02-14', 170),
(504, 'Change project number, old value: CWM04057', '2025-02-14', 272),
(505, 'NO CONCRETE QUOTES AVAILABLE', '2025-02-14', 168),
(506, 'NO CONCRETE QUOTES AVAILABLE', '2025-02-14', 169),
(507, 'NO CONCRETE QUOTES AVAILABLE', '2025-02-14', 187),
(508, 'NO CONCRETE QUOTES AVAILABLE', '2025-02-14', 213),
(509, 'NO CONCRETE QUOTES AVAILABLE', '2025-02-14', 172),
(510, 'NO CONCRETE QUOTES AVAILABLE', '2025-02-14', 194),
(511, '<p><span style=\"background-color: rgb(255, 255, 0);\">SMYRNA READY MIX, 12/16/2024</span></p><p>GDOT CLASS B STRT- UNIT PRICE $189 CY - NET $187</p><p>GDOT 24 HOUR - UNIT PRICE $237 CY - NET $235</p>', '2025-02-14', 238),
(512, '<p><span style=\"background-color: rgb(255, 255, 0);\">WAYNE DAVIS CONCRETE</span>, 3/14/22</p><p>15896.00 Class B STRAIGHT CEMENT $138.00</p><p>118.00 Class 3 Paving $142.00</p><p>1.00 MISC. TILE RED COLOR PER YARD $92.00</p><p>1.00 MICRO FIBER 1/2LB PER YARD $5.00</p><p>1.00 PUMP PRIME GROUT $300.00</p><p>1.00 ICE PER POUNDS $1.10</p><p>1.00 HYDRATION CONTROL ADMIX $6.00</p><p>1.00 1% CALCIUM CHLORIDE $4.00</p><p>1.00 2% CALCIUM CHLORIDE $8.00</p><p>1.00 1% NONCHLORIDE ACCELERATOR $10.00</p><p>1.00 2% NONCHLORIDE ACCELERATOR $20.00</p><p>1.00 HEATED WATER PER YARD (WHERE AVAILABLE) $6.00</p><p>1.00 MID RANGE PLASTICIZER $4.00</p><p>1.00 HIGH RANGE PLASTICIZER $8.00</p><p>1.00 1% RETARDER PER YARD $3.00</p><p>1.00 2% RETARDER PER YARD $6.00</p>', '2025-02-14', 269),
(513, '<p><span style=\"background-color: rgb(255, 255, 0);\">THOMAS CONCRETE</span>, 7/16/20</p><p>2200 228000 GDOT CLASS B FLYASH Class B $115.00</p><p>2200 228001 GDOT CLASS B CURB FLYASH Class B Curb $115.00</p><p>3000 308000 GDOT CLASS A FLYASH Class A $118.00</p><p>3500 358000 GDOT CLASS AA FLYASH Class AA $120.50</p><p>4000 408002 DOT HES Class HES $125.00</p><p>1000 108000 DOT CLASS CS 280AAE Class CS $108.00</p><p>0 408003 CLASS D Class D $125.00</p><p>3500 358004 DOT AA CAISSON FA Class AA Caisson $125.50</p><p>0 408004 CLASS D BARR MACH Class D Barrier $133.00</p>', '2025-02-14', 244),
(514, 'NO CONCRETE QUOTES AVAILABLE', '2025-02-14', 157),
(515, '<p><span style=\"background-color: rgb(255, 255, 0);\">MORGAN CONCRETE COMPANY</span>, 1/19/21</p><p>GDOT 24 HOUR --- $136.75</p><p>GDOT FLOW FILL --- $92</p><p>GDOT CLASS B --- $116</p><p>GDOT CLASS A --- $123.5</p><p>GDOT CLASS AA --- $125.25</p><p>GDOT CLASS D --- $126.50</p><p>GDOT CLASS CS --- $102</p>', '2025-02-14', 256),
(516, 'NO CONCRETE QUOTES AVAILABLE&nbsp;', '2025-02-14', 149),
(517, 'NO CONCRETE QUOTES AVAILABLE', '2025-02-14', 195),
(518, 'NO CONCRETE QUOTES AVAILABLE&nbsp;', '2025-02-14', 265),
(519, 'NO CONCRETE QUOTES AVAILABLE', '2025-02-14', 225),
(520, '<p><span style=\"background-color: rgb(255, 255, 0);\">WAYNE DAVIS CONCRET</span>E, 12/16/24</p><p>B-GDOT CLASS B $192 CY</p><p>A-GDOT CLASS A $203 CY</p>', '2025-02-14', 255),
(521, '<p><span style=\"background-color: rgb(255, 255, 0);\">RIVER ROAD READY MIX</span>, 1/10/23</p><p>CLASS B DOT --- $168 CY</p><p>CLASS A DOT --- $186 CY</p><p>CLASS 3 DOT --- $181 CY</p><p><br></p>', '2025-02-14', 158),
(522, '<p><span style=\"background-color: rgb(255, 255, 0);\">EVANS CONCRETE,</span> 8/11/23</p><p>CLASS A---$175.00 per yd</p><p>CLASS B---$170.00 per yd</p><p>CLASS 1---$175.00 per yd</p><p>CLASS 3---$173.00 per yd</p><p>24 HOUR---$185.00 per yd</p><p>Night Fees---contingent on time and yardage</p><p>Fuel Surcharge---$40.00 per load</p><p>Environmental Fee---$9.00 per load</p><p>Minimum load Fee (under 5 yards)---$125.00 per load</p><p>Overtime on Trucks (after 1 hr. on jobsite)---$75.00 per hr.</p>', '2025-02-14', 251),
(523, 'NO CONCRETE QUOTES AVAILABLE', '2025-02-14', 271),
(524, 'NO CONCRETE QUOTES AVAILABLE&nbsp;', '2025-02-14', 263),
(525, 'NO CONCRETE QUOTES AVAILABLE&nbsp;', '2025-02-14', 268),
(526, 'NO CONCRETE QUOTES AVAILABLE&nbsp;', '2025-02-14', 266),
(527, '<p>NO CONCRETE QUOTES AVAILABLE&nbsp;</p><p><br></p>', '2025-02-14', 270),
(528, 'NO CONCRETE QUOTES AVAILABLE&nbsp;', '2025-02-14', 232),
(529, 'NO CONCRETE QUOTES AVAILABLE&nbsp;', '2025-02-14', 260),
(530, 'NO CONCRETE QUOTES AVAILABLE&nbsp;', '2025-02-14', 163),
(531, 'NO CONCRETE QUOTES AVAILABLE&nbsp;', '2025-02-14', 171),
(532, 'NO CONCRETE QUOTES AVAILABLE&nbsp;', '2025-02-14', 272),
(533, '<p><span style=\"background-color: rgb(255, 255, 0);\">REAMES CONCRETE COMPANY</span>, 5/20/21</p><p>GDOT CLASS B CYD $107.00</p><p>GDOT CLASS 3 - CYD $113.00</p><p>FEDERAL STANDARD INSIGNIA RED COLOR CYD $65.00</p>', '2025-02-14', 159),
(534, '<p><span style=\"background-color: rgb(255, 255, 0);\">ARGOS</span>, 5/20/2021</p><p>GDOT CLASS B---$107</p><p>GDOT CLASS 3 PAVING --- $110</p><p>DAVIS TILE RED COLOR --- $47 CY</p><p>HOT/COLD WATER---$6 CY</p><p>DAILY ICE SET UP FEE - $650 PER DAY</p><p>ICE - 48 HOURS NOTICE NEEDED FOR ICE DELIVERY - $.44/LB</p>', '2025-02-14', 159),
(535, 'Change end date, old value: 02/14/2025', '2025-02-17', 273),
(536, 'Change contract amount, old value: 0', '2025-02-17', 273),
(537, '<p>tHERIS A REVISED UNIT PRICE BID THAT WAS MADE ON 1-29-2025.</p><p>THERE WAS A UNIT PRICE UPDATE BIDSHEET MADE 1-29-2025 BUT NO CONTRACT. HERE ARE THE UPDATED PRICES</p><table border=\"0\" cellpadding=\"0\" cellspacing=\"0\" width=\"621\" style=\"width: 466pt;\">\n <colgroup><col width=\"281\" style=\"mso-width-source:userset;mso-width-alt:10276;width:211pt\">\n <col width=\"106\" style=\"mso-width-source:userset;mso-width-alt:3876;width:80pt\">\n <col width=\"56\" style=\"mso-width-source:userset;mso-width-alt:2048;width:42pt\">\n <col width=\"75\" style=\"mso-width-source:userset;mso-width-alt:2742;width:56pt\">\n <col width=\"103\" style=\"mso-width-source:userset;mso-width-alt:3766;width:77pt\">\n </colgroup><tbody><tr height=\"24\" style=\"mso-height-source:userset;height:18.0pt\">\n  <td colspan=\"2\" height=\"24\" class=\"xl65\" width=\"387\" style=\"height:18.0pt;width:291pt\">CONC\n  DRIVEWAY, 4 IN</td>\n  <td class=\"xl65\" width=\"56\" style=\"border-left:none;width:42pt\">SY</td>\n  <td class=\"xl65\" width=\"75\" style=\"border-left:none;width:56pt\">&nbsp;</td>\n  <td class=\"xl66\" align=\"right\" width=\"103\" style=\"border-left:none;width:77pt\">$44.00</td>\n </tr>\n <tr height=\"24\" style=\"mso-height-source:userset;height:18.0pt\">\n  <td colspan=\"2\" height=\"24\" class=\"xl65\" style=\"height:18.0pt\">CONC DRIVEWAY, 6 IN</td>\n  <td class=\"xl65\" style=\"border-top:none;border-left:none\">SY</td>\n  <td class=\"xl65\" style=\"border-top:none;border-left:none\">&nbsp;</td>\n  <td class=\"xl66\" align=\"right\" style=\"border-top:none;border-left:none\">$62.00</td>\n </tr>\n <tr height=\"24\" style=\"mso-height-source:userset;height:18.0pt\">\n  <td colspan=\"2\" height=\"24\" class=\"xl65\" style=\"height:18.0pt\">CONC SIDEWALK, 4 IN</td>\n  <td class=\"xl65\" style=\"border-top:none;border-left:none\">SY</td>\n  <td class=\"xl65\" style=\"border-top:none;border-left:none\">&nbsp;</td>\n  <td class=\"xl66\" align=\"right\" style=\"border-top:none;border-left:none\">$43.00</td>\n </tr>\n <tr height=\"24\" style=\"mso-height-source:userset;height:18.0pt\">\n  <td colspan=\"2\" height=\"24\" class=\"xl65\" style=\"height:18.0pt\">CONC SIDEWALK, 4 IN,\n  STAMPED &amp; COLOR (INSIGNIA RED)</td>\n  <td class=\"xl65\" style=\"border-top:none;border-left:none\">SY</td>\n  <td class=\"xl65\" style=\"border-top:none;border-left:none\">&nbsp;</td>\n  <td class=\"xl66\" align=\"right\" style=\"border-top:none;border-left:none\">$93.00</td>\n </tr>\n <tr height=\"24\" style=\"mso-height-source:userset;height:18.0pt\">\n  <td colspan=\"2\" height=\"24\" class=\"xl65\" style=\"height:18.0pt\">CONC SPILLWAY, TP 3</td>\n  <td class=\"xl65\" style=\"border-top:none;border-left:none\">EA</td>\n  <td class=\"xl65\" style=\"border-top:none;border-left:none\">&nbsp;</td>\n  <td class=\"xl66\" align=\"right\" style=\"border-top:none;border-left:none\">$2,500.00</td>\n </tr>\n <tr height=\"24\" style=\"mso-height-source:userset;height:18.0pt\">\n  <td colspan=\"2\" height=\"24\" class=\"xl65\" style=\"height:18.0pt\">CONC VALLEY GUTTER,\n  6 IN</td>\n  <td class=\"xl65\" style=\"border-top:none;border-left:none\">SY</td>\n  <td class=\"xl65\" style=\"border-top:none;border-left:none\">&nbsp;</td>\n  <td class=\"xl66\" align=\"right\" style=\"border-top:none;border-left:none\">$74.00</td>\n </tr>\n <tr height=\"24\" style=\"mso-height-source:userset;height:18.0pt\">\n  <td colspan=\"2\" height=\"24\" class=\"xl65\" style=\"height:18.0pt\">CONC VALLEY GUTTER,\n  8 IN</td>\n  <td class=\"xl65\" style=\"border-top:none;border-left:none\">SY</td>\n  <td class=\"xl65\" style=\"border-top:none;border-left:none\">&nbsp;</td>\n  <td class=\"xl66\" align=\"right\" style=\"border-top:none;border-left:none\">$94.00</td>\n </tr>\n <tr height=\"24\" style=\"mso-height-source:userset;height:18.0pt\">\n  <td colspan=\"2\" height=\"24\" class=\"xl65\" style=\"height:18.0pt\">CONC HEADER CURB, 6\n  IN, TP 2</td>\n  <td class=\"xl65\" style=\"border-top:none;border-left:none\">LF</td>\n  <td class=\"xl65\" style=\"border-top:none;border-left:none\">&nbsp;</td>\n  <td class=\"xl66\" align=\"right\" style=\"border-top:none;border-left:none\">$25.00</td>\n </tr>\n <tr height=\"24\" style=\"mso-height-source:userset;height:18.0pt\">\n  <td colspan=\"2\" height=\"24\" class=\"xl65\" style=\"height:18.0pt\">CONC HEADER CURB, 10\n  IN, TP 4</td>\n  <td class=\"xl65\" style=\"border-top:none;border-left:none\">LF</td>\n  <td class=\"xl65\" style=\"border-top:none;border-left:none\">&nbsp;</td>\n  <td class=\"xl66\" align=\"right\" style=\"border-top:none;border-left:none\">$26.00</td>\n </tr>\n <tr height=\"24\" style=\"mso-height-source:userset;height:18.0pt\">\n  <td colspan=\"2\" height=\"24\" class=\"xl65\" style=\"height:18.0pt\">CONC CURB &amp;\n  GUTTER, 6X24 IN, TP 1</td>\n  <td class=\"xl65\" style=\"border-top:none;border-left:none\">LF</td>\n  <td class=\"xl65\" style=\"border-top:none;border-left:none\">&nbsp;</td>\n  <td class=\"xl66\" align=\"right\" style=\"border-top:none;border-left:none\">$23.00</td>\n </tr>\n <tr height=\"24\" style=\"mso-height-source:userset;height:18.0pt\">\n  <td colspan=\"2\" height=\"24\" class=\"xl65\" style=\"height:18.0pt\">CONC CURB &amp;\n  GUTTER, 6X24 IN, TP 2</td>\n  <td class=\"xl65\" style=\"border-top:none;border-left:none\">LF</td>\n  <td class=\"xl65\" style=\"border-top:none;border-left:none\">&nbsp;</td>\n  <td class=\"xl66\" align=\"right\" style=\"border-top:none;border-left:none\">$18.00</td>\n </tr>\n <tr height=\"24\" style=\"mso-height-source:userset;height:18.0pt\">\n  <td colspan=\"2\" height=\"24\" class=\"xl65\" style=\"height:18.0pt\">CLASS B CONC,\n  RETAINING WALL</td>\n  <td class=\"xl65\" style=\"border-top:none;border-left:none\">CY</td>\n  <td class=\"xl65\" style=\"border-top:none;border-left:none\">&nbsp;</td>\n  <td class=\"xl66\" align=\"right\" style=\"border-top:none;border-left:none\">$1,600.00</td>\n </tr>\n <tr height=\"24\" style=\"mso-height-source:userset;height:18.0pt\">\n  <td colspan=\"2\" height=\"24\" class=\"xl65\" style=\"height:18.0pt\">CLASS B CONC, BASE\n  OR PVMT WIDENING</td>\n  <td class=\"xl65\" style=\"border-top:none;border-left:none\">CY</td>\n  <td class=\"xl65\" style=\"border-top:none;border-left:none\">&nbsp;</td>\n  <td class=\"xl66\" align=\"right\" style=\"border-top:none;border-left:none\">$336.00</td>\n </tr></tbody></table><p><br></p>', '2025-02-17', 273),
(538, 'Change end date, old value: 03/30/2025', '2025-02-17', 273),
(539, '<p><span style=\"background-color: rgb(255, 255, 0);\">Argos </span>concrete quote, 5/18/2023</p><p>22DAC756 2200 2200GDOTAIRASH 0.57 $128.00</p><p>35DAX06 3000 3500CLASS3SRTCEM 0.50 $133.00</p><p>00DAX662 50 00DOTAIRFFILLNX1BG 3.76 $100.00</p><p>8100418 NIGHT OPENING FEE 0.00 $650.00</p><p>8101539 TILE BROWN COLOR $55.00</p><p>8105020 YELLOW SAND COLOR $55.00</p>', '2025-02-17', 153),
(540, 'NO CONCRETE QUOTES AVAILABLE', '2025-02-17', 15),
(541, 'NO CONCRETE QUOTES AVAILABLE&nbsp;', '2025-02-17', 150),
(542, 'NO CONCRETE QUOTES AVAILABLE&nbsp;', '2025-02-17', 151),
(543, 'NO CONCRETE QUOTES AVAILABLE&nbsp;', '2025-02-17', 91),
(544, 'Change contract amount, old value: 352207', '2025-02-17', 91),
(545, 'NO CONCRETE QUOTES AVAILABLE&nbsp;', '2025-02-17', 262),
(546, '<p><span style=\"background-color: rgb(255, 255, 0);\">WAYNE DAVIS </span>CONCRETE QUOTE, 9/28/2023</p><p><br></p><p>28.00 Class B STRAIGHT $180.00</p><p>64.00 Class A STRAIGHT $188.00</p><p>64.00 24HR $205.00</p><p>1.00 MICRO FIBER 1/2LB PER YARD $5.00</p><p>1.00 PUMP PRIME GROUT $300.00</p><p>1.00 ICE PER POUNDS $1.10</p><p>1.00 HYDRATION CONTROL ADMIX $7.00</p><p>1.00 1% CALCIUM CHLORIDE $4.00</p><p>1.00 2% CALCIUM CHLORIDE $8.00</p><p>1.00 1% NONCHLORIDE ACCELERATOR $10.00</p><p>1.00 2% NONCHLORIDE ACCELERATOR $20.00</p><p>1.00 HEATED WATER PER YARD (WHERE AVAILABLE) $6.00</p><p>1.00 MID RANGE PLASTICIZER $4.00</p><p>1.00 HIGH RANGE PLASTICIZER $8.00</p><p>1.00 1% RETARDER PER YARD $3.00</p><p>1.00 2% RETARDER PER YARD $6.00</p>', '2025-02-17', 207),
(547, 'NO CONCRETE QUOTES AVAILABLE', '2025-02-17', 205),
(548, 'NO CONCRETE QUOTES AVAILABLE&nbsp;', '2025-02-17', 206),
(549, 'NO CONCRETE QUOTES&nbsp;', '2025-02-17', 209),
(550, 'NO CONCRETE QUOTES AVAILABLE&nbsp;', '2025-02-17', 208),
(551, 'NO CONCRETE QUOTES AVAILABLE&nbsp;', '2025-02-17', 175),
(552, 'NO CONCRETE QUOTES AVAILABLE', '2025-02-17', 249),
(553, '<p>NO CONCRETE QUOTES AVAILABLE&nbsp;</p><p>USA CONCRETE TICKET RECIPTS.</p>', '2025-02-17', 193),
(554, '<p>NO CONCRETE QUOTES AVAILABLE</p><p>MULTIPLE CONC TIX.</p>', '2025-02-17', 190),
(555, '<p><span style=\"background-color: rgb(255, 255, 0);\">FOWLER FLEMISTER CONCRETE</span>, 7/14/2022</p><p>GDOT Class B Concrete: $160.00 per cubic yard</p><p>GDOT 24 Hr Concrete: $172.00 per cubic yard</p><p>Retarder, 1% (min) to 5% (max): $2.00 (1%) to $10.00 (5%) pcy</p><p>Heated or chilled batch water as required: $8.00 per cubic yard</p><p>Ice, as required: $0.90 per lb</p><p>Fuel Surcharge: See attached policy, currently $25.00 per load</p><p>Environmental fee: None</p><p><br></p>', '2025-02-17', 78),
(556, '<p>NO CONCRETE QUOTES AVAILABLE</p><p>TROUP COUNTY READY MIX CONC TIX AVAILABLE</p>', '2025-02-17', 239),
(557, '<p><span style=\"background-color: rgb(255, 255, 0);\">MOBILE CONCRETE, INC</span>. , 12/20/2024</p><p>Class B Concrete Add $36 per load fuel surcharge (subject to change)</p><p>OT Charges-$750 opening plus $100/hr/truck; Fibermesh (if needed) = $7/yd std (1.5#); $14/yd com (3#)</p><p>Mobile Concrete, Inc. offers a total price of $170.00 per cubic yard of ready mix concrete for the above</p><p>specified job based on a 5 yard minimum.</p>', '2025-02-17', 146),
(558, '<p><span style=\"background-color: rgb(255, 255, 0);\">USA READY MIX,</span> 9/18/2024</p><p>•<span style=\"white-space:pre\">	</span>GDOT Class B…………………………………………………………………………………………$163.00 / Cubic Yard</p><p>•<span style=\"white-space:pre\">	</span>Environmental Fee…………………………………………………………………………………....$20.00 / Load</p><p>•<span style=\"white-space:pre\">	</span>Fuel Fee…………………………………………………………………………………………………$45.00 / Load&nbsp; &nbsp; &nbsp; &nbsp;</p><p>•<span style=\"white-space:pre\">	</span>Order Cancellation Fee – order cancelled within 24 hrs of delivery<span style=\"white-space:pre\">	</span>$2500.00 / each</p><p>•<span style=\"white-space:pre\">	</span>Concrete Disposal Fee – Concrete ordered/not used on site/returned to plant<span style=\"white-space:pre\">	</span>$125.00 / load</p><div><br></div>', '2025-02-17', 143),
(559, 'NO CONCRETE QUOTES AVAILABLE&nbsp;', '2025-02-17', 140),
(560, 'NO CONCRETE QUOTES AVAILABLE&nbsp;', '2025-02-17', 132),
(561, 'NO CONCRETE QUOTES AVAILABLE&nbsp;', '2025-02-17', 119),
(562, '<p><span style=\"background-color: rgb(255, 255, 0);\">THOMAS CONCRETE</span>, 9/18/2023</p><p>GDOT CLASS B FLYASH&nbsp; $180.00</p><p>4001 Treated Water $5.00</p><p>4003LB Ice by lb $1.00</p><p>5002 Retarder (CY) $5.00</p><p>5003 Super P (CY) $7.00</p><p>5004-1 Non-Chloride Accelerator (CY) $12.00</p><p>5009 Commercial Fiber $11.00</p><p>6002 Core Testing Per Set, If Required $750.00</p><p>8100 Environmental Impact Fee (Ld) $10.00</p><p>8500 Fuel Surcharge (Ld) $55.00</p><p>9001 Delivery Fee Under 5 CY (Ld) $300.00</p><p>9007 Sun/Holiday Opening Fee $10,000.00</p><p>9008SAM Saturday Per Yd Charge $12.00</p><p>9009 After Hours Opening Fee $3,500.00</p><p>9014 AWD 6X6 Truck (CY) $5.00</p><p>9023 Returned Concrete Fee $350.00</p><p>9027 Conveyor Belt Truck (CY) $25.50</p><p>9029 Front Discharge Truck (CY) $15.00</p>', '2025-02-17', 122),
(563, 'NO CONCRETE QUOTES AVAILABLE&nbsp;', '2025-02-17', 218),
(564, 'NO CONCRETE QUOTES AVAILABLE&nbsp;', '2025-02-17', 121),
(565, '<p><span style=\"background-color: rgb(255, 255, 0);\">WAYNE DAVIS CONCRETE</span>, 3/14/2023</p><p>4.00 Class B STRAIGHT CEMENT $172.00</p><p>1.00 MICRO FIBER 1/2LB PER YARD $5.00</p><p>1.00 PUMP PRIME GROUT $300.00</p><p>1.00 ICE PER POUNDS $1.10</p><p>1.00 HYDRATION CONTROL ADMIX $7.00</p><p>1.00 1% CALCIUM CHLORIDE $4.00</p><p>1.00 2% CALCIUM CHLORIDE $8.00</p><p>1.00 1% NONCHLORIDE ACCELERATOR $10.00</p><p>1.00 2% NONCHLORIDE ACCELERATOR $20.00</p><p>1.00 HEATED WATER PER YARD (WHERE AVAILABLE) $6.00</p><p>1.00 MID RANGE PLASTICIZER $4.00</p><p>1.00 HIGH RANGE PLASTICIZER $8.00</p><p>1.00 1% RETARDER PER YARD $3.00</p><p>1.00 2% RETARDER PER YARD $6.00</p>', '2025-02-17', 130),
(566, '<p><span style=\"background-color: rgb(255, 255, 0);\">THOMAS CONCRETE,</span> 3/10/2023</p><p>GDOT CLASS B FLYASH B $165.00</p><p><br></p>', '2025-02-17', 130),
(567, 'NO CONCRETE QUOTES AVAILABLE&nbsp;', '2025-02-17', 133),
(568, 'NO CONCRETE QUOTES AVAILABLE&nbsp;', '2025-02-17', 138),
(569, 'NO CONCRETE QUOTES AVAILABLE&nbsp;', '2025-02-17', 220),
(570, 'NO CONCRETE QUOTES AVAILABLE&nbsp;', '2025-02-17', 155),
(571, 'NO CONCRETE QUOTES AVAILABLE&nbsp;', '2025-02-17', 135),
(572, '<p><span style=\"background-color: rgb(255, 255, 0);\">MOBILE CONRETE, INC. </span>7/1/2022</p><p>Class B Concrete Add $36 per load fuel surcharge (subject to change)</p><p>Fibermesh (if needed) = $7/yd standard; $14/yd commerci</p><p>Shortload (less than 5 yard) delivery charge of $125 (unless call-back for larger order)</p><p>This price is good thru 07/31/22. Anticipate additional 3-5% increase for 4th quarters 2022</p>', '2025-02-17', 176),
(573, '<p><span style=\"background-color: rgb(255, 255, 0);\">SMYRNA READY MIX,</span> 5/16/2022</p><p>GDOT CLASS B STRT 154.00 2.00 152.00</p><p><br></p>', '2025-02-17', 176),
(574, 'NO CONCRETE QUOTES AVAILABLE&nbsp;', '2025-02-17', 224),
(575, 'NO CONCRETE QUOTES AVAILABLE&nbsp;', '2025-02-17', 142),
(576, 'NO CONCRETE QUOTES AVAILABLE&nbsp;', '2025-02-17', 137),
(577, 'NO CONCRETE QUOTES AVAILABLE&nbsp;', '2025-02-17', 223),
(578, 'NO CONCRETE QUOTES AVAILABLE&nbsp;', '2025-02-17', 203),
(579, 'NO CONCRETE QUOTES AVAILABLE&nbsp;', '2025-02-17', 222),
(580, 'NO CONCRETE QUOTES AVAILABLE&nbsp;', '2025-02-17', 185),
(581, 'NO CONCRETE QUOTES AVAILABLE&nbsp;', '2025-02-17', 226),
(582, 'NO CONCRETE QUOTES AVAILABLE&nbsp;', '2025-02-17', 212),
(583, '<p>NO CONCRETE QUOTES AVAILABLE</p><p>WDC, BASIC RM CONC TIX</p>', '2025-02-17', 227),
(584, '<p>WALKER CONCRETE, 2/13/2023</p><p>GDOT CLASS B FLY ASH $164.00/CYD</p><p>Environmental Surcharge $20.00/Load</p><p>Extended Weekday Hours (68) (4 AM - 6AM) $2,000.00/Each</p><p>Fuel Surcharge $24.00/Load</p>', '2025-02-17', 134),
(585, 'NO CONCRETE QUOTES AVAILABLE&nbsp;', '2025-02-17', 139),
(586, '<p><span style=\"background-color: rgb(255, 255, 0);\"><span style=\"color: rgb(0, 0, 0); font-family: Poppins; font-size: 13px; font-style: normal; font-variant-ligatures: normal; font-variant-caps: normal; font-weight: 300; letter-spacing: normal; orphans: 2; text-align: left; text-indent: 0px; text-transform: none; widows: 2; word-spacing: 0px; -webkit-text-stroke-width: 0px; white-space: normal; text-decoration-thickness: initial; text-decoration-style: initial; text-decoration-color: initial; float: none; display: inline !important;\">SMYRNA READY</span> MIX,</span> 11/8/2024</p><p>GDOT CLASS B STRT---$177 CY-- DISCOUNT $2 -- NET $175</p><p>GDOT CLASS B CURB STRT --- $177 CY-- DISCOUNT $2 -- NET $175</p><p>GDOT 24 HOUR ---$225 CY --DISCOUNT $$2 -- $223</p><p>ENVIROMENTAL/FUEL SURCHARGE --- $40 -- $0 -- $40 PER TRUCK&nbsp;</p>', '2025-02-17', 230),
(587, 'NO CONCRETE QUOTES AVAILABLE&nbsp;', '2025-02-17', 148),
(589, '<p>NO CONCRETE QUOTES AVAILABLE</p><p>ALL STAR, THOMSON CONC TIX AVAILABLE&nbsp;</p>', '2025-02-17', 204),
(590, '<p>NO CONCRETE QUOTES AVAILABLE</p><p><br></p>', '2025-02-17', 219),
(591, 'NO CONCRETE QUOTES AVAILABLE&nbsp;', '2025-02-17', 126),
(592, '<p>NO CONCRETE QUOTES AVAILABLE&nbsp;</p><p>THOMAS CON TIX AVAILABLE&nbsp;</p><p><br></p>', '2025-02-17', 166),
(593, '<p><span style=\"background-color: rgb(255, 255, 0);\">ARGOS READY MIX</span>, 12/9/2021</p><p>DOT B--$139</p><p>DOT A --$146</p><p>DOT 24 HR--$155</p><p>CLASS 3 -- $143</p>', '2025-02-17', 100),
(595, '<p><span style=\"background-color: rgb(255, 255, 0);\">USA READY MIX</span>, 12/10/2024</p><p>GDOT Class B…………………………………………………………………………………………$157.00 / Cubic Yard</p><p> Environmental Fee…………………………………………………………………………………....$15.00 / Load</p><p> Fuel Fee…………………………………………………………………………………………………$35.00 / Load</p><p>Order Cancellation Fee – order cancelled within 24 hrs of delivery ............................. $2500.00 / each</p><p>Concrete Disposal Fee – Concrete ordered/not used on site/returned to plant ............ $125.00 / load</p>', '2025-02-17', 231),
(596, 'NO CONCRETE QUOTES AVAILABLE&nbsp;', '2025-02-17', 179),
(597, '<p>NO CONCRETE QUOTES AVAILABLE</p><p><span style=\"background-color: rgb(255, 255, 0);\">USA RDY MIX</span>&nbsp; CONC TIX AVAILABLE&nbsp;</p>', '2025-02-17', 9),
(598, 'Change location, old value: HIDDEN ACRES DRIVE', '2025-02-17', 9),
(599, 'Change contract amount, old value: ', '2025-02-17', 9),
(600, 'Change proposal id #, old value: ', '2025-02-17', 9),
(601, 'Change project id #, old value: ', '2025-02-17', 9),
(602, 'Change owner, old value: ', '2025-02-17', 9),
(603, 'Change Subcontract NO, old value: ', '2025-02-17', 9),
(604, 'Change contract amount, old value: 3059248.87', '2025-02-17', 21),
(605, 'NO CONCRETE QUOTES AVAILABLE&nbsp;', '2025-02-17', 116),
(606, 'NO CONCRETE QUOTES AVAILABLE&nbsp;', '2025-02-17', 125),
(607, 'NO CONCRETE QUOTES AVAILABLE&nbsp;', '2025-02-17', 173),
(608, 'NO CONCRETE QUOTES AVAILABLE&nbsp;', '2025-02-17', 221),
(609, 'Change contract amount, old value: 0', '2025-02-17', 274),
(610, 'Change contract amount, old value: 0', '2025-02-17', 275),
(611, 'Change contract amount, old value: 0', '2025-02-17', 276),
(612, 'Change contract amount, old value: 0', '2025-02-17', 277),
(613, 'Change contract amount, old value: 0', '2025-02-17', 278),
(614, '<p>NO CONCRETE QUOTES AVAILABLE&nbsp;</p><p>USA READY MIX CONC TIX AVAILABLE&nbsp;</p>', '2025-02-17', 198),
(615, '<p>NO CONCRETE QUOTES AVAILABLE&nbsp;</p><p>USA RDY MIX CONC TIX AVAILABLE</p><p><br></p>', '2025-02-17', 167),
(616, '<p>NO CONCRETE QUOTES AVAILABLE</p><p>USA CONC TIX AVAILABLE&nbsp;</p><p><br></p>', '2025-02-17', 177),
(617, '<p><span style=\"background-color: rgb(255, 255, 0);\">HEIDELBERG MATERIALS</span>,12/9/2024</p><p>GDOT Class B $169.75 CY</p><p>ENVIRONMENTAL FEE $10.00 Per Load</p><p>FUEL FEE $35.00 Per Load</p><p>Annual Escalator beginning 6/1/2025 $10.00 CY</p>', '2025-02-17', 144),
(618, 'NO CONCRETE QUOTES AVAILABLE', '2025-02-17', 217),
(619, 'Change contract amount, old value: 0', '2025-02-17', 279),
(620, 'Change contract amount, old value: 0', '2025-02-17', 280),
(621, 'NO CONCRETE QUOTES AVAILABLE&nbsp;', '2025-02-17', 147),
(622, '<p>NO CONCRETE QUOTES AVAILABLE</p><p>SRM CONC TIX AVAILABLE</p>', '2025-02-17', 215),
(623, '<p>NO CONCRETE QUOTES AVAILABLE</p><p>USA/THOMAS CONC TIX AVAILABLE</p>', '2025-02-17', 181),
(624, 'NO CONCRETE QUOTES AVAILABLE&nbsp;', '2025-02-17', 241),
(625, 'Change contract amount, old value: 0', '2025-02-18', 281),
(626, 'Change status, old value: In Progress', '2025-02-18', 280),
(627, 'Change start date, old value: ', '2025-02-18', 280),
(628, '<p><span style=\"background-color: rgb(255, 255, 0);\">ARGOS</span>, 10/16/2024</p><p>GDOT CLASS B MIX -- $187 CY</p><p>GDOT CLASS 3 PAVING MIX -- $195 CY</p><p>GDOT FLOW FILL MIX--$130 CY</p><p>GDOT RED COLOR MIX--$108</p><p><br></p>', '2025-02-19', 210),
(629, '<p><span style=\"background-color: rgb(255, 255, 0);\">THOMAS CONCRETE</span>, 5/18/2022</p><p>GDOT CLASS B FLYASH B $155.00</p><p>DOT CLASS 3 PAVING FA Class 3 Paving $165.00</p>', '2025-02-19', 257),
(630, '<p><span style=\"background-color: rgb(255, 255, 0);\">WALKER CONCRETE,</span> 5/19/2022</p><p>GDOT CLASS 3 PAVEMENT FLY ASH $155.75/CYD</p><p>GDOT CLASS B FLY ASH $150.55/CYD</p><p>Change any Fly Ash mix to Straight Cement $6.00/CYD</p><p>Environmental Surcharge $20.00/Load</p><p>Fuel Surcharge $24.00/Load</p>', '2025-02-19', 257),
(631, 'NO CONCRRETE QUOTES AVAILBLE&nbsp;', '2025-02-19', 248),
(632, 'NO CONCRETE QUOTES AVAILABLE&nbsp;', '2025-02-19', 216),
(633, 'NO CONCRETE QUOTES AVAILABLE', '2025-02-19', 214),
(634, 'NO CONCRETE QUOTES AVAILABLE', '2025-02-19', 245),
(635, 'Change contract amount, old value: 0', '2025-02-19', 282),
(636, 'Change contract amount, old value: 0', '2025-02-20', 254),
(637, 'Change due date, old value: 02/28/2025', '2025-02-20', 254),
(638, 'Change start date, old value: 08/17/2021', '2025-02-20', 55),
(639, 'Change contract amount, old value: 1030026.37', '2025-02-25', 39),
(640, 'Deleted all items to start over. Entering them back in then will do change orders. Trying to find missing change order from before3-23-2023', '2025-02-25', 39),
(641, 'THERE IS A CHANGE ORDER BID ON FILE BUT NO CONTRACT FOR IT', '2025-02-25', 283),
(642, 'Change contract amount, old value: 0', '2025-02-25', 283),
(643, 'Change contract amount, old value: 0', '2025-02-25', 284),
(644, 'Change contract amount, old value: 0', '2025-02-26', 286),
(645, 'Change contract amount, old value: 0', '2025-02-27', 287),
(646, 'Change contract amount, old value: 0', '2025-02-27', 288),
(647, 'Change status, old value: Not Started', '2025-02-28', 230),
(648, 'Change status, old value: Not Started', '2025-02-28', 146),
(649, 'Change contract amount, old value: 0', '2025-02-28', 289),
(650, 'Change status, old value: In Progress', '2025-02-28', 289),
(651, 'Change contract amount, old value: 0', '2025-02-28', 290),
(652, 'Change contract amount, old value: 0', '2025-02-28', 291),
(653, 'Change status, old value: In Progress', '2025-02-28', 292),
(654, 'Change contract amount, old value: 0', '2025-02-28', 292),
(655, 'Change contract amount, old value: 0', '2025-02-28', 293),
(656, 'Change contract amount, old value: 0', '2025-02-28', 294),
(657, 'Change contract amount, old value: 140408', '2025-02-28', 141),
(658, 'SUPPLEMENTAL AGREEMENT CONC SLOPE PAV 4 IN 724 x $74. ADDED 2-14-2025', '2025-02-28', 141),
(659, 'Change status, old value: Not Started', '2025-02-28', 238),
(660, 'Change status, old value: Not Started', '2025-02-28', 253),
(661, 'Change status, old value: Not Started', '2025-02-28', 294),
(662, 'Change contract amount, old value: 0', '2025-02-28', 295),
(663, 'Change contract amount, old value: 0', '2025-02-28', 296),
(664, 'Change contract amount, old value: 0', '2025-02-28', 297),
(665, 'Change contract amount, old value: 0', '2025-02-28', 298),
(666, 'Change contract amount, old value: 0', '2025-03-03', 299),
(667, 'Change project number, old value: ERS05026', '2025-03-03', 300),
(668, 'Change contract amount, old value: 0', '2025-03-03', 300),
(669, 'Change contract amount, old value: 0', '2025-03-03', 301),
(670, 'Change name, old value: ', '2025-04-16', 256),
(671, 'Change name, old value: ', '2025-04-16', 161),
(672, 'Change name, old value: ', '2025-04-19', 257),
(673, 'Change name, old value: ', '2025-06-06', 259),
(674, 'Change status, old value: In Progress', '2025-06-06', 259),
(675, 'Change contract amount, old value: 1435095.12', '2025-06-06', 259),
(676, 'Change name, old value: ', '2025-08-02', 260),
(678, 'Add new item: 8 IN PORTLAND CEMENT CONCRETE COLOR STAMPED', '2025-08-16', 6),
(679, 'Change name, old value: ', '2025-08-16', 6),
(680, 'Change contract amount, old value: 1371500', '2025-08-16', 6),
(681, 'Change Price Item: 8 IN PORTLAND CEMENT CONCRETE COLOR STAMPED, Price old: 1000, Price new: 100', '2025-08-16', 6),
(682, 'Change Quantity Item: 8 IN PORTLAND CEMENT CONCRETE COLOR STAMPED, Quantity old: 100, Quantity new: 10', '2025-08-16', 6),
(683, 'Change Price Item: 8 IN PORTLAND CEMENT CONCRETE COLOR STAMPED, Price old: 100, Price new: 1000', '2025-08-16', 6),
(684, 'Change Quantity Item: 8 IN PORTLAND CEMENT CONCRETE COLOR STAMPED, Quantity old: 10, Quantity new: 100', '2025-08-16', 6),
(685, 'Change Price Item: 8 IN PORTLAND CEMENT CONCRETE COLOR STAMPED, Previous Price: 1000, New Price: 100', '2025-08-16', 6),
(686, 'Change Quantity Item: 8 IN PORTLAND CEMENT CONCRETE COLOR STAMPED, Previous Quantity: 100, New Quantity: 1000', '2025-08-16', 6),
(687, 'Add New Item: 8 IN PORTLAND CEMENT CONCRETE COLOR STAMPED', '2025-08-16', 6),
(688, 'Add New Item: CLASS B CONCRETE RETAINING WALL', '2025-08-16', 6),
(689, 'Change contract amount, old value: 1471500', '2025-08-16', 6),
(690, 'Change Price Item: CLASS B CONCRETE RETAINING WALL, Percent: 2%, Previous Price: 650.00, New Price: 663.00', '2025-08-16', 6),
(691, 'Change Price Item: 8 IN PORTLAND CEMENT CONCRETE COLOR STAMPED, Percent: 2%, Previous Price: 100.00, New Price: 102.00', '2025-08-16', 6),
(692, 'Change Price Item: 8 IN PORTLAND CEMENT CONCRETE COLOR STAMPED, Percent: 2%, Previous Price: 150.00, New Price: 153.00', '2025-08-16', 6),
(693, 'Change Price Item: CLASS B CONCRETE RETAINING WALL, Percent: 2%, Previous Price: 200.00, New Price: 204.00', '2025-08-16', 6),
(694, 'Change name, old value: ', '2025-08-19', 262),
(695, 'Add New Item: CONC SIDEWALK, 6 IN', '2025-08-19', 262),
(696, 'Change contract amount, old value: 23160', '2025-08-19', 262),
(697, 'Change name, old value: ', '2025-08-21', 7),
(698, 'Change name, old value: ', '2025-08-22', 263),
(699, 'Change name, old value: ', '2025-08-22', 264),
(700, 'Change name, old value: ', '2025-08-31', 103),
(701, 'Change name, old value: ', '2025-09-06', 8),
(702, 'Change location, old value: WOODLANDS TRINITY', '2025-09-06', 8),
(703, 'Change contract amount, old value: ', '2025-09-06', 8),
(704, 'Change project id #, old value: ', '2025-09-06', 8),
(705, 'Change Subcontract NO, old value: ', '2025-09-06', 8),
(706, 'Change name, old value: ', '2025-09-06', 9),
(707, 'Change location, old value: ', '2025-09-06', 9),
(708, 'Change name, old value: ', '2025-09-06', 265),
(709, 'Change location, old value: ', '2025-09-06', 265),
(710, 'Change status, old value: Not Started', '2025-09-06', 9),
(711, 'Add New Item: ', '2025-09-06', 10),
(712, 'Add New Item: 6 IN HEADER CURB', '2025-09-06', 10),
(713, 'Change Price Item: CONC V GUTTER, Previous Price: 28, New Price: 280', '2025-09-06', 10),
(714, 'Change Quantity Item: CONC V GUTTER, Previous Quantity: 0, New Quantity: 10', '2025-09-06', 10),
(715, 'Add New Item: 6 IN HEADER CURB', '2025-09-06', 10),
(716, 'Change name, old value: ', '2025-09-06', 10),
(717, 'Change location, old value: BIBB', '2025-09-06', 10),
(718, 'Change contract amount, old value: ', '2025-09-06', 10),
(719, 'Change project id #, old value: ', '2025-09-06', 10),
(720, '<p>dffd</p>', '2025-09-06', 266),
(724, 'Change location, old value: ', '2025-09-13', 46),
(725, 'Change start date, old value: ', '2025-09-13', 46),
(726, 'Change due date, old value: ', '2025-09-13', 46),
(727, 'Change concrete vendor, old value: ', '2025-09-14', 46),
(728, 'Change concrete quote price, old value: ', '2025-09-14', 46),
(729, 'Change concrete time periodo every n, old value: ', '2025-09-14', 46),
(730, 'Change concrete time periodo unit, old value: ', '2025-09-14', 46),
(731, 'Change concrete time periodo every n, old value: 1', '2025-09-14', 46),
(732, 'Change concrete quote price escalator, old value: ', '2025-09-14', 46),
(733, 'Change concrete vendor, old value: ARGOS', '2025-09-14', 46),
(734, 'Change owner, old value: GDOT', '2025-09-17', 46),
(735, 'Change description, old value: VILLA RICA BYPASS', '2025-09-17', 46),
(736, 'Change description, old value: RT5', '2025-09-17', 46),
(737, 'Change description, old value: Test', '2025-09-17', 302),
(738, 'Add New Item: 8 IN PORTLAND CEMENT CONCRETE COLOR STAMPED', '2025-09-19', 69),
(739, 'Add New Item: ADJUST DROP INLET TO GRADE', '2025-09-19', 69),
(740, 'Add New Item: test', '2025-09-19', 69),
(741, 'Add New Item: test h', '2025-09-19', 69),
(742, 'Add New Item: Test 2 upd 33', '2025-11-06', 302),
(743, 'Change contract amount, old value: 0', '2025-11-15', 302),
(744, 'Change due date, old value: ', '2025-11-15', 302),
(745, 'Change location, old value: ', '2025-11-15', 256),
(746, 'Change due date, old value: ', '2025-11-15', 256),
(747, 'Change concrete quote price, old value: ', '2025-11-15', 256),
(748, 'Change concrete quote price escalator, old value: ', '2025-11-15', 256),
(749, 'Change concrete time periodo every n, old value: ', '2025-11-15', 256),
(750, 'Change location, old value: ', '2025-11-15', 170),
(751, 'Change due date, old value: ', '2025-11-15', 170),
(752, 'Change concrete quote price, old value: ', '2025-11-15', 170),
(753, 'Change concrete quote price escalator, old value: ', '2025-11-15', 170),
(754, 'Change concrete time periodo every n, old value: ', '2025-11-15', 170),
(755, 'Change due date, old value: 11/18/2025', '2025-11-15', 170),
(756, 'Change location, old value: ', '2025-11-19', 254),
(757, 'Change concrete quote price, old value: ', '2025-11-19', 254),
(758, 'Change concrete quote price escalator, old value: ', '2025-11-19', 254),
(759, 'Change concrete time periodo every n, old value: ', '2025-11-19', 254),
(760, 'Yes', '2025-11-19', 254),
(761, 'Change retainage percentage, old value: ', '2025-11-19', 254),
(762, 'Change retainage adjustment percentage, old value: ', '2025-11-19', 254),
(763, 'Change retainage adjustment completion, old value: ', '2025-11-19', 254),
(764, 'Add New Item: Test Q', '2025-11-29', 302),
(765, 'Change contract amount, old value: 1', '2025-11-29', 302),
(766, 'Yes', '2025-11-29', 302),
(767, 'Change retainage percentage, old value: ', '2025-11-29', 302),
(768, 'Change retainage adjustment percentage, old value: ', '2025-11-29', 302),
(769, 'Change retainage adjustment completion, old value: ', '2025-11-29', 302),
(770, 'Change Price Item: C&G 6 X 24 IN, Previous Price: 15, New Price: 10', '2025-11-29', 254),
(771, 'Change Quantity Item: C&G 6 X 24 IN, Previous Quantity: 15, New Quantity: 10', '2025-11-29', 254),
(772, 'Change Quantity Item: C&G 8X30 IN, TP2 Machine, Previous Quantity: 0, New Quantity: 10', '2025-11-29', 254),
(773, 'Change Quantity Item: C&G 8X30 IN, TP2 Machine, Previous Quantity: 10, New Quantity: 15', '2025-11-30', 254),
(774, 'Change contract amount, old value: 442418', '2025-12-02', 254),
(775, 'Change due date, old value: 02/20/2025', '2025-12-02', 254),
(776, 'Change Quantity Item: C&G 8X30 IN, TP2 Machine, Previous Quantity: 15, New Quantity: 5', '2025-12-06', 254),
(777, 'Change Quantity Item: C&G 8X30 IN, TP2 Machine, Previous Quantity: 5, New Quantity: 10', '2025-12-06', 254),
(778, 'Change contract amount, old value: 442518', '2025-12-06', 254),
(779, 'Change Price Item: 12 IN HEADER CURB, Percent: 5%, Previous Price: 18.00, New Price: 18.90', '2025-12-06', 254),
(780, 'Change Price Item: 12 IN HEADER CURB, Percent: 5%, Previous Price: 35.00, New Price: 36.75', '2025-12-06', 254),
(781, 'Change Price Item: C&G 6 X 24 IN, Percent: 5%, Previous Price: 10.00, New Price: 10.50', '2025-12-06', 254),
(782, 'Change Price Item: 12 IN HEADER CURB, Percent: 5%, Previous Price: 18.90, New Price: 19.85', '2025-12-06', 254),
(783, 'Change Price Item: 12 IN HEADER CURB, Percent: 5%, Previous Price: 36.75, New Price: 38.59', '2025-12-06', 254),
(784, 'Change Price Item: C&G 6 X 24 IN, Percent: 5%, Previous Price: 10.50, New Price: 11.03', '2025-12-06', 254),
(785, 'Change Price Item: C&G 6 X 24 IN, Previous Price: 11.03, New Price: 10', '2025-12-06', 254),
(786, 'Change contract amount, old value: 442443', '2025-12-06', 254);

-- --------------------------------------------------------

--
-- Estructura de tabla para la tabla `project_price_adjustment`
--

CREATE TABLE `project_price_adjustment` (
  `id` int(11) NOT NULL,
  `day` date DEFAULT NULL,
  `percent` decimal(8,2) DEFAULT NULL,
  `items_id` text,
  `project_id` int(11) DEFAULT NULL
) ENGINE=InnoDB DEFAULT CHARSET=utf8mb4;

--
-- Volcado de datos para la tabla `project_price_adjustment`
--

INSERT INTO `project_price_adjustment` (`id`, `day`, `percent`, `items_id`, `project_id`) VALUES
(1, '2025-08-16', 2.00, NULL, 6),
(2, '2025-12-06', 5.00, '211,223', 254);

-- --------------------------------------------------------

--
-- Estructura de tabla para la tabla `project_stage`
--

CREATE TABLE `project_stage` (
  `stage_id` int(11) NOT NULL,
  `description` varchar(255) DEFAULT NULL,
  `color` varchar(50) DEFAULT NULL,
  `status` tinyint(1) DEFAULT NULL
) ENGINE=InnoDB DEFAULT CHARSET=utf8mb4;

--
-- Volcado de datos para la tabla `project_stage`
--

INSERT INTO `project_stage` (`stage_id`, `description`, `color`, `status`) VALUES
(1, 'Undecided', '#ADB5CA', 1),
(2, 'Accepted', '#34BFA3', 1),
(3, 'Material Quotes', '#9816F4', 1),
(4, 'Estimating', '#0EEB2B', 1),
(5, 'Curtis Review', '#FFB822', 1);

-- --------------------------------------------------------

--
-- Estructura de tabla para la tabla `project_type`
--

CREATE TABLE `project_type` (
  `type_id` int(11) NOT NULL,
  `description` varchar(255) DEFAULT NULL,
  `status` tinyint(1) DEFAULT NULL
) ENGINE=InnoDB DEFAULT CHARSET=utf8mb4;

--
-- Volcado de datos para la tabla `project_type`
--

INSERT INTO `project_type` (`type_id`, `description`, `status`) VALUES
(1, 'Quick Response', 1),
(2, 'Traffic Signal', 1),
(3, 'Turnkey', 1),
(4, 'Roundabout', 1),
(5, 'Bridge & Approaches', 1);

-- --------------------------------------------------------

--
-- Estructura de tabla para la tabla `proposal_type`
--

CREATE TABLE `proposal_type` (
  `type_id` int(11) NOT NULL,
  `description` varchar(255) DEFAULT NULL,
  `status` tinyint(1) DEFAULT NULL
) ENGINE=InnoDB DEFAULT CHARSET=utf8mb4;

--
-- Volcado de datos para la tabla `proposal_type`
--

INSERT INTO `proposal_type` (`type_id`, `description`, `status`) VALUES
(1, 'Bid', 1),
(2, 'Letting', 1),
(3, 'Add-On', 1),
(4, 'Re-Bid', 1),
(5, 'Prime', 1),
(6, 'Quick Response', 1);

-- --------------------------------------------------------

--
-- Estructura de tabla para la tabla `race`
--

CREATE TABLE `race` (
  `race_id` int(11) NOT NULL,
  `code` varchar(50) DEFAULT NULL,
  `description` varchar(255) DEFAULT NULL,
  `classification` varchar(255) DEFAULT NULL
) ENGINE=InnoDB DEFAULT CHARSET=utf8mb4;

--
-- Volcado de datos para la tabla `race`
--

INSERT INTO `race` (`race_id`, `code`, `description`, `classification`) VALUES
(1, 'As-Ind', 'Asian-Indian', 'Asian or Pacific Islander'),
(2, 'As-Pac', 'Asian-Pacific', 'Asian or Pacific Islander'),
(3, 'Blk', 'Black', 'Black (not of Hispanic origin)'),
(4, 'White', 'White', 'Not a minority'),
(5, 'His', 'Hispanic', 'Hispanic'),
(6, 'Na/Am', 'Native American', 'American Indian or Native American'),
(7, 'Oth', 'Other', 'Not a minority');

-- --------------------------------------------------------

--
-- Estructura de tabla para la tabla `reminder`
--

CREATE TABLE `reminder` (
  `reminder_id` int(11) NOT NULL,
  `subject` varchar(255) DEFAULT NULL,
  `body` text,
  `day` date DEFAULT NULL,
  `status` tinyint(1) DEFAULT NULL
) ENGINE=InnoDB DEFAULT CHARSET=utf8mb4;

--
-- Volcado de datos para la tabla `reminder`
--

INSERT INTO `reminder` (`reminder_id`, `subject`, `body`, `day`, `status`) VALUES
(2, 'Test', '<p>test</p>', '2025-09-03', 1);

-- --------------------------------------------------------

--
-- Estructura de tabla para la tabla `reminder_recipient`
--

CREATE TABLE `reminder_recipient` (
  `id` int(11) NOT NULL,
  `reminder_id` int(11) DEFAULT NULL,
  `user_id` int(11) DEFAULT NULL
) ENGINE=InnoDB DEFAULT CHARSET=utf8mb4;

--
-- Volcado de datos para la tabla `reminder_recipient`
--

INSERT INTO `reminder_recipient` (`id`, `reminder_id`, `user_id`) VALUES
(6, 2, 2);

-- --------------------------------------------------------

--
-- Estructura de tabla para la tabla `rol`
--

CREATE TABLE `rol` (
  `rol_id` int(11) NOT NULL,
  `name` varchar(255) NOT NULL
) ENGINE=InnoDB DEFAULT CHARSET=utf8mb4;

--
-- Volcado de datos para la tabla `rol`
--

INSERT INTO `rol` (`rol_id`, `name`) VALUES
(1, 'Administrator'),
(2, 'User'),
(3, 'Data Tracking'),
(4, 'Accounting'),
(5, 'Contracts'),
(6, 'View Only');

-- --------------------------------------------------------

--
-- Estructura de tabla para la tabla `rol_permission`
--

CREATE TABLE `rol_permission` (
  `id` int(11) NOT NULL,
  `view_permission` tinyint(1) DEFAULT NULL,
  `add_permission` tinyint(1) DEFAULT NULL,
  `edit_permission` tinyint(1) DEFAULT NULL,
  `delete_permission` tinyint(1) DEFAULT NULL,
  `rol_id` int(11) DEFAULT NULL,
  `function_id` int(11) DEFAULT NULL
) ENGINE=InnoDB DEFAULT CHARSET=utf8mb4;

--
-- Volcado de datos para la tabla `rol_permission`
--

INSERT INTO `rol_permission` (`id`, `view_permission`, `add_permission`, `edit_permission`, `delete_permission`, `rol_id`, `function_id`) VALUES
(55, 1, 1, 1, 1, 1, 1),
(56, 1, 1, 1, 1, 1, 2),
(57, 1, 1, 1, 1, 1, 3),
(58, 1, 1, 1, 1, 1, 4),
(59, 1, 1, 1, 1, 1, 5),
(60, 1, 1, 1, 1, 1, 6),
(61, 1, 1, 1, 1, 1, 7),
(62, 1, 1, 1, 1, 1, 8),
(63, 1, 1, 1, 1, 1, 9),
(64, 1, 1, 1, 1, 1, 10),
(65, 1, 1, 1, 1, 1, 11),
(66, 1, 1, 1, 1, 1, 12),
(67, 1, 1, 1, 1, 1, 13),
(68, 1, 1, 1, 1, 1, 14),
(69, 1, 1, 1, 1, 1, 15),
(70, 1, 1, 1, 1, 1, 16),
(85, 1, 1, 1, 1, 5, 1),
(86, 1, 0, 0, 0, 5, 3),
(87, 1, 0, 0, 0, 5, 4),
(88, 1, 1, 1, 1, 5, 5),
(89, 1, 1, 1, 1, 5, 6),
(90, 1, 1, 1, 1, 5, 7),
(91, 1, 1, 1, 1, 5, 8),
(92, 1, 1, 1, 1, 5, 9),
(93, 1, 0, 0, 0, 5, 10),
(94, 1, 0, 0, 0, 5, 11),
(95, 1, 1, 1, 1, 5, 12),
(96, 1, 1, 1, 1, 5, 13),
(97, 1, 0, 0, 0, 5, 14),
(98, 1, 0, 0, 0, 5, 15),
(99, 1, 0, 0, 0, 5, 16),
(100, 1, 1, 1, 1, 2, 1),
(101, 1, 0, 0, 0, 2, 3),
(102, 1, 0, 0, 0, 2, 4),
(103, 1, 0, 0, 0, 2, 5),
(104, 1, 0, 0, 0, 2, 6),
(105, 1, 0, 0, 0, 2, 7),
(106, 1, 0, 0, 0, 2, 8),
(107, 1, 0, 0, 0, 2, 9),
(108, 1, 0, 0, 0, 2, 10),
(109, 1, 0, 0, 0, 2, 11),
(110, 1, 1, 1, 1, 2, 12),
(111, 1, 0, 0, 0, 2, 13),
(112, 1, 0, 0, 0, 2, 15),
(129, 1, 1, 1, 1, 3, 1),
(130, 1, 0, 0, 0, 3, 3),
(131, 1, 0, 0, 0, 3, 4),
(132, 0, 1, 0, 0, 3, 6),
(133, 1, 1, 0, 0, 3, 7),
(134, 1, 0, 0, 0, 3, 8),
(135, 1, 0, 0, 0, 3, 9),
(136, 1, 1, 1, 1, 3, 10),
(137, 1, 1, 1, 1, 3, 11),
(138, 1, 1, 1, 1, 3, 12),
(139, 0, 1, 0, 0, 3, 13),
(140, 1, 1, 0, 0, 3, 15),
(141, 1, 0, 0, 0, 3, 16),
(156, 1, 1, 1, 1, 1, 17),
(157, 1, 1, 1, 1, 1, 18),
(158, 1, 1, 1, 1, 1, 19),
(159, 1, 1, 1, 1, 1, 20),
(160, 1, 1, 1, 1, 4, 1),
(161, 1, 0, 0, 0, 4, 2),
(162, 1, 0, 0, 0, 4, 3),
(163, 1, 0, 0, 0, 4, 4),
(164, 1, 0, 0, 0, 4, 7),
(165, 1, 0, 0, 0, 4, 8),
(166, 1, 0, 0, 0, 4, 9),
(167, 1, 0, 0, 0, 4, 10),
(168, 1, 1, 1, 1, 4, 11),
(169, 1, 1, 1, 1, 4, 12),
(170, 1, 0, 0, 0, 4, 13),
(171, 1, 1, 1, 1, 4, 14),
(172, 1, 1, 1, 1, 4, 15),
(173, 1, 1, 1, 1, 4, 16),
(174, 1, 1, 1, 1, 1, 21),
(175, 1, 1, 1, 1, 1, 22),
(176, 1, 1, 1, 1, 1, 23),
(177, 1, 1, 1, 1, 1, 24),
(178, 1, 1, 1, 1, 1, 25),
(179, 1, 1, 1, 1, 1, 26),
(180, 1, 1, 1, 1, 1, 27),
(181, 1, 1, 1, 1, 1, 28),
(182, 1, 1, 1, 1, 1, 29),
(183, 1, 1, 1, 1, 1, 30),
(184, 1, 1, 1, 1, 1, 31),
(185, 1, 1, 1, 1, 1, 32),
(189, 1, 0, 0, 0, 6, 1),
(190, 1, 0, 0, 0, 6, 2),
(191, 1, 0, 0, 0, 6, 3),
(192, 1, 0, 0, 0, 6, 4),
(193, 1, 0, 0, 0, 6, 5),
(194, 1, 0, 0, 0, 6, 6),
(195, 1, 0, 0, 0, 6, 7),
(196, 1, 0, 0, 0, 6, 8),
(197, 1, 0, 0, 0, 6, 9),
(198, 1, 0, 0, 0, 6, 10),
(199, 1, 0, 0, 0, 6, 11),
(200, 1, 0, 0, 0, 6, 12),
(201, 1, 0, 0, 0, 6, 13),
(202, 1, 0, 0, 0, 6, 14),
(203, 1, 0, 0, 0, 6, 15),
(204, 1, 0, 0, 0, 6, 16),
(205, 1, 0, 0, 0, 6, 17),
(206, 1, 0, 0, 0, 6, 18),
(207, 1, 0, 0, 0, 6, 19),
(208, 1, 0, 0, 0, 6, 20),
(209, 1, 0, 0, 0, 6, 21),
(210, 1, 0, 0, 0, 6, 22),
(211, 1, 0, 0, 0, 6, 23),
(212, 1, 0, 0, 0, 6, 24),
(213, 1, 0, 0, 0, 6, 25),
(214, 1, 0, 0, 0, 6, 26),
(215, 1, 0, 0, 0, 6, 27),
(216, 1, 0, 0, 0, 6, 28),
(217, 1, 0, 0, 0, 6, 29),
(218, 1, 0, 0, 0, 6, 30),
(219, 1, 0, 0, 0, 6, 31),
(220, 1, 0, 0, 0, 6, 32),
(221, 1, 1, 1, 1, 1, 33),
(222, 1, 1, 1, 1, 1, 34),
(223, 1, 1, 1, 1, 1, 35),
(224, 1, 1, 1, 1, 1, 36);

-- --------------------------------------------------------

--
-- Estructura de tabla para la tabla `schedule`
--

CREATE TABLE `schedule` (
  `schedule_id` int(11) NOT NULL,
  `description` varchar(255) DEFAULT NULL,
  `location` varchar(255) DEFAULT NULL,
  `latitud` varchar(50) DEFAULT NULL,
  `longitud` varchar(50) DEFAULT NULL,
  `day` date DEFAULT NULL,
  `hour` varchar(50) DEFAULT NULL,
  `quantity` decimal(18,6) DEFAULT NULL,
  `notes` text,
  `highpriority` tinyint(1) DEFAULT NULL,
  `project_id` int(11) DEFAULT NULL,
  `project_contact_id` int(11) DEFAULT NULL,
  `vendor_id` int(11) DEFAULT NULL,
  `employee_id` int(11) DEFAULT NULL
) ENGINE=InnoDB DEFAULT CHARSET=utf8mb4;

--
-- Volcado de datos para la tabla `schedule`
--

INSERT INTO `schedule` (`schedule_id`, `description`, `location`, `latitud`, `longitud`, `day`, `hour`, `quantity`, `notes`, `highpriority`, `project_id`, `project_contact_id`, `vendor_id`, `employee_id`) VALUES
(49, 'Prueba', 'Canal Street, Nueva York, EE. UU.', '40.7194023', '-74.00188969999999', '2025-05-11', NULL, 10.000000, 'test', NULL, 256, NULL, 3, NULL),
(50, 'Prueba', 'Canal Street, Nueva York, EE. UU.', '40.7194023', '-74.00188969999999', '2025-05-12', NULL, 10.000000, 'test', NULL, 256, NULL, 3, NULL),
(51, 'Prueba', 'Canal Street, Nueva York, EE. UU.', '40.7194023', '-74.00188969999999', '2025-05-13', NULL, 10.000000, 'test', NULL, 256, NULL, 3, NULL),
(52, 'Prueba', 'Canal Street, Nueva York, EE. UU.', '40.7194023', '-74.00188969999999', '2025-05-14', NULL, 10.000000, 'test', NULL, 256, NULL, 3, NULL),
(53, 'Prueba', 'Canal Street, Nueva York, EE. UU.', '40.7194023', '-74.00188969999999', '2025-05-15', NULL, 10.000000, 'test', NULL, 256, NULL, 3, NULL),
(54, 'Prueba', 'Canal Street, Nueva York, EE. UU.', '40.7194023', '-74.00188969999999', '2025-05-16', NULL, 10.000000, 'test', NULL, 256, NULL, 3, NULL),
(55, 'Prueba', 'Canal Street, Nueva York, EE. UU.', '40.7194023', '-74.00188969999999', '2025-05-17', NULL, 10.000000, 'test', NULL, 256, NULL, 3, NULL),
(56, 'test', 'Cabana Bay, Orlando, Florida, EE. UU.', '28.4657683', '-81.47290339999999', '2025-05-11', '10:30', 10.000000, 'test', 1, 257, NULL, 20, NULL),
(57, 'test', 'Cabana Bay, Orlando, Florida, EE. UU.', '28.4657683', '-81.47290339999999', '2025-05-12', NULL, 10.000000, 'test', NULL, 257, NULL, 20, NULL),
(58, 'test', 'Cabana Bay, Orlando, Florida, EE. UU.', '28.4657683', '-81.47290339999999', '2025-05-13', NULL, 10.000000, 'test', NULL, 257, NULL, 20, NULL),
(59, 'test', 'Cabana Bay, Orlando, Florida, EE. UU.', '28.4657683', '-81.47290339999999', '2025-05-14', NULL, 10.000000, 'test', NULL, 257, NULL, 20, NULL),
(60, 'test', 'Cabana Bay, Orlando, Florida, EE. UU.', '28.4657683', '-81.47290339999999', '2025-05-15', NULL, 10.000000, 'test', NULL, 257, NULL, 20, NULL),
(61, 'test', 'Cabana Bay, Orlando, Florida, EE. UU.', '28.4657683', '-81.47290339999999', '2025-05-16', NULL, 10.000000, 'test', NULL, 257, NULL, 20, NULL),
(62, 'test', 'Cabana Bay, Orlando, Florida, EE. UU.', '28.4657683', '-81.47290339999999', '2025-05-17', NULL, 10.000000, 'test', NULL, 257, NULL, 20, NULL),
(63, 'Test', 'Cupertino Way, San Mateo, California, EE. UU.', '37.5389567', '-122.2870183', '2025-05-18', '', 0.000000, '', 1, 287, NULL, 11, NULL),
(64, 'Test', 'Cupertino Way, San Mateo, California, EE. UU.', '37.5389567', '-122.2870183', '2025-05-19', '', 0.000000, '', 1, 287, NULL, 11, NULL),
(65, 'Test', 'Cupertino Way, San Mateo, California, EE. UU.', '37.5389567', '-122.2870183', '2025-05-20', '', 0.000000, '', 1, 287, NULL, 11, NULL),
(66, 'Test', 'Cupertino Way, San Mateo, California, EE. UU.', '37.5389567', '-122.2870183', '2025-05-21', '', 0.000000, '', 1, 287, NULL, 11, NULL),
(67, 'Test', 'Cupertino Way, San Mateo, California, EE. UU.', '37.5389567', '-122.2870183', '2025-05-22', '', 0.000000, '', 1, 287, NULL, 11, NULL),
(68, 'Test', 'Cupertino Way, San Mateo, California, EE. UU.', '37.5389567', '-122.2870183', '2025-05-23', '', 0.000000, '', 1, 287, NULL, 11, NULL),
(69, 'Test', 'Cupertino Way, San Mateo, California, EE. UU.', '37.5389567', '-122.2870183', '2025-05-24', '', 0.000000, '', 1, 287, NULL, 11, NULL),
(70, 'Test', 'Cupertino Way, San Mateo, California, EE. UU.', '37.5389567', '-122.2870183', '2025-05-25', '', 0.000000, '', 1, 287, NULL, 11, NULL),
(71, 'Test', 'Cupertino Way, San Mateo, California, EE. UU.', '37.5389567', '-122.2870183', '2025-05-26', '', 0.000000, '', 1, 287, NULL, 11, NULL),
(72, 'Test', 'Cupertino Way, San Mateo, California, EE. UU.', '37.5389567', '-122.2870183', '2025-05-27', '', 0.000000, '', 1, 287, NULL, 11, NULL),
(73, 'Test', 'Cupertino Way, San Mateo, California, EE. UU.', '37.5389567', '-122.2870183', '2025-05-28', '', 0.000000, '', 1, 287, NULL, 11, NULL),
(74, 'Test', 'Cupertino Way, San Mateo, California, EE. UU.', '37.5389567', '-122.2870183', '2025-05-29', '', 0.000000, '', 1, 287, NULL, 11, NULL),
(75, 'Test', 'Cupertino Way, San Mateo, California, EE. UU.', '37.5389567', '-122.2870183', '2025-05-30', '', 0.000000, '', 1, 287, NULL, 11, NULL),
(76, 'Test', 'Cupertino Way, San Mateo, California, EE. UU.', '37.5389567', '-122.2870183', '2025-05-31', '', 0.000000, '', 1, 287, NULL, 11, NULL),
(77, 'Test', 'Cornelia Street, Nueva York, EE. UU.', '40.73147', '-74.00200989999999', '2025-05-18', '', 0.000000, '', 0, 292, NULL, 2, NULL),
(78, 'Test', 'Cornelia Street, Nueva York, EE. UU.', '40.73147', '-74.00200989999999', '2025-05-19', '', 0.000000, '', 0, 292, NULL, 2, NULL),
(79, 'Test', 'Cornelia Street, Nueva York, EE. UU.', '40.73147', '-74.00200989999999', '2025-05-20', '', 0.000000, '', 0, 292, NULL, 2, NULL),
(80, 'Test', 'Cornelia Street, Nueva York, EE. UU.', '40.73147', '-74.00200989999999', '2025-05-21', '', 0.000000, '', 0, 292, NULL, 2, NULL),
(81, 'Test', 'Cornelia Street, Nueva York, EE. UU.', '40.73147', '-74.00200989999999', '2025-05-22', '', 0.000000, '', 0, 292, NULL, 2, NULL),
(82, 'Test', 'Cornelia Street, Nueva York, EE. UU.', '40.73147', '-74.00200989999999', '2025-05-23', '', 0.000000, '', 0, 292, NULL, 2, NULL),
(83, 'Test', 'Cornelia Street, Nueva York, EE. UU.', '40.73147', '-74.00200989999999', '2025-05-24', '', 0.000000, '', 0, 292, NULL, 2, NULL),
(84, 'Test', 'Cornelia Street, Nueva York, EE. UU.', '40.73147', '-74.00200989999999', '2025-05-25', '', 0.000000, '', 0, 292, NULL, 2, NULL),
(85, 'Test', 'Cornelia Street, Nueva York, EE. UU.', '40.73147', '-74.00200989999999', '2025-05-26', '', 0.000000, '', 0, 292, NULL, 2, NULL),
(86, 'Test', 'Cornelia Street, Nueva York, EE. UU.', '40.73147', '-74.00200989999999', '2025-05-27', '', 0.000000, '', 0, 292, NULL, 2, NULL),
(87, 'Test', 'Cornelia Street, Nueva York, EE. UU.', '40.73147', '-74.00200989999999', '2025-05-28', '', 0.000000, '', 0, 292, NULL, 2, NULL),
(88, 'Test', 'Cornelia Street, Nueva York, EE. UU.', '40.73147', '-74.00200989999999', '2025-05-29', '', 0.000000, '', 0, 292, NULL, 2, NULL),
(89, 'Test', 'Cornelia Street, Nueva York, EE. UU.', '40.73147', '-74.00200989999999', '2025-05-30', '', 0.000000, '', 0, 292, NULL, 2, NULL),
(90, 'Test', 'Cornelia Street, Nueva York, EE. UU.', '40.73147', '-74.00200989999999', '2025-05-31', '', 0.000000, '', 0, 292, NULL, 2, NULL),
(91, 'test', 'Cabana Bay, Orlando, Florida, EE. UU.', '28.4657683', '-81.47290339999999', '2025-06-01', '10:30', 10.000000, 'test', 1, 257, NULL, 20, NULL),
(92, 'test', 'Cabana Bay, Orlando, Florida, EE. UU.', '28.4657683', '-81.47290339999999', '2025-06-02', '10:30', 10.000000, 'test', 1, 257, NULL, 20, NULL),
(93, 'test', 'Cabana Bay, Orlando, Florida, EE. UU.', '28.4657683', '-81.47290339999999', '2025-06-03', '10:30', 10.000000, 'test', 1, 257, NULL, 20, NULL),
(94, 'test', 'Cabana Bay, Orlando, Florida, EE. UU.', '28.4657683', '-81.47290339999999', '2025-06-04', '10:30', 10.000000, 'test', 1, 257, NULL, 20, NULL),
(95, 'test', 'Cabana Bay, Orlando, Florida, EE. UU.', '28.4657683', '-81.47290339999999', '2025-06-05', '10:30', 10.000000, 'test', 1, 257, NULL, 20, NULL),
(96, 'test', 'Cabana Bay, Orlando, Florida, EE. UU.', '28.4657683', '-81.47290339999999', '2025-06-06', '10:30', 10.000000, 'test', 1, 257, NULL, 20, NULL),
(97, 'test', 'Cabana Bay, Orlando, Florida, EE. UU.', '28.4657683', '-81.47290339999999', '2025-06-07', '10:30', 10.000000, 'test', 1, 257, NULL, 20, NULL),
(98, 'Prueba', 'Canal Street, Nueva York, EE. UU.', '40.7194023', '-74.00188969999999', '2025-06-01', '', 10.000000, 'test', NULL, 256, NULL, 3, NULL),
(99, 'Prueba', 'Canal Street, Nueva York, EE. UU.', '40.7194023', '-74.00188969999999', '2025-06-02', '', 10.000000, 'test', NULL, 256, NULL, 3, NULL),
(100, 'Prueba', 'Canal Street, Nueva York, EE. UU.', '40.7194023', '-74.00188969999999', '2025-06-03', '', 10.000000, 'test', NULL, 256, NULL, 3, NULL),
(101, 'Prueba', 'Canal Street, Nueva York, EE. UU.', '40.7194023', '-74.00188969999999', '2025-06-04', '', 10.000000, 'test', NULL, 256, NULL, 3, NULL),
(102, 'Prueba', 'Canal Street, Nueva York, EE. UU.', '40.7194023', '-74.00188969999999', '2025-06-05', '', 10.000000, 'test', NULL, 256, NULL, 3, NULL),
(103, 'Prueba', 'Canal Street, Nueva York, EE. UU.', '40.7194023', '-74.00188969999999', '2025-06-06', '', 10.000000, 'test', NULL, 256, NULL, 3, NULL),
(104, 'Prueba', 'Canal Street, Nueva York, EE. UU.', '40.7194023', '-74.00188969999999', '2025-06-07', '', 10.000000, 'test', NULL, 256, NULL, 3, NULL),
(105, 'Test', 'Cornelia Street, Nueva York, EE. UU.', '40.73147', '-74.00200989999999', '2025-06-15', '', 0.000000, '', 0, 292, NULL, 2, NULL),
(106, 'Test', 'Cornelia Street, Nueva York, EE. UU.', '40.73147', '-74.00200989999999', '2025-06-16', '', 0.000000, '', 0, 292, NULL, 2, NULL),
(107, 'Test', 'Cornelia Street, Nueva York, EE. UU.', '40.73147', '-74.00200989999999', '2025-06-17', '', 0.000000, '', 0, 292, NULL, 2, NULL),
(108, 'Test', 'Cornelia Street, Nueva York, EE. UU.', '40.73147', '-74.00200989999999', '2025-06-18', '', 0.000000, '', 0, 292, NULL, 2, NULL),
(109, 'Test', 'Cornelia Street, Nueva York, EE. UU.', '40.73147', '-74.00200989999999', '2025-06-19', '', 0.000000, '', 0, 292, NULL, 2, NULL),
(110, 'Test', 'Cornelia Street, Nueva York, EE. UU.', '40.73147', '-74.00200989999999', '2025-06-20', '', 0.000000, '', 0, 292, NULL, 2, NULL),
(111, 'Test', 'Cornelia Street, Nueva York, EE. UU.', '40.73147', '-74.00200989999999', '2025-06-21', '', 0.000000, '', 0, 292, NULL, 2, NULL),
(112, 'test', 'Cabana Bay, Orlando, Florida, EE. UU.', '28.4657683', '-81.47290339999999', '2025-07-01', '10:30', 10.000000, 'test', 0, 257, NULL, 20, 4),
(113, 'test', 'Cabana Bay, Orlando, Florida, EE. UU.', '28.4657683', '-81.47290339999999', '2025-07-02', '10:30', 10.000000, 'test', 0, 257, NULL, 20, NULL),
(114, 'test', 'Cabana Bay, Orlando, Florida, EE. UU.', '28.4657683', '-81.47290339999999', '2025-07-03', '10:30', 10.000000, 'test', 0, 257, NULL, 20, NULL),
(117, 'Deploy', '', '', '', '2025-07-01', '', 0.000000, '', 0, 260, NULL, 15, NULL),
(118, 'Deploy', '', '', '', '2025-07-02', '', 0.000000, '', 0, 260, NULL, 15, NULL),
(119, 'Deploy', '', '', '', '2025-07-03', '', 0.000000, '', 0, 260, NULL, 15, NULL),
(120, 'Jenkis', '', '', '', '2025-07-01', '', 0.000000, '', 1, 23, NULL, 14, NULL),
(121, 'Jenkis', '', '', '', '2025-07-02', '', 0.000000, '', 1, 23, NULL, 14, NULL),
(122, 'Jenkis', '', '', '', '2025-07-03', '', 0.000000, '', 1, 23, NULL, 14, NULL),
(123, 'Prueba Lead', '123 William Street, Nueva York, EE. UU.', '40.7091708', '-74.0069522', '2025-07-01', '10:00', 5.000000, '', 1, 256, NULL, 1, NULL),
(124, 'Prueba Lead', '123 William Street, Nueva York, EE. UU.', '40.7091708', '-74.0069522', '2025-07-02', '10:00', 5.000000, '', 1, 256, NULL, 1, NULL),
(125, 'Prueba Lead', '123 William Street, Nueva York, EE. UU.', '40.7091708', '-74.0069522', '2025-07-03', '10:00', 5.000000, '', 1, 256, NULL, 1, NULL),
(127, 'Prueba Lead', '123 William Street, Nueva York, EE. UU.', '40.7091708', '-74.0069522', '2025-07-05', '10:00', 5.000000, '', 1, 256, NULL, 1, NULL),
(128, 'Prueba Lead', '123 William Street, Nueva York, EE. UU.', '40.7091708', '-74.0069522', '2025-07-06', '10:00', 5.000000, '', 1, 256, NULL, 1, NULL),
(129, 'Prueba Lead', '123 William Street, Nueva York, EE. UU.', '40.7091708', '-74.0069522', '2025-07-07', '10:00', 5.000000, '', 1, 256, NULL, 1, NULL),
(130, 'Prueba Lead', '123 William Street, Nueva York, EE. UU.', '40.7091708', '-74.0069522', '2025-07-08', '10:00', 5.000000, '', 1, 256, NULL, 1, NULL),
(131, 'Prueba Lead', '123 William Street, Nueva York, EE. UU.', '40.7091708', '-74.0069522', '2025-07-09', '10:00', 5.000000, '', 1, 256, NULL, 1, NULL),
(132, 'Prueba Lead', '123 William Street, Nueva York, EE. UU.', '40.7091708', '-74.0069522', '2025-07-10', '10:00', 5.000000, '', 1, 256, NULL, 1, NULL),
(133, 'Prueba Lead', '123 William Street, Nueva York, EE. UU.', '40.7091708', '-74.0069522', '2025-07-11', '10:00', 5.000000, '', 1, 256, NULL, 1, NULL),
(134, 'Prueba Lead', '123 William Street, Nueva York, EE. UU.', '40.7091708', '-74.0069522', '2025-07-12', '10:00', 5.000000, '', 1, 256, NULL, 1, NULL),
(135, 'Prueba Lead', '123 William Street, Nueva York, EE. UU.', '40.7091708', '-74.0069522', '2025-07-13', '10:00', 5.000000, '', 1, 256, NULL, 1, NULL),
(136, 'Prueba Lead', '123 William Street, Nueva York, EE. UU.', '40.7091708', '-74.0069522', '2025-07-14', '10:00', 5.000000, '', 1, 256, NULL, 1, NULL),
(137, 'Prueba Lead', '123 William Street, Nueva York, EE. UU.', '40.7091708', '-74.0069522', '2025-07-15', '10:00', 5.000000, '', 1, 256, NULL, 1, NULL),
(138, 'Prueba Lead', '123 William Street, Nueva York, EE. UU.', '40.7091708', '-74.0069522', '2025-07-16', '10:00', 5.000000, '', 1, 256, NULL, 1, NULL),
(139, 'Prueba Lead', '123 William Street, Nueva York, EE. UU.', '40.7091708', '-74.0069522', '2025-07-17', '10:00', 5.000000, '', 1, 256, NULL, 1, NULL),
(140, 'Prueba Lead', '123 William Street, Nueva York, EE. UU.', '40.7091708', '-74.0069522', '2025-07-18', '10:00', 5.000000, '', 1, 256, NULL, 1, NULL),
(141, 'Prueba Lead', '123 William Street, Nueva York, EE. UU.', '40.7091708', '-74.0069522', '2025-07-19', '10:00', 5.000000, '', 1, 256, NULL, 1, NULL),
(263, 'Prueba', '123 Street', '', '', '2025-08-01', '01:00', 10.000000, '', 0, 260, NULL, 13, NULL),
(264, 'Prueba', '123 Street', '', '', '2025-08-02', '01:00', 10.000000, '', 0, 260, NULL, 13, NULL),
(265, 'Prueba', '123 Street', '', '', '2025-08-03', '01:00', 10.000000, '', 0, 260, NULL, 13, NULL),
(266, 'Prueba', '123 Street', '', '', '2025-08-04', '01:00', 10.000000, '', 0, 260, NULL, 13, NULL),
(267, 'Prueba', '123 Street', '', '', '2025-08-05', '01:00', 10.000000, '', 0, 260, NULL, 13, NULL),
(268, 'Prueba', '123 Street', '', '', '2025-08-06', '01:00', 10.000000, '', 0, 260, NULL, 13, NULL),
(269, 'Prueba', '123 Street', '', '', '2025-08-07', '01:00', 10.000000, '', 0, 260, NULL, 13, NULL),
(270, 'Prueba', '123 Street', '', '', '2025-08-08', '01:00', 10.000000, '', 0, 260, NULL, 13, NULL),
(271, 'Prueba', '123 Street', '', '', '2025-08-15', '01:00', 10.000000, '', 1, 260, NULL, 13, NULL),
(272, 'Prueba', '123 Street', '', '', '2025-08-22', '01:00', 10.000000, '', 1, 260, NULL, 13, NULL),
(273, 'Prueba', '123 Street', '', '', '2025-08-29', '01:00', 10.000000, '', 1, 260, NULL, 13, NULL),
(274, 'Prueba', '123 Street', '', '', '2025-08-10', '01:00', 10.000000, '', 1, 260, NULL, 13, NULL),
(275, 'Prueba', '123 Street', '', '', '2025-08-11', '01:00', 10.000000, '', 1, 260, NULL, 13, NULL),
(276, 'Prueba', '123 Street', '', '', '2025-08-17', '01:00', 10.000000, '', 0, 260, NULL, 13, NULL),
(277, 'Prueba', '123 Street', '', '', '2025-08-18', '01:00', 10.000000, '', 0, 260, NULL, 13, NULL),
(349, 'Prueba', '123 Street', '', '', '2025-09-05', '01:00', 10.000000, '', 0, 260, NULL, 13, NULL),
(350, 'Prueba', '123 Street', '', '', '2025-09-12', '01:00', 10.000000, '', 0, 260, NULL, 13, NULL),
(351, 'Prueba', '123 Street', '', '', '2025-09-19', '01:00', 10.000000, '', 0, 260, NULL, 13, NULL),
(352, 'Prueba', '123 Street', '', '', '2025-09-26', '01:00', 10.000000, '', 0, 260, NULL, 13, NULL),
(353, 'Prueba', '123 Street', '', '', '2025-09-05', '01:00', 10.000000, '', 0, 260, NULL, 13, NULL),
(354, 'Prueba', '123 Street', '', '', '2025-09-12', '01:00', 10.000000, '', 0, 260, NULL, 13, NULL),
(355, 'Prueba', '123 Street', '', '', '2025-09-19', '01:00', 10.000000, '', 0, 260, NULL, 13, NULL),
(356, 'Prueba', '123 Street', '', '', '2025-09-26', '01:00', 10.000000, '', 0, 260, NULL, 13, NULL),
(357, 'Prueba', '123 Street', '', '', '2025-09-01', '01:00', 10.000000, '', 0, 260, NULL, 13, NULL),
(358, 'Prueba', '123 Street', '', '', '2025-09-08', '01:00', 10.000000, '', 0, 260, NULL, 13, NULL),
(359, 'Prueba', '123 Street', '', '', '2025-09-15', '01:00', 10.000000, '', 0, 260, NULL, 13, NULL),
(360, 'Prueba', '123 Street', '', '', '2025-09-22', '01:00', 10.000000, '', 0, 260, NULL, 13, NULL),
(361, 'Prueba', '123 Street', '', '', '2025-09-29', '01:00', 10.000000, '', 0, 260, NULL, 13, NULL),
(362, 'Prueba', '123 Street', '', '', '2025-08-31', '01:00', 10.000000, '', 0, 260, NULL, 13, NULL),
(363, 'Prueba', '123 Street', '', '', '2025-09-07', '01:00', 10.000000, '', 0, 260, NULL, 13, NULL),
(364, 'Prueba', '123 Street', '', '', '2025-09-14', '01:00', 10.000000, '', 0, 260, NULL, 13, NULL),
(365, 'Prueba', '123 Street', '', '', '2025-09-21', '01:00', 10.000000, '', 0, 260, NULL, 13, NULL),
(366, 'Prueba', '123 Street', '', '', '2025-09-28', '01:00', 10.000000, '', 0, 260, NULL, 13, NULL),
(367, 'Prueba', '123 Street', '', '', '2025-09-05', '01:00', 10.000000, '', 0, 260, NULL, 13, NULL),
(368, 'Prueba', '123 Street', '', '', '2025-09-12', '01:00', 10.000000, '', 0, 260, NULL, 13, NULL),
(369, 'Prueba', '123 Street', '', '', '2025-09-19', '01:00', 10.000000, '', 0, 260, NULL, 13, NULL),
(370, 'Prueba', '123 Street', '', '', '2025-09-26', '01:00', 10.000000, '', 0, 260, NULL, 13, NULL),
(371, 'Prueba', '123 Street', '', '', '2025-09-01', '01:00', 10.000000, '', 0, 260, NULL, 13, NULL),
(372, 'Prueba', '123 Street', '', '', '2025-09-08', '01:00', 10.000000, '', 0, 260, NULL, 13, NULL),
(373, 'Prueba', '123 Street', '', '', '2025-09-15', '01:00', 10.000000, '', 0, 260, NULL, 13, NULL),
(374, 'Prueba', '123 Street', '', '', '2025-09-22', '01:00', 10.000000, '', 0, 260, NULL, 13, NULL),
(375, 'Prueba', '123 Street', '', '', '2025-09-29', '01:00', 10.000000, '', 0, 260, NULL, 13, NULL),
(376, 'Prueba', '123 Street', '', '', '2025-08-31', '01:00', 10.000000, '', 0, 260, NULL, 13, NULL),
(377, 'Prueba', '123 Street', '', '', '2025-09-07', '01:00', 10.000000, '', 0, 260, NULL, 13, NULL),
(378, 'Prueba', '123 Street', '', '', '2025-09-14', '01:00', 10.000000, '', 0, 260, NULL, 13, NULL),
(379, 'Prueba', '123 Street', '', '', '2025-09-21', '01:00', 10.000000, '', 0, 260, NULL, 13, NULL),
(380, 'Prueba', '123 Street', '', '', '2025-09-28', '01:00', 10.000000, '', 0, 260, NULL, 13, NULL),
(385, 'Prueba', '123 Street', '', '', '2025-09-05', '01:00', 10.000000, '', 0, 260, NULL, 13, NULL),
(386, 'Prueba', '123 Street', '', '', '2025-09-12', '01:00', 10.000000, '', 0, 260, NULL, 13, NULL),
(387, 'Prueba', '123 Street', '', '', '2025-09-19', '01:00', 10.000000, '', 0, 260, NULL, 13, NULL),
(388, 'Prueba', '123 Street', '', '', '2025-09-26', '01:00', 10.000000, '', 0, 260, NULL, 13, NULL),
(393, 'Prueba', '123 Street', '', '', '2025-09-04', '01:00', 10.000000, '', 0, 260, NULL, 13, NULL),
(394, 'Prueba', '123 Street', '', '', '2025-09-11', '01:00', 10.000000, '', 0, 260, NULL, 13, NULL),
(395, 'Prueba', '123 Street', '', '', '2025-09-18', '01:00', 10.000000, '', 0, 260, NULL, 13, NULL),
(396, 'Prueba', '123 Street', '', '', '2025-09-25', '01:00', 10.000000, '', 0, 260, NULL, 13, NULL),
(401, 'Prueba', '123 Street', '', '', '2025-09-03', '01:00', 10.000000, '', 0, 260, NULL, 13, NULL),
(402, 'Prueba', '123 Street', '', '', '2025-09-10', '01:00', 10.000000, '', 0, 260, NULL, 13, NULL),
(403, 'Prueba', '123 Street', '', '', '2025-09-17', '01:00', 10.000000, '', 0, 260, NULL, 13, NULL),
(404, 'Prueba', '123 Street', '', '', '2025-09-24', '01:00', 10.000000, '', 0, 260, NULL, 13, NULL),
(409, 'Prueba', '123 Street', '', '', '2025-09-02', '01:00', 10.000000, '', 0, 260, NULL, 13, NULL),
(410, 'Prueba', '123 Street', '', '', '2025-09-09', '01:00', 10.000000, '', 0, 260, NULL, 13, NULL),
(411, 'Prueba', '123 Street', '', '', '2025-09-16', '01:00', 10.000000, '', 0, 260, NULL, 13, NULL),
(412, 'Prueba', '123 Street', '', '', '2025-09-23', '01:00', 10.000000, '', 0, 260, NULL, 13, NULL),
(413, 'Prueba', '123 Street', '', '', '2025-09-30', '01:00', 10.000000, '', 0, 260, NULL, 13, NULL),
(419, 'Prueba', '123 Street', '', '', '2025-09-01', '01:00', 10.000000, '', 0, 260, NULL, 13, NULL),
(420, 'Prueba', '123 Street', '', '', '2025-09-08', '01:00', 10.000000, '', 0, 260, NULL, 13, NULL),
(421, 'Prueba', '123 Street', '', '', '2025-09-15', '01:00', 10.000000, '', 0, 260, NULL, 13, NULL),
(422, 'Prueba', '123 Street', '', '', '2025-09-22', '01:00', 10.000000, '', 0, 260, NULL, 13, NULL),
(423, 'Prueba', '123 Street', '', '', '2025-09-29', '01:00', 10.000000, '', 0, 260, NULL, 13, NULL),
(429, 'Prueba', '123 Street', '', '', '2025-08-31', '01:00', 10.000000, '', 0, 260, NULL, 13, NULL),
(430, 'Prueba', '123 Street', '', '', '2025-09-07', '01:00', 10.000000, '', 0, 260, NULL, 13, NULL),
(431, 'Prueba', '123 Street', '', '', '2025-09-14', '01:00', 10.000000, '', 0, 260, NULL, 13, NULL),
(432, 'Prueba', '123 Street', '', '', '2025-09-21', '01:00', 10.000000, '', 0, 260, NULL, 13, NULL),
(433, 'Prueba', '123 Street', '', '', '2025-09-28', '01:00', 10.000000, '', 0, 260, NULL, 13, NULL),
(439, 'Prueba', '123 Street', '', '', '2025-09-06', '01:00', 10.000000, '', 0, 260, NULL, 13, NULL),
(440, 'Prueba', '123 Street', '', '', '2025-09-13', '01:00', 10.000000, '', 0, 260, NULL, 13, NULL),
(441, 'Prueba', '123 Street', '', '', '2025-09-20', '01:00', 10.000000, '', 0, 260, NULL, 13, NULL),
(442, 'Prueba', '123 Street', '', '', '2025-09-27', '01:00', 10.000000, '', 0, 260, NULL, 13, NULL),
(443, 'Prueba', '123 Street', '', '', '2025-09-05', '01:00', 10.000000, '', 0, 260, NULL, 13, NULL),
(444, 'Prueba', '123 Street', '', '', '2025-09-12', '01:00', 10.000000, '', 0, 260, NULL, 13, NULL),
(445, 'Prueba', '123 Street', '', '', '2025-09-19', '01:00', 10.000000, '', 0, 260, NULL, 13, NULL),
(446, 'Prueba', '123 Street', '', '', '2025-09-26', '01:00', 10.000000, '', 0, 260, NULL, 13, NULL),
(447, 'Prueba Lead', '123 William Street, Nueva York, EE. UU.', '40.7091708', '-74.0069522', '2025-09-06', '10:00', 5.000000, '', 0, 256, NULL, 1, NULL),
(448, 'Prueba Lead', '123 William Street, Nueva York, EE. UU.', '40.7091708', '-74.0069522', '2025-09-13', '10:00', 5.000000, '', 0, 256, NULL, 1, NULL),
(449, 'Prueba Lead', '123 William Street, Nueva York, EE. UU.', '40.7091708', '-74.0069522', '2025-09-20', '10:00', 5.000000, '', 0, 256, NULL, 1, NULL),
(450, 'Prueba Lead', '123 William Street, Nueva York, EE. UU.', '40.7091708', '-74.0069522', '2025-09-27', '10:00', 5.000000, '', 0, 256, NULL, 1, NULL),
(451, 'Prueba Lead', '123 William Street, Nueva York, EE. UU.', '40.7091708', '-74.0069522', '2025-09-05', '10:00', 5.000000, '', 0, 256, NULL, 1, NULL),
(452, 'Prueba Lead', '123 William Street, Nueva York, EE. UU.', '40.7091708', '-74.0069522', '2025-09-12', '10:00', 5.000000, '', 0, 256, NULL, 1, NULL),
(453, 'Prueba Lead', '123 William Street, Nueva York, EE. UU.', '40.7091708', '-74.0069522', '2025-09-19', '10:00', 5.000000, '', 0, 256, NULL, 1, NULL),
(454, 'Prueba Lead', '123 William Street, Nueva York, EE. UU.', '40.7091708', '-74.0069522', '2025-09-26', '10:00', 5.000000, '', 0, 256, NULL, 1, NULL),
(455, 'Prueba Lead', '123 William Street, Nueva York, EE. UU.', '40.7091708', '-74.0069522', '2025-09-04', '10:00', 5.000000, '', 0, 256, NULL, 1, NULL),
(456, 'Prueba Lead', '123 William Street, Nueva York, EE. UU.', '40.7091708', '-74.0069522', '2025-09-11', '10:00', 5.000000, '', 0, 256, NULL, 1, NULL),
(457, 'Prueba Lead', '123 William Street, Nueva York, EE. UU.', '40.7091708', '-74.0069522', '2025-09-18', '10:00', 5.000000, '', 0, 256, NULL, 1, NULL),
(458, 'Prueba Lead', '123 William Street, Nueva York, EE. UU.', '40.7091708', '-74.0069522', '2025-09-25', '10:00', 5.000000, '', 0, 256, NULL, 1, NULL),
(459, 'Prueba Lead', '123 William Street, Nueva York, EE. UU.', '40.7091708', '-74.0069522', '2025-09-03', '10:00', 5.000000, '', 0, 256, NULL, 1, NULL),
(460, 'Prueba Lead', '123 William Street, Nueva York, EE. UU.', '40.7091708', '-74.0069522', '2025-09-10', '10:00', 5.000000, '', 0, 256, NULL, 1, NULL),
(461, 'Prueba Lead', '123 William Street, Nueva York, EE. UU.', '40.7091708', '-74.0069522', '2025-09-17', '10:00', 5.000000, '', 0, 256, NULL, 1, NULL),
(462, 'Prueba Lead', '123 William Street, Nueva York, EE. UU.', '40.7091708', '-74.0069522', '2025-09-24', '10:00', 5.000000, '', 0, 256, NULL, 1, NULL),
(463, 'Prueba Lead', '123 William Street, Nueva York, EE. UU.', '40.7091708', '-74.0069522', '2025-09-02', '10:00', 5.000000, '', 0, 256, NULL, 1, NULL),
(464, 'Prueba Lead', '123 William Street, Nueva York, EE. UU.', '40.7091708', '-74.0069522', '2025-09-09', '10:00', 5.000000, '', 0, 256, NULL, 1, NULL),
(465, 'Prueba Lead', '123 William Street, Nueva York, EE. UU.', '40.7091708', '-74.0069522', '2025-09-16', '10:00', 5.000000, '', 0, 256, NULL, 1, NULL),
(466, 'Prueba Lead', '123 William Street, Nueva York, EE. UU.', '40.7091708', '-74.0069522', '2025-09-23', '10:00', 5.000000, '', 0, 256, NULL, 1, NULL),
(467, 'Prueba Lead', '123 William Street, Nueva York, EE. UU.', '40.7091708', '-74.0069522', '2025-09-30', '10:00', 5.000000, '', 0, 256, NULL, 1, NULL),
(468, 'Prueba Lead', '123 William Street, Nueva York, EE. UU.', '40.7091708', '-74.0069522', '2025-09-01', '10:00', 5.000000, '', 0, 256, NULL, 1, NULL),
(469, 'Prueba Lead', '123 William Street, Nueva York, EE. UU.', '40.7091708', '-74.0069522', '2025-09-08', '10:00', 5.000000, '', 0, 256, NULL, 1, NULL),
(470, 'Prueba Lead', '123 William Street, Nueva York, EE. UU.', '40.7091708', '-74.0069522', '2025-09-15', '10:00', 5.000000, '', 0, 256, NULL, 1, NULL),
(471, 'Prueba Lead', '123 William Street, Nueva York, EE. UU.', '40.7091708', '-74.0069522', '2025-09-22', '10:00', 5.000000, '', 0, 256, NULL, 1, NULL),
(472, 'Prueba Lead', '123 William Street, Nueva York, EE. UU.', NULL, NULL, '2025-09-29', '10:00', 5.000000, '', 0, 256, NULL, 1, NULL),
(474, 'Prueba Lead', '123 William Street, Nueva York, EE. UU.', '40.7091708', '-74.0069522', '2025-09-07', '10:00', 5.000000, '', 0, 256, NULL, 1, NULL),
(475, 'Prueba Lead', '123 William Street, Nueva York, EE. UU.', '40.7091708', '-74.0069522', '2025-09-14', '10:00', 5.000000, '', 0, 256, NULL, 1, NULL),
(476, 'Prueba Lead', '123 William Street, Nueva York, EE. UU.', '40.7091708', '-74.0069522', '2025-09-21', '10:00', 5.000000, '', 0, 256, NULL, 1, NULL),
(477, 'Prueba Lead', '123 William Street, Nueva York, EE. UU.', '40.7091708', '-74.0069522', '2025-09-28', '10:00', 5.000000, '', 0, 256, NULL, 1, NULL),
(478, 'Prueba Lead', '123 William Street, Nueva York, EE. UU.', '40.7091708', '-74.0069522', '2025-09-06', '10:00', 5.000000, '', 0, 256, NULL, 1, NULL),
(479, 'Prueba Lead', '123 William Street, Nueva York, EE. UU.', '40.7091708', '-74.0069522', '2025-09-13', '10:00', 5.000000, '', 0, 256, NULL, 1, NULL),
(480, 'Prueba Lead', '123 William Street, Nueva York, EE. UU.', '40.7091708', '-74.0069522', '2025-09-20', '10:00', 5.000000, '', 0, 256, NULL, 1, NULL),
(481, 'Prueba Lead', '123 William Street, Nueva York, EE. UU.', '40.7091708', '-74.0069522', '2025-09-27', '10:00', 5.000000, '', 0, 256, NULL, 1, NULL),
(482, 'Prueba Lead', '123 William Street, Nueva York, EE. UU.', '40.7091708', '-74.0069522', '2025-09-05', '10:00', 5.000000, '', 0, 256, NULL, 1, NULL),
(483, 'Prueba Lead', '123 William Street, Nueva York, EE. UU.', '40.7091708', '-74.0069522', '2025-09-12', '10:00', 5.000000, '', 0, 256, NULL, 1, NULL),
(484, 'Prueba Lead', '123 William Street, Nueva York, EE. UU.', '40.7091708', '-74.0069522', '2025-09-19', '10:00', 5.000000, '', 0, 256, NULL, 1, NULL),
(485, 'Prueba Lead', '123 William Street, Nueva York, EE. UU.', '40.7091708', '-74.0069522', '2025-09-26', '10:00', 5.000000, '', 0, 256, NULL, 1, NULL),
(486, 'Prueba Lead', '123 William Street, Nueva York, EE. UU.', '40.7091708', '-74.0069522', '2025-09-04', '10:00', 5.000000, '', 0, 256, NULL, 1, NULL),
(487, 'Prueba Lead', '123 William Street, Nueva York, EE. UU.', '40.7091708', '-74.0069522', '2025-09-11', '10:00', 5.000000, '', 0, 256, NULL, 1, NULL),
(488, 'Prueba Lead', '123 William Street, Nueva York, EE. UU.', '40.7091708', '-74.0069522', '2025-09-18', '10:00', 5.000000, '', 0, 256, NULL, 1, NULL),
(489, 'Prueba Lead', '123 William Street, Nueva York, EE. UU.', '40.7091708', '-74.0069522', '2025-09-25', '10:00', 5.000000, '', 0, 256, NULL, 1, NULL),
(490, 'Prueba Lead', '123 William Street, Nueva York, EE. UU.', '40.7091708', '-74.0069522', '2025-09-03', '10:00', 5.000000, '', 0, 256, NULL, 1, NULL),
(491, 'Prueba Lead', '123 William Street, Nueva York, EE. UU.', '40.7091708', '-74.0069522', '2025-09-10', '10:00', 5.000000, '', 0, 256, NULL, 1, NULL),
(492, 'Prueba Lead', '123 William Street, Nueva York, EE. UU.', '40.7091708', '-74.0069522', '2025-09-17', '10:00', 5.000000, '', 0, 256, NULL, 1, NULL),
(493, 'Prueba Lead', '123 William Street, Nueva York, EE. UU.', '40.7091708', '-74.0069522', '2025-09-24', '10:00', 5.000000, '', 0, 256, NULL, 1, NULL),
(494, 'Prueba Lead', '123 William Street, Nueva York, EE. UU.', '40.7091708', '-74.0069522', '2025-09-02', '10:00', 5.000000, '', 0, 256, NULL, 1, NULL),
(495, 'Prueba Lead', '123 William Street, Nueva York, EE. UU.', '40.7091708', '-74.0069522', '2025-09-09', '10:00', 5.000000, '', 0, 256, NULL, 1, NULL),
(496, 'Prueba Lead', '123 William Street, Nueva York, EE. UU.', '40.7091708', '-74.0069522', '2025-09-16', '10:00', 5.000000, '', 0, 256, NULL, 1, NULL),
(497, 'Prueba Lead', '123 William Street, Nueva York, EE. UU.', '40.7091708', '-74.0069522', '2025-09-23', '10:00', 5.000000, '', 0, 256, NULL, 1, NULL),
(498, 'Prueba Lead', '123 William Street, Nueva York, EE. UU.', '40.7091708', '-74.0069522', '2025-09-30', '10:00', 5.000000, '', 0, 256, NULL, 1, NULL),
(499, 'Prueba Lead', '123 William Street, Nueva York, EE. UU.', '40.7091708', '-74.0069522', '2025-09-01', '10:00', 5.000000, '', 0, 256, NULL, 1, NULL),
(500, 'Prueba Lead', '123 William Street, Nueva York, EE. UU.', '40.7091708', '-74.0069522', '2025-09-08', '10:00', 5.000000, '', 0, 256, NULL, 1, NULL),
(501, 'Prueba Lead', '123 William Street, Nueva York, EE. UU.', '40.7091708', '-74.0069522', '2025-09-15', '10:00', 5.000000, '', 0, 256, NULL, 1, NULL),
(502, 'Prueba Lead', '123 William Street, Nueva York, EE. UU.', '40.7091708', '-74.0069522', '2025-09-22', '10:00', 5.000000, '', 0, 256, NULL, 1, NULL),
(503, 'Prueba Lead', '123 William Street, Nueva York, EE. UU.', '40.7091708', '-74.0069522', '2025-09-29', '10:00', 5.000000, '', 0, 256, NULL, 1, NULL),
(504, 'Prueba Lead', '123 William Street, Nueva York, EE. UU.', '40.7091708', '-74.0069522', '2025-08-31', '10:00', 5.000000, '', 0, 256, NULL, 1, NULL),
(505, 'Prueba Lead', '123 William Street, Nueva York, EE. UU.', '40.7091708', '-74.0069522', '2025-09-07', '10:00', 5.000000, '', 0, 256, NULL, 1, NULL),
(506, 'Prueba Lead', '123 William Street, Nueva York, EE. UU.', '40.7091708', '-74.0069522', '2025-09-14', '10:00', 5.000000, '', 0, 256, NULL, 1, NULL),
(507, 'Prueba Lead', '123 William Street, Nueva York, EE. UU.', '40.7091708', '-74.0069522', '2025-09-21', '10:00', 5.000000, '', 0, 256, NULL, 1, NULL),
(508, 'Prueba Lead', '123 William Street, Nueva York, EE. UU.', '40.7091708', '-74.0069522', '2025-09-28', '10:00', 5.000000, '', 0, 256, NULL, 1, NULL),
(509, 'Prueba Lead', '123 William Street, Nueva York, EE. UU.', '40.7091708', '-74.0069522', '2025-09-06', '10:00', 5.000000, '', 0, 256, NULL, 1, NULL),
(510, 'Prueba Lead', '123 William Street, Nueva York, EE. UU.', '40.7091708', '-74.0069522', '2025-09-13', '10:00', 5.000000, '', 0, 256, NULL, 1, NULL),
(511, 'Prueba Lead', '123 William Street, Nueva York, EE. UU.', '40.7091708', '-74.0069522', '2025-09-20', '10:00', 5.000000, '', 0, 256, NULL, 1, NULL),
(512, 'Prueba Lead', '123 William Street, Nueva York, EE. UU.', '40.7091708', '-74.0069522', '2025-09-27', '10:00', 5.000000, '', 0, 256, NULL, 1, NULL),
(513, 'test', 'Cabana Bay, Orlando, Florida, EE. UU.', '28.4657683', '-81.47290339999999', '2025-09-04', '10:30', 10.000000, 'test', 0, 257, NULL, 20, NULL),
(514, 'test', 'Cabana Bay, Orlando, Florida, EE. UU.', '28.4657683', '-81.47290339999999', '2025-09-11', '10:30', 10.000000, 'test', 0, 257, NULL, 20, NULL),
(515, 'test', 'Cabana Bay, Orlando, Florida, EE. UU.', '28.4657683', '-81.47290339999999', '2025-09-18', '10:30', 10.000000, 'test', 0, 257, NULL, 20, NULL),
(516, 'test', 'Cabana Bay, Orlando, Florida, EE. UU.', '28.4657683', '-81.47290339999999', '2025-09-25', '10:30', 10.000000, 'test', 0, 257, NULL, 20, NULL),
(517, 'Deploy', '', '', '', '2025-09-04', '', 0.000000, '', 0, 260, NULL, 15, NULL),
(518, 'Deploy', '', '', '', '2025-09-11', '', 0.000000, '', 0, 260, NULL, 15, NULL),
(519, 'Deploy', '', '', '', '2025-09-18', '', 0.000000, '', 0, 260, NULL, 15, NULL),
(520, 'Deploy', '', '', '', '2025-09-25', '', 0.000000, '', 0, 260, NULL, 15, NULL),
(521, 'Jenkis', '', '', '', '2025-09-04', '', 0.000000, '', 0, 23, NULL, 14, NULL),
(522, 'Jenkis', '', '', '', '2025-09-11', '', 0.000000, '', 0, 23, NULL, 14, NULL),
(523, 'Jenkis', '', '', '', '2025-09-18', '', 0.000000, '', 0, 23, NULL, 14, NULL),
(524, 'Jenkis', '', '', '', '2025-09-25', '', 0.000000, '', 0, 23, NULL, 14, NULL),
(525, 'Prueba Lead', '123 William Street, Nueva York, EE. UU.', '40.7091708', '-74.0069522', '2025-09-04', '10:00', 5.000000, '', 0, 256, NULL, 1, NULL),
(526, 'Prueba Lead', '123 William Street, Nueva York, EE. UU.', '40.7091708', '-74.0069522', '2025-09-11', '10:00', 5.000000, '', 0, 256, NULL, 1, NULL),
(527, 'Prueba Lead', '123 William Street, Nueva York, EE. UU.', '40.7091708', '-74.0069522', '2025-09-18', '10:00', 5.000000, '', 0, 256, NULL, 1, NULL),
(528, 'Prueba Lead', '123 William Street, Nueva York, EE. UU.', '40.7091708', '-74.0069522', '2025-09-25', '10:00', 5.000000, '', 0, 256, NULL, 1, NULL),
(529, 'test', 'Cabana Bay, Orlando, Florida, EE. UU.', '28.4657683', '-81.47290339999999', '2025-09-03', '10:30', 10.000000, 'test', 0, 257, NULL, 20, NULL),
(530, 'test', 'Cabana Bay, Orlando, Florida, EE. UU.', '28.4657683', '-81.47290339999999', '2025-09-10', '10:30', 10.000000, 'test', 0, 257, NULL, 20, NULL),
(531, 'test', 'Cabana Bay, Orlando, Florida, EE. UU.', '28.4657683', '-81.47290339999999', '2025-09-17', '10:30', 10.000000, 'test', 0, 257, NULL, 20, NULL),
(532, 'test', 'Cabana Bay, Orlando, Florida, EE. UU.', '28.4657683', '-81.47290339999999', '2025-09-24', '10:30', 10.000000, 'test', 0, 257, NULL, 20, NULL),
(533, 'Deploy', '', '', '', '2025-09-03', '', 0.000000, '', 0, 260, NULL, 15, NULL),
(534, 'Deploy', '', '', '', '2025-09-10', '', 0.000000, '', 0, 260, NULL, 15, NULL),
(535, 'Deploy', '', '', '', '2025-09-17', '', 0.000000, '', 0, 260, NULL, 15, NULL),
(536, 'Deploy', '', '', '', '2025-09-24', '', 0.000000, '', 0, 260, NULL, 15, NULL),
(537, 'Jenkis', '', '', '', '2025-09-03', '', 0.000000, '', 0, 23, NULL, 14, NULL),
(538, 'Jenkis', '', '', '', '2025-09-10', '', 0.000000, '', 0, 23, NULL, 14, NULL),
(539, 'Jenkis', '', '', '', '2025-09-17', '', 0.000000, '', 0, 23, NULL, 14, NULL),
(540, 'Jenkis', '', '', '', '2025-09-24', '', 0.000000, '', 0, 23, NULL, 14, NULL),
(541, 'Prueba Lead', '123 William Street, Nueva York, EE. UU.', '40.7091708', '-74.0069522', '2025-09-03', '10:00', 5.000000, '', 0, 256, NULL, 1, NULL),
(542, 'Prueba Lead', '123 William Street, Nueva York, EE. UU.', '40.7091708', '-74.0069522', '2025-09-10', '10:00', 5.000000, '', 0, 256, NULL, 1, NULL),
(543, 'Prueba Lead', '123 William Street, Nueva York, EE. UU.', '40.7091708', '-74.0069522', '2025-09-17', '10:00', 5.000000, '', 0, 256, NULL, 1, NULL),
(544, 'Prueba Lead', '123 William Street, Nueva York, EE. UU.', '40.7091708', '-74.0069522', '2025-09-24', '10:00', 5.000000, '', 0, 256, NULL, 1, NULL),
(545, 'test', 'Cabana Bay, Orlando, Florida, EE. UU.', '28.4657683', '-81.47290339999999', '2025-09-02', '10:30', 10.000000, 'test', 0, 257, NULL, 20, NULL),
(546, 'test', 'Cabana Bay, Orlando, Florida, EE. UU.', '28.4657683', '-81.47290339999999', '2025-09-09', '10:30', 10.000000, 'test', 0, 257, NULL, 20, NULL),
(547, 'test', 'Cabana Bay, Orlando, Florida, EE. UU.', '28.4657683', '-81.47290339999999', '2025-09-16', '10:30', 10.000000, 'test', 0, 257, NULL, 20, NULL),
(548, 'test', 'Cabana Bay, Orlando, Florida, EE. UU.', '28.4657683', '-81.47290339999999', '2025-09-23', '10:30', 10.000000, 'test', 0, 257, NULL, 20, NULL),
(549, 'test', 'Cabana Bay, Orlando, Florida, EE. UU.', '28.4657683', '-81.47290339999999', '2025-09-30', '10:30', 10.000000, 'test', 0, 257, NULL, 20, NULL),
(550, 'Deploy', '', '', '', '2025-09-02', '', 0.000000, '', 0, 260, NULL, 15, NULL),
(551, 'Deploy', '', '', '', '2025-09-09', '', 0.000000, '', 0, 260, NULL, 15, NULL),
(552, 'Deploy', '', '', '', '2025-09-16', '', 0.000000, '', 0, 260, NULL, 15, NULL),
(553, 'Deploy', '', '', '', '2025-09-23', '', 0.000000, '', 0, 260, NULL, 15, NULL),
(554, 'Deploy', '', '', '', '2025-09-30', '', 0.000000, '', 0, 260, NULL, 15, NULL),
(555, 'Jenkis', '', '', '', '2025-09-02', '', 0.000000, '', 0, 23, NULL, 14, NULL),
(556, 'Jenkis', '', '', '', '2025-09-09', '', 0.000000, '', 0, 23, NULL, 14, NULL),
(557, 'Jenkis', '', '', '', '2025-09-16', '', 0.000000, '', 0, 23, NULL, 14, NULL),
(558, 'Jenkis', '', '', '', '2025-09-23', '', 0.000000, '', 0, 23, NULL, 14, NULL),
(559, 'Jenkis', '', '', '', '2025-09-30', '', 0.000000, '', 0, 23, NULL, 14, NULL),
(560, 'Prueba Lead', '123 William Street, Nueva York, EE. UU.', '40.7091708', '-74.0069522', '2025-09-02', '10:00', 5.000000, '', 0, 256, NULL, 1, NULL),
(561, 'Prueba Lead', '123 William Street, Nueva York, EE. UU.', '40.7091708', '-74.0069522', '2025-09-09', '10:00', 5.000000, '', 0, 256, NULL, 1, NULL),
(562, 'Prueba Lead', '123 William Street, Nueva York, EE. UU.', '40.7091708', '-74.0069522', '2025-09-16', '10:00', 5.000000, '', 0, 256, NULL, 1, NULL),
(563, 'Prueba Lead', '123 William Street, Nueva York, EE. UU.', '40.7091708', '-74.0069522', '2025-09-23', '10:00', 5.000000, '', 0, 256, NULL, 1, NULL),
(564, 'Prueba Lead', '123 William Street, Nueva York, EE. UU.', '40.7091708', '-74.0069522', '2025-09-30', '10:00', 5.000000, '', 0, 256, NULL, 1, NULL),
(565, 'Test', 'Cornelia Street, Nueva York, EE. UU.', '40.73147', '-74.00200989999999', '2025-09-06', '', 0.000000, '', 0, 292, NULL, 2, NULL),
(566, 'Test', 'Cornelia Street, Nueva York, EE. UU.', '40.73147', '-74.00200989999999', '2025-09-13', '', 0.000000, '', 0, 292, NULL, 2, NULL),
(567, 'Test', 'Cornelia Street, Nueva York, EE. UU.', '40.73147', '-74.00200989999999', '2025-09-20', '', 0.000000, '', 0, 292, NULL, 2, NULL),
(568, 'Test', 'Cornelia Street, Nueva York, EE. UU.', '40.73147', '-74.00200989999999', '2025-09-27', '', 0.000000, '', 0, 292, NULL, 2, NULL),
(569, 'Octuber schedule', 'paso el roble 50', NULL, NULL, '2025-10-05', '00:45', 5000.000000, 'test', 0, 260, NULL, 2, NULL),
(570, 'Octuber schedule', 'paso el roble 50', NULL, NULL, '2025-10-06', '00:45', 5000.000000, 'test', 0, 260, NULL, 2, NULL),
(571, 'Octuber schedule', 'paso el roble 50', NULL, NULL, '2025-10-07', '00:45', 5000.000000, 'test', 0, 260, NULL, 2, NULL),
(572, 'Octuber schedule', 'paso el roble 50', NULL, NULL, '2025-10-08', '00:45', 5000.000000, 'test', 0, 260, NULL, 2, NULL),
(573, 'Octuber schedule', 'paso el roble 50', NULL, NULL, '2025-10-09', '00:45', 5000.000000, 'test', 0, 260, NULL, 2, NULL),
(574, 'Octuber schedule', 'paso el roble 50', NULL, NULL, '2025-10-10', '00:45', 5000.000000, 'test', 0, 260, NULL, 2, NULL),
(575, 'Octuber schedule', 'paso el roble 50', NULL, NULL, '2025-10-05', '01:15', 5000.000000, 'test', 0, 260, NULL, 2, NULL),
(576, 'Octuber schedule', 'paso el roble 50', NULL, NULL, '2025-10-06', '01:15', 5000.000000, 'test', 0, 260, NULL, 2, NULL),
(577, 'Octuber schedule', 'paso el roble 50', NULL, NULL, '2025-10-07', '01:15', 5000.000000, 'test', 0, 260, NULL, 2, NULL),
(578, 'Octuber schedule', 'paso el roble 50', NULL, NULL, '2025-10-08', '01:15', 5000.000000, 'test', 0, 260, NULL, 2, NULL),
(579, 'Octuber schedule', 'paso el roble 50', NULL, NULL, '2025-10-09', '01:15', 5000.000000, 'test', 0, 260, NULL, 2, NULL),
(580, 'Octuber schedule', 'paso el roble 50', NULL, NULL, '2025-10-10', '01:15', 5000.000000, 'test', 0, 260, NULL, 2, NULL),
(581, 'test', 'Cabana Bay, Orlando, Florida, EE. UU.', '28.4657683', '-81.47290339999999', '2025-10-14', '10:30', 10.000000, 'test', 1, 257, NULL, 20, NULL),
(582, 'test', 'Cabana Bay, Orlando, Florida, EE. UU.', '28.4657683', '-81.47290339999999', '2025-10-15', '10:30', 10.000000, 'test', 1, 257, NULL, 20, NULL),
(583, 'test', 'Cabana Bay, Orlando, Florida, EE. UU.', '28.4657683', '-81.47290339999999', '2025-10-16', '10:30', 10.000000, 'test', 1, 257, NULL, 20, NULL),
(584, 'test', 'Cabana Bay, Orlando, Florida, EE. UU.', '28.4657683', '-81.47290339999999', '2025-10-13', '10:30', 10.000000, 'test', 1, 257, NULL, 20, NULL),
(585, 'test', 'Cabana Bay, Orlando, Florida, EE. UU.', '28.4657683', '-81.47290339999999', '2025-10-14', '10:30', 10.000000, 'test', 1, 257, NULL, 20, NULL),
(586, 'test', 'Cabana Bay, Orlando, Florida, EE. UU.', '28.4657683', '-81.47290339999999', '2025-10-15', '10:30', 10.000000, 'test', 1, 257, NULL, 20, NULL),
(587, 'test', 'Cabana Bay, Orlando, Florida, EE. UU.', '28.4657683', '-81.47290339999999', '2025-10-16', '10:30', 10.000000, 'test', 1, 257, NULL, 20, NULL);

-- --------------------------------------------------------

--
-- Estructura de tabla para la tabla `schedule_concrete_vendor_contact`
--

CREATE TABLE `schedule_concrete_vendor_contact` (
  `id` int(11) NOT NULL,
  `schedule_id` int(11) DEFAULT NULL,
  `contact_id` int(11) DEFAULT NULL
) ENGINE=InnoDB DEFAULT CHARSET=utf8mb4;

--
-- Volcado de datos para la tabla `schedule_concrete_vendor_contact`
--

INSERT INTO `schedule_concrete_vendor_contact` (`id`, `schedule_id`, `contact_id`) VALUES
(9, 49, 3),
(10, 49, 2),
(11, 50, 3),
(12, 50, 2),
(13, 51, 3),
(14, 51, 2),
(15, 52, 3),
(16, 52, 2),
(17, 53, 3),
(18, 53, 2),
(19, 54, 3),
(20, 54, 2),
(21, 55, 3),
(22, 55, 2),
(23, 98, 3),
(24, 98, 2),
(25, 99, 3),
(26, 99, 2),
(27, 100, 3),
(28, 100, 2),
(29, 101, 3),
(30, 101, 2),
(31, 102, 3),
(32, 102, 2),
(33, 103, 3),
(34, 103, 2),
(35, 104, 3),
(36, 104, 2);

-- --------------------------------------------------------

--
-- Estructura de tabla para la tabla `schedule_employee`
--

CREATE TABLE `schedule_employee` (
  `id` int(11) NOT NULL,
  `schedule_id` int(11) DEFAULT NULL,
  `employee_id` int(11) DEFAULT NULL
) ENGINE=InnoDB DEFAULT CHARSET=utf8mb4;

--
-- Volcado de datos para la tabla `schedule_employee`
--

INSERT INTO `schedule_employee` (`id`, `schedule_id`, `employee_id`) VALUES
(1, 112, 49),
(2, 112, 47),
(366, 263, 49),
(367, 263, 47),
(368, 264, 49),
(369, 264, 47),
(370, 265, 49),
(371, 265, 47),
(372, 266, 49),
(373, 266, 47),
(374, 267, 49),
(375, 267, 47),
(376, 268, 49),
(377, 268, 47),
(378, 269, 49),
(379, 269, 47),
(380, 270, 49),
(381, 270, 47),
(382, 271, 49),
(383, 271, 47),
(384, 272, 49),
(385, 272, 47),
(386, 273, 49),
(387, 273, 47),
(388, 274, 49),
(389, 274, 47),
(390, 275, 49),
(391, 275, 47),
(392, 276, 49),
(393, 276, 47),
(394, 277, 49),
(395, 277, 47),
(497, 349, 49),
(498, 349, 47),
(499, 350, 49),
(500, 350, 47),
(501, 351, 49),
(502, 351, 47),
(503, 352, 49),
(504, 352, 47),
(505, 353, 49),
(506, 353, 47),
(507, 354, 49),
(508, 354, 47),
(509, 355, 49),
(510, 355, 47),
(511, 356, 49),
(512, 356, 47),
(513, 357, 49),
(514, 357, 47),
(515, 358, 49),
(516, 358, 47),
(517, 359, 49),
(518, 359, 47),
(519, 360, 49),
(520, 360, 47),
(521, 361, 49),
(522, 361, 47),
(523, 362, 49),
(524, 362, 47),
(525, 363, 49),
(526, 363, 47),
(527, 364, 49),
(528, 364, 47),
(529, 365, 49),
(530, 365, 47),
(531, 366, 49),
(532, 366, 47),
(533, 367, 49),
(534, 367, 47),
(535, 368, 49),
(536, 368, 47),
(537, 369, 49),
(538, 369, 47),
(539, 370, 49),
(540, 370, 47),
(541, 371, 49),
(542, 371, 47),
(543, 372, 49),
(544, 372, 47),
(545, 373, 49),
(546, 373, 47),
(547, 374, 49),
(548, 374, 47),
(549, 375, 49),
(550, 375, 47),
(551, 376, 49),
(552, 376, 47),
(553, 377, 49),
(554, 377, 47),
(555, 378, 49),
(556, 378, 47),
(557, 379, 49),
(558, 379, 47),
(559, 380, 49),
(560, 380, 47),
(565, 385, 49),
(566, 385, 47),
(567, 386, 49),
(568, 386, 47),
(569, 387, 49),
(570, 387, 47),
(571, 388, 49),
(572, 388, 47),
(577, 393, 49),
(578, 393, 47),
(579, 394, 49),
(580, 394, 47),
(581, 395, 49),
(582, 395, 47),
(583, 396, 49),
(584, 396, 47),
(589, 401, 49),
(590, 401, 47),
(591, 402, 49),
(592, 402, 47),
(593, 403, 49),
(594, 403, 47),
(595, 404, 49),
(596, 404, 47),
(601, 409, 49),
(602, 409, 47),
(603, 410, 49),
(604, 410, 47),
(605, 411, 49),
(606, 411, 47),
(607, 412, 49),
(608, 412, 47),
(609, 413, 49),
(610, 413, 47),
(616, 419, 49),
(617, 419, 47),
(618, 420, 49),
(619, 420, 47),
(620, 421, 49),
(621, 421, 47),
(622, 422, 49),
(623, 422, 47),
(624, 423, 49),
(625, 423, 47),
(631, 429, 49),
(632, 429, 47),
(633, 430, 49),
(634, 430, 47),
(635, 431, 49),
(636, 431, 47),
(637, 432, 49),
(638, 432, 47),
(639, 433, 49),
(640, 433, 47),
(646, 439, 49),
(647, 439, 47),
(648, 440, 49),
(649, 440, 47),
(650, 441, 49),
(651, 441, 47),
(652, 442, 49),
(653, 442, 47),
(654, 443, 49),
(655, 443, 47),
(656, 444, 49),
(657, 444, 47),
(658, 445, 49),
(659, 445, 47),
(660, 446, 49),
(661, 446, 47),
(662, 545, 49),
(663, 545, 47),
(664, 546, 49),
(665, 546, 47),
(666, 547, 49),
(667, 547, 47),
(668, 548, 49),
(669, 548, 47),
(670, 549, 49),
(671, 549, 47),
(676, 569, 49),
(677, 569, 47),
(678, 570, 49),
(679, 570, 47),
(682, 572, 49),
(683, 572, 47),
(684, 573, 49),
(685, 573, 47),
(686, 574, 49),
(687, 574, 47),
(688, 575, 49),
(689, 575, 47),
(690, 576, 49),
(691, 576, 47),
(694, 578, 49),
(695, 578, 47),
(696, 579, 49),
(697, 579, 47),
(698, 580, 49),
(699, 580, 47),
(700, 571, 49),
(701, 577, 49),
(702, 472, 1),
(703, 472, 70),
(704, 581, 49),
(705, 581, 47),
(706, 582, 49),
(707, 582, 47),
(708, 583, 49),
(709, 583, 47);

-- --------------------------------------------------------

--
-- Estructura de tabla para la tabla `subcontractor`
--

CREATE TABLE `subcontractor` (
  `subcontractor_id` int(11) NOT NULL,
  `name` varchar(255) DEFAULT NULL,
  `address` text,
  `phone` varchar(50) DEFAULT NULL,
  `contact_name` varchar(255) DEFAULT NULL,
  `contact_email` varchar(255) DEFAULT NULL,
  `company_name` varchar(255) DEFAULT NULL,
  `company_phone` varchar(50) DEFAULT NULL,
  `company_address` varchar(255) DEFAULT NULL,
  `created_at` datetime DEFAULT NULL,
  `updated_at` datetime DEFAULT NULL
) ENGINE=InnoDB DEFAULT CHARSET=utf8mb4;

-- --------------------------------------------------------

--
-- Estructura de tabla para la tabla `subcontractor_employee`
--

CREATE TABLE `subcontractor_employee` (
  `subcontractor_employee_id` int(11) NOT NULL,
  `name` varchar(255) DEFAULT NULL,
  `hourly_rate` decimal(8,2) DEFAULT NULL,
  `position` varchar(255) DEFAULT NULL,
  `subcontractor_id` int(11) DEFAULT NULL
) ENGINE=InnoDB DEFAULT CHARSET=utf8mb4;

-- --------------------------------------------------------

--
-- Estructura de tabla para la tabla `subcontractor_notes`
--

CREATE TABLE `subcontractor_notes` (
  `id` int(11) NOT NULL,
  `notes` text,
  `date` date DEFAULT NULL,
  `subcontractor_id` int(11) DEFAULT NULL
) ENGINE=InnoDB DEFAULT CHARSET=utf8mb4;

-- --------------------------------------------------------

--
-- Estructura de tabla para la tabla `sync_queue_qbwc`
--

CREATE TABLE `sync_queue_qbwc` (
  `id` int(11) NOT NULL,
  `tipo` varchar(50) DEFAULT NULL,
  `entidad_id` int(11) DEFAULT NULL,
  `estado` varchar(50) DEFAULT NULL,
  `intentos` int(11) DEFAULT NULL,
  `created_at` datetime DEFAULT NULL
) ENGINE=InnoDB DEFAULT CHARSET=utf8mb4;

--
-- Volcado de datos para la tabla `sync_queue_qbwc`
--

INSERT INTO `sync_queue_qbwc` (`id`, `tipo`, `entidad_id`, `estado`, `intentos`, `created_at`) VALUES
(1, 'invoice', 16, 'pendiente', 0, '2025-06-22 18:33:51'),
(2, 'item', 296, 'pendiente', 0, '2025-07-20 19:27:45'),
(3, 'item', 297, 'pendiente', 0, '2025-07-20 19:28:37'),
(4, 'invoice', 3, 'pendiente', 0, '2025-11-07 01:01:20'),
(6, 'invoice', 8, 'pendiente', 0, '2025-11-14 03:01:27'),
(7, 'invoice', 18, 'pendiente', 0, '2025-11-14 03:04:17'),
(11, 'invoice', 22, 'pendiente', 0, '2025-11-21 02:09:32'),
(12, 'invoice', 23, 'pendiente', 0, '2025-11-21 02:09:59'),
(13, 'invoice', 24, 'pendiente', 0, '2025-11-21 02:10:17'),
(14, 'item', 211, 'pendiente', 0, '2025-11-29 00:30:40');

-- --------------------------------------------------------

--
-- Estructura de tabla para la tabla `unit`
--

CREATE TABLE `unit` (
  `unit_id` int(11) NOT NULL,
  `description` varchar(255) DEFAULT NULL,
  `status` tinyint(1) DEFAULT NULL
) ENGINE=InnoDB DEFAULT CHARSET=utf8mb4;

--
-- Volcado de datos para la tabla `unit`
--

INSERT INTO `unit` (`unit_id`, `description`, `status`) VALUES
(11, 'CY', 1),
(12, 'LF', 1),
(13, 'SY', 1),
(14, 'LS', 1),
(15, 'EA', 1),
(16, 'SF', 1),
(17, 'LBS', 1),
(18, 'PACK', 1),
(19, 'BUNDLE', 1),
(20, 'BUCKET', 1),
(21, 'DAY', 1),
(22, 'ROLL', 1),
(23, 'CWT', 1),
(24, 'HR', 1);

-- --------------------------------------------------------

--
-- Estructura de tabla para la tabla `user`
--

CREATE TABLE `user` (
  `user_id` int(11) NOT NULL,
  `name` varchar(255) NOT NULL,
  `lastname` varchar(255) NOT NULL,
  `email` varchar(50) NOT NULL,
  `password` varchar(255) NOT NULL,
  `status` tinyint(1) DEFAULT NULL,
  `estimator` tinyint(1) DEFAULT NULL,
  `phone` varchar(50) DEFAULT NULL,
  `created_at` datetime DEFAULT NULL,
  `updated_at` datetime DEFAULT NULL,
  `rol_id` int(11) NOT NULL
) ENGINE=InnoDB DEFAULT CHARSET=utf8mb4;

--
-- Volcado de datos para la tabla `user`
--

INSERT INTO `user` (`user_id`, `name`, `lastname`, `email`, `password`, `status`, `estimator`, `phone`, `created_at`, `updated_at`, `rol_id`) VALUES
(1, 'Administrator', 'Concrete', 'admin@example.com', '$2y$12$BOatgu1QzGTVsMXEX/WSL.wLp3EkXwVuHi7i.rtP2wUQJ.j4ub6Hi', 1, 0, '(999) 999-9999', '2024-04-12 09:24:44', '2025-11-09 15:43:19', 1),
(2, 'Marcel', 'Curbelo Carmona', 'cyborgmnk@gmail.com', '$2y$12$BOatgu1QzGTVsMXEX/WSL.wLp3EkXwVuHi7i.rtP2wUQJ.j4ub6Hi', 1, 1, '(994) 356-4654', '2025-05-31 16:44:32', '2025-11-15 15:53:24', 4),
(3, 'Andres', 'Iglesias', 'aaiglesias85@gmail.com', '$2y$12$BOatgu1QzGTVsMXEX/WSL.wLp3EkXwVuHi7i.rtP2wUQJ.j4ub6Hi', 1, 0, '(345) 465-4654', '2025-05-31 16:45:22', '2025-10-26 22:01:07', 1),
(10, 'test', 'test', 'test@test.com', '$2y$12$BOatgu1QzGTVsMXEX/WSL.wLp3EkXwVuHi7i.rtP2wUQJ.j4ub6Hi', 1, 0, '', NULL, '2025-10-26 22:01:29', 1);

-- --------------------------------------------------------

--
-- Estructura de tabla para la tabla `user_permission`
--

CREATE TABLE `user_permission` (
  `id` int(11) NOT NULL,
  `view_permission` tinyint(1) DEFAULT NULL,
  `add_permission` tinyint(1) DEFAULT NULL,
  `edit_permission` tinyint(1) DEFAULT NULL,
  `delete_permission` tinyint(1) DEFAULT NULL,
  `user_id` int(11) DEFAULT NULL,
  `function_id` int(11) DEFAULT NULL
) ENGINE=InnoDB DEFAULT CHARSET=utf8mb4;

--
-- Volcado de datos para la tabla `user_permission`
--

INSERT INTO `user_permission` (`id`, `view_permission`, `add_permission`, `edit_permission`, `delete_permission`, `user_id`, `function_id`) VALUES
(935, 1, 1, 1, 1, 3, 1),
(936, 1, 1, 1, 1, 3, 2),
(937, 1, 1, 1, 1, 3, 3),
(938, 1, 1, 1, 1, 3, 4),
(939, 1, 1, 1, 1, 3, 5),
(940, 1, 1, 1, 1, 3, 6),
(941, 1, 1, 1, 1, 3, 7),
(942, 1, 1, 1, 1, 3, 8),
(943, 1, 1, 1, 1, 3, 9),
(944, 1, 1, 1, 1, 3, 10),
(945, 1, 1, 1, 1, 3, 11),
(946, 1, 1, 1, 1, 3, 12),
(947, 1, 1, 1, 1, 3, 13),
(948, 1, 1, 1, 1, 3, 14),
(949, 1, 1, 1, 1, 3, 15),
(950, 1, 1, 1, 1, 3, 16),
(951, 1, 1, 1, 1, 3, 17),
(952, 1, 1, 1, 1, 3, 18),
(953, 1, 1, 1, 1, 3, 19),
(954, 1, 1, 1, 1, 3, 20),
(955, 1, 1, 1, 1, 3, 21),
(956, 1, 1, 1, 1, 3, 22),
(957, 1, 1, 1, 1, 3, 23),
(958, 1, 1, 1, 1, 3, 24),
(959, 1, 1, 1, 1, 3, 25),
(960, 1, 1, 1, 1, 3, 26),
(961, 1, 1, 1, 1, 3, 27),
(962, 1, 1, 1, 1, 3, 28),
(963, 1, 1, 1, 1, 3, 29),
(964, 1, 1, 1, 1, 3, 30),
(965, 1, 1, 1, 1, 3, 31),
(966, 1, 1, 1, 1, 3, 32),
(967, 1, 1, 1, 1, 3, 33),
(1034, 1, 1, 1, 1, 10, 1),
(1035, 1, 1, 1, 1, 10, 2),
(1036, 1, 1, 1, 1, 10, 3),
(1037, 1, 1, 1, 1, 10, 4),
(1038, 1, 1, 1, 1, 10, 5),
(1039, 1, 1, 1, 1, 10, 6),
(1040, 1, 1, 1, 1, 10, 7),
(1041, 1, 1, 1, 1, 10, 8),
(1042, 1, 1, 1, 1, 10, 9),
(1043, 1, 1, 1, 1, 10, 10),
(1044, 1, 1, 1, 1, 10, 11),
(1045, 1, 1, 1, 1, 10, 12),
(1046, 1, 1, 1, 1, 10, 13),
(1047, 1, 1, 1, 1, 10, 14),
(1048, 1, 1, 1, 1, 10, 15),
(1049, 1, 1, 1, 1, 10, 16),
(1050, 1, 1, 1, 1, 10, 17),
(1051, 1, 1, 1, 1, 10, 18),
(1052, 1, 1, 1, 1, 10, 19),
(1053, 1, 1, 1, 1, 10, 20),
(1054, 1, 1, 1, 1, 10, 21),
(1055, 1, 1, 1, 1, 10, 22),
(1056, 1, 1, 1, 1, 10, 23),
(1057, 1, 1, 1, 1, 10, 24),
(1058, 1, 1, 1, 1, 10, 25),
(1059, 1, 1, 1, 1, 10, 26),
(1060, 1, 1, 1, 1, 10, 27),
(1061, 1, 1, 1, 1, 10, 28),
(1062, 1, 1, 1, 1, 10, 29),
(1063, 1, 1, 1, 1, 10, 30),
(1064, 1, 1, 1, 1, 10, 31),
(1065, 1, 1, 1, 1, 10, 32),
(1066, 1, 1, 1, 1, 10, 33),
(1099, 1, 1, 1, 1, 1, 1),
(1100, 1, 1, 1, 1, 1, 2),
(1101, 1, 1, 1, 1, 1, 3),
(1102, 1, 1, 1, 1, 1, 4),
(1103, 1, 1, 1, 1, 1, 5),
(1104, 1, 1, 1, 1, 1, 6),
(1105, 1, 1, 1, 1, 1, 7),
(1106, 1, 1, 1, 1, 1, 8),
(1107, 1, 1, 1, 1, 1, 9),
(1108, 1, 1, 1, 1, 1, 10),
(1109, 1, 1, 1, 1, 1, 11),
(1110, 1, 1, 1, 1, 1, 12),
(1111, 1, 1, 1, 1, 1, 13),
(1112, 1, 1, 1, 1, 1, 14),
(1113, 1, 1, 1, 1, 1, 15),
(1114, 1, 1, 1, 1, 1, 16),
(1115, 1, 1, 1, 1, 1, 17),
(1116, 1, 1, 1, 1, 1, 18),
(1117, 1, 1, 1, 1, 1, 19),
(1118, 1, 1, 1, 1, 1, 20),
(1119, 1, 1, 1, 1, 1, 21),
(1120, 1, 1, 1, 1, 1, 22),
(1121, 1, 1, 1, 1, 1, 23),
(1122, 1, 1, 1, 1, 1, 24),
(1123, 1, 1, 1, 1, 1, 25),
(1124, 1, 1, 1, 1, 1, 26),
(1125, 1, 1, 1, 1, 1, 27),
(1126, 1, 1, 1, 1, 1, 28),
(1127, 1, 1, 1, 1, 1, 29),
(1128, 1, 1, 1, 1, 1, 30),
(1129, 1, 1, 1, 1, 1, 31),
(1130, 1, 1, 1, 1, 1, 32),
(1131, 1, 1, 1, 1, 1, 33),
(1132, 1, 1, 1, 1, 2, 1),
(1133, 1, 0, 0, 0, 2, 2),
(1134, 1, 0, 0, 0, 2, 3),
(1135, 1, 0, 0, 0, 2, 4),
(1136, 1, 0, 0, 0, 2, 7),
(1137, 1, 0, 0, 0, 2, 8),
(1138, 1, 0, 0, 0, 2, 9),
(1139, 1, 0, 0, 0, 2, 10),
(1140, 1, 1, 1, 1, 2, 11),
(1141, 1, 1, 1, 1, 2, 12),
(1142, 1, 0, 0, 0, 2, 13),
(1143, 1, 1, 1, 1, 2, 14),
(1144, 1, 1, 1, 1, 2, 15),
(1145, 1, 1, 1, 1, 2, 16),
(1146, 1, 1, 1, 1, 1, 34),
(1147, 1, 1, 1, 1, 1, 35),
(1148, 1, 1, 1, 1, 1, 36);

-- --------------------------------------------------------

--
-- Estructura de tabla para la tabla `user_qbwc_token`
--

CREATE TABLE `user_qbwc_token` (
  `id` int(11) NOT NULL,
  `token` text,
  `user_id` int(11) DEFAULT NULL
) ENGINE=InnoDB DEFAULT CHARSET=utf8mb4;

--
-- Volcado de datos para la tabla `user_qbwc_token`
--

INSERT INTO `user_qbwc_token` (`id`, `token`, `user_id`) VALUES
(1, '0b34a74ba3835547008ddf6305aa2e34', 1),
(2, 'd5b6ba201f88814e38ba31c42d7fef60', 1),
(3, 'e42b85864b9696b34d584be571d21d51', 1),
(4, '6e0410a5c6a6281840c5e0094346531c', 1),
(5, '78cdd04ce400af9b7b039ee8082f9d18', 1),
(6, 'dba7d8ff0f51812358a44d318fa4f34f', 1),
(7, '71b33649f4468fd0b990de772f114ef9', 1),
(8, '63acb0c2efbf4b22704bb772e285ccd5', 1),
(9, 'e03fecb51316b8a9d72e858ceac33f89', 1),
(10, 'd70a9b2a75a48209f8a57fe04395a48d', 1);

--
-- Índices para tablas volcadas
--

--
-- Indices de la tabla `advertisement`
--
ALTER TABLE `advertisement`
  ADD PRIMARY KEY (`advertisement_id`);

--
-- Indices de la tabla `company`
--
ALTER TABLE `company`
  ADD PRIMARY KEY (`company_id`);

--
-- Indices de la tabla `company_contact`
--
ALTER TABLE `company_contact`
  ADD PRIMARY KEY (`contact_id`),
  ADD KEY `Ref6474` (`company_id`);

--
-- Indices de la tabla `concrete_class`
--
ALTER TABLE `concrete_class`
  ADD PRIMARY KEY (`concrete_class_id`);

--
-- Indices de la tabla `concrete_vendor`
--
ALTER TABLE `concrete_vendor`
  ADD PRIMARY KEY (`vendor_id`);

--
-- Indices de la tabla `concrete_vendor_contact`
--
ALTER TABLE `concrete_vendor_contact`
  ADD PRIMARY KEY (`contact_id`),
  ADD KEY `Refcontactconcvendor1` (`vendor_id`);

--
-- Indices de la tabla `county`
--
ALTER TABLE `county`
  ADD PRIMARY KEY (`county_id`),
  ADD KEY `district_id` (`district_id`);

--
-- Indices de la tabla `data_tracking`
--
ALTER TABLE `data_tracking`
  ADD PRIMARY KEY (`id`),
  ADD KEY `inspector_id` (`inspector_id`),
  ADD KEY `project_id` (`project_id`),
  ADD KEY `overhead_price_id` (`overhead_price_id`);

--
-- Indices de la tabla `data_tracking_attachment`
--
ALTER TABLE `data_tracking_attachment`
  ADD PRIMARY KEY (`id`),
  ADD KEY `Refdata_tracking_attachment1` (`data_tracking_id`);

--
-- Indices de la tabla `data_tracking_conc_vendor`
--
ALTER TABLE `data_tracking_conc_vendor`
  ADD PRIMARY KEY (`id`),
  ADD KEY `Ref6345` (`data_tracking_id`),
  ADD KEY `vendor_id` (`vendor_id`);

--
-- Indices de la tabla `data_tracking_item`
--
ALTER TABLE `data_tracking_item`
  ADD PRIMARY KEY (`id`),
  ADD KEY `Ref7185` (`data_tracking_id`),
  ADD KEY `Ref7686` (`project_item_id`);

--
-- Indices de la tabla `data_tracking_labor`
--
ALTER TABLE `data_tracking_labor`
  ADD PRIMARY KEY (`id`),
  ADD KEY `fk_data_tracking_labor` (`data_tracking_id`),
  ADD KEY `fk_data_tracking_labor_employee` (`employee_id`),
  ADD KEY `subcontractor_employee_id` (`subcontractor_employee_id`);

--
-- Indices de la tabla `data_tracking_material`
--
ALTER TABLE `data_tracking_material`
  ADD PRIMARY KEY (`id`),
  ADD KEY `fk_data_tracking_material` (`data_tracking_id`),
  ADD KEY `fk_data_tracking_material_2` (`material_id`);

--
-- Indices de la tabla `data_tracking_subcontract`
--
ALTER TABLE `data_tracking_subcontract`
  ADD PRIMARY KEY (`id`),
  ADD KEY `Ref63452` (`data_tracking_id`),
  ADD KEY `Ref63451` (`item_id`),
  ADD KEY `project_item_id` (`project_item_id`),
  ADD KEY `subcontractor_id` (`subcontractor_id`);

--
-- Indices de la tabla `district`
--
ALTER TABLE `district`
  ADD PRIMARY KEY (`district_id`);

--
-- Indices de la tabla `employee`
--
ALTER TABLE `employee`
  ADD PRIMARY KEY (`employee_id`),
  ADD KEY `race_id` (`race_id`);

--
-- Indices de la tabla `equation`
--
ALTER TABLE `equation`
  ADD PRIMARY KEY (`equation_id`);

--
-- Indices de la tabla `estimate`
--
ALTER TABLE `estimate`
  ADD PRIMARY KEY (`estimate_id`),
  ADD KEY `Refestimate1` (`project_stage_id`),
  ADD KEY `Refestimate2` (`proposal_type_id`),
  ADD KEY `Refestimate3` (`status_id`),
  ADD KEY `Refestimate4` (`district_id`),
  ADD KEY `Refestimate5` (`company_id`),
  ADD KEY `Refestimate6` (`contact_id`),
  ADD KEY `plan_downloading_id` (`plan_downloading_id`),
  ADD KEY `county_id` (`county_id`);

--
-- Indices de la tabla `estimate_bid_deadline`
--
ALTER TABLE `estimate_bid_deadline`
  ADD PRIMARY KEY (`id`),
  ADD KEY `Refestimate_bid_dealine1` (`estimate_id`),
  ADD KEY `Refestimate_bid_dealine2` (`company_id`);

--
-- Indices de la tabla `estimate_company`
--
ALTER TABLE `estimate_company`
  ADD PRIMARY KEY (`id`),
  ADD KEY `Refestimate_company1` (`estimate_id`),
  ADD KEY `Refestimate_company2` (`company_id`),
  ADD KEY `Refestimate_company3` (`contact_id`);

--
-- Indices de la tabla `estimate_estimator`
--
ALTER TABLE `estimate_estimator`
  ADD PRIMARY KEY (`id`),
  ADD KEY `Refestimate_estimator1` (`estimate_id`),
  ADD KEY `Refestimate_estimator2` (`user_id`);

--
-- Indices de la tabla `estimate_project_type`
--
ALTER TABLE `estimate_project_type`
  ADD PRIMARY KEY (`id`),
  ADD KEY `Refestimate_project_type1` (`estimate_id`),
  ADD KEY `Refestimate_project_type2` (`type_id`);

--
-- Indices de la tabla `estimate_quote`
--
ALTER TABLE `estimate_quote`
  ADD PRIMARY KEY (`id`),
  ADD KEY `Refestimate_quote1` (`estimate_id`),
  ADD KEY `Refestimate_quote2` (`item_id`),
  ADD KEY `Refestimate_quote3` (`equation_id`);

--
-- Indices de la tabla `function`
--
ALTER TABLE `function`
  ADD PRIMARY KEY (`function_id`);

--
-- Indices de la tabla `holiday`
--
ALTER TABLE `holiday`
  ADD PRIMARY KEY (`holiday_id`);

--
-- Indices de la tabla `inspector`
--
ALTER TABLE `inspector`
  ADD PRIMARY KEY (`inspector_id`);

--
-- Indices de la tabla `invoice`
--
ALTER TABLE `invoice`
  ADD PRIMARY KEY (`invoice_id`);

--
-- Indices de la tabla `invoice_attachment`
--
ALTER TABLE `invoice_attachment`
  ADD PRIMARY KEY (`id`),
  ADD KEY `Refinvoice_attachment1` (`invoice_id`);

--
-- Indices de la tabla `invoice_item`
--
ALTER TABLE `invoice_item`
  ADD PRIMARY KEY (`id`);

--
-- Indices de la tabla `invoice_item_notes`
--
ALTER TABLE `invoice_item_notes`
  ADD PRIMARY KEY (`id`),
  ADD KEY `Refinvoice_item_notes1` (`invoice_item_id`);

--
-- Indices de la tabla `invoice_notes`
--
ALTER TABLE `invoice_notes`
  ADD PRIMARY KEY (`id`),
  ADD KEY `Refinvoice_notes1` (`invoice_id`);

--
-- Indices de la tabla `item`
--
ALTER TABLE `item`
  ADD PRIMARY KEY (`item_id`),
  ADD KEY `Ref6864` (`unit_id`),
  ADD KEY `equation_id` (`equation_id`);

--
-- Indices de la tabla `log`
--
ALTER TABLE `log`
  ADD PRIMARY KEY (`log_id`),
  ADD KEY `Ref135434` (`user_id`);

--
-- Indices de la tabla `material`
--
ALTER TABLE `material`
  ADD PRIMARY KEY (`material_id`),
  ADD KEY `fk_material_unit` (`unit_id`);

--
-- Indices de la tabla `notification`
--
ALTER TABLE `notification`
  ADD PRIMARY KEY (`id`),
  ADD KEY `Ref1377` (`user_id`);

--
-- Indices de la tabla `overhead_price`
--
ALTER TABLE `overhead_price`
  ADD PRIMARY KEY (`overhead_id`);

--
-- Indices de la tabla `plan_downloading`
--
ALTER TABLE `plan_downloading`
  ADD PRIMARY KEY (`plan_downloading_id`);

--
-- Indices de la tabla `plan_status`
--
ALTER TABLE `plan_status`
  ADD PRIMARY KEY (`status_id`);

--
-- Indices de la tabla `project`
--
ALTER TABLE `project`
  ADD PRIMARY KEY (`project_id`),
  ADD KEY `Ref6467` (`company_id`),
  ADD KEY `Ref6573` (`inspector_id`),
  ADD KEY `county_id` (`county_id`),
  ADD KEY `vendor_id` (`vendor_id`),
  ADD KEY `concrete_class_id` (`concrete_class_id`);

--
-- Indices de la tabla `project_attachment`
--
ALTER TABLE `project_attachment`
  ADD PRIMARY KEY (`id`),
  ADD KEY `Refproject_attachment1` (`project_id`);

--
-- Indices de la tabla `project_contact`
--
ALTER TABLE `project_contact`
  ADD PRIMARY KEY (`contact_id`),
  ADD KEY `Ref6475` (`project_id`);

--
-- Indices de la tabla `project_item`
--
ALTER TABLE `project_item`
  ADD PRIMARY KEY (`id`),
  ADD KEY `Ref6679` (`project_id`),
  ADD KEY `Ref6780` (`item_id`),
  ADD KEY `equation_id` (`equation_id`);

--
-- Indices de la tabla `project_item_history`
--
ALTER TABLE `project_item_history`
  ADD PRIMARY KEY (`id`),
  ADD KEY `project_item_id` (`project_item_id`),
  ADD KEY `user_id` (`user_id`);

--
-- Indices de la tabla `project_notes`
--
ALTER TABLE `project_notes`
  ADD PRIMARY KEY (`id`),
  ADD KEY `Ref6678` (`project_id`);

--
-- Indices de la tabla `project_price_adjustment`
--
ALTER TABLE `project_price_adjustment`
  ADD PRIMARY KEY (`id`),
  ADD KEY `Refproject_price_adjustment1` (`project_id`);

--
-- Indices de la tabla `project_stage`
--
ALTER TABLE `project_stage`
  ADD PRIMARY KEY (`stage_id`);

--
-- Indices de la tabla `project_type`
--
ALTER TABLE `project_type`
  ADD PRIMARY KEY (`type_id`);

--
-- Indices de la tabla `proposal_type`
--
ALTER TABLE `proposal_type`
  ADD PRIMARY KEY (`type_id`);

--
-- Indices de la tabla `race`
--
ALTER TABLE `race`
  ADD PRIMARY KEY (`race_id`);

--
-- Indices de la tabla `reminder`
--
ALTER TABLE `reminder`
  ADD PRIMARY KEY (`reminder_id`);

--
-- Indices de la tabla `reminder_recipient`
--
ALTER TABLE `reminder_recipient`
  ADD PRIMARY KEY (`id`),
  ADD KEY `Refreminderrecipient1` (`reminder_id`),
  ADD KEY `Refreminderrecipient2` (`user_id`);

--
-- Indices de la tabla `rol`
--
ALTER TABLE `rol`
  ADD PRIMARY KEY (`rol_id`);

--
-- Indices de la tabla `rol_permission`
--
ALTER TABLE `rol_permission`
  ADD PRIMARY KEY (`id`),
  ADD KEY `Ref151` (`rol_id`),
  ADD KEY `Ref192` (`function_id`);

--
-- Indices de la tabla `schedule`
--
ALTER TABLE `schedule`
  ADD PRIMARY KEY (`schedule_id`),
  ADD KEY `Refscheduleprojectid` (`project_id`),
  ADD KEY `Refscheduleprojectcontactid` (`project_contact_id`),
  ADD KEY `Refscheduleconcvendorid` (`vendor_id`),
  ADD KEY `employee_id` (`employee_id`);

--
-- Indices de la tabla `schedule_concrete_vendor_contact`
--
ALTER TABLE `schedule_concrete_vendor_contact`
  ADD PRIMARY KEY (`id`),
  ADD KEY `Refs_chedule_concrete_vendor_contacts_cheduleid` (`schedule_id`),
  ADD KEY `Refs_chedule_concrete_vendor_contacts_contactid` (`contact_id`);

--
-- Indices de la tabla `schedule_employee`
--
ALTER TABLE `schedule_employee`
  ADD PRIMARY KEY (`id`),
  ADD KEY `Refschedule_employee1` (`schedule_id`),
  ADD KEY `Refschedule_employee2` (`employee_id`);

--
-- Indices de la tabla `subcontractor`
--
ALTER TABLE `subcontractor`
  ADD PRIMARY KEY (`subcontractor_id`);

--
-- Indices de la tabla `subcontractor_employee`
--
ALTER TABLE `subcontractor_employee`
  ADD PRIMARY KEY (`subcontractor_employee_id`),
  ADD KEY `Ref63452` (`subcontractor_id`);

--
-- Indices de la tabla `subcontractor_notes`
--
ALTER TABLE `subcontractor_notes`
  ADD PRIMARY KEY (`id`),
  ADD KEY `Ref63453` (`subcontractor_id`);

--
-- Indices de la tabla `sync_queue_qbwc`
--
ALTER TABLE `sync_queue_qbwc`
  ADD PRIMARY KEY (`id`);

--
-- Indices de la tabla `unit`
--
ALTER TABLE `unit`
  ADD PRIMARY KEY (`unit_id`);

--
-- Indices de la tabla `user`
--
ALTER TABLE `user`
  ADD PRIMARY KEY (`user_id`),
  ADD KEY `Ref156` (`rol_id`);

--
-- Indices de la tabla `user_permission`
--
ALTER TABLE `user_permission`
  ADD PRIMARY KEY (`id`),
  ADD KEY `Ref133` (`user_id`),
  ADD KEY `Ref194` (`function_id`);

--
-- Indices de la tabla `user_qbwc_token`
--
ALTER TABLE `user_qbwc_token`
  ADD PRIMARY KEY (`id`),
  ADD KEY `Refuser_qbwc_token1` (`user_id`);

--
-- AUTO_INCREMENT de las tablas volcadas
--

--
-- AUTO_INCREMENT de la tabla `advertisement`
--
ALTER TABLE `advertisement`
  MODIFY `advertisement_id` int(11) NOT NULL AUTO_INCREMENT;

--
-- AUTO_INCREMENT de la tabla `company`
--
ALTER TABLE `company`
  MODIFY `company_id` int(11) NOT NULL AUTO_INCREMENT, AUTO_INCREMENT=49;

--
-- AUTO_INCREMENT de la tabla `company_contact`
--
ALTER TABLE `company_contact`
  MODIFY `contact_id` int(11) NOT NULL AUTO_INCREMENT, AUTO_INCREMENT=13;

--
-- AUTO_INCREMENT de la tabla `concrete_class`
--
ALTER TABLE `concrete_class`
  MODIFY `concrete_class_id` int(11) NOT NULL AUTO_INCREMENT, AUTO_INCREMENT=5;

--
-- AUTO_INCREMENT de la tabla `concrete_vendor`
--
ALTER TABLE `concrete_vendor`
  MODIFY `vendor_id` int(11) NOT NULL AUTO_INCREMENT, AUTO_INCREMENT=21;

--
-- AUTO_INCREMENT de la tabla `concrete_vendor_contact`
--
ALTER TABLE `concrete_vendor_contact`
  MODIFY `contact_id` int(11) NOT NULL AUTO_INCREMENT, AUTO_INCREMENT=4;

--
-- AUTO_INCREMENT de la tabla `county`
--
ALTER TABLE `county`
  MODIFY `county_id` int(11) NOT NULL AUTO_INCREMENT, AUTO_INCREMENT=121;

--
-- AUTO_INCREMENT de la tabla `data_tracking`
--
ALTER TABLE `data_tracking`
  MODIFY `id` int(11) NOT NULL AUTO_INCREMENT, AUTO_INCREMENT=390;

--
-- AUTO_INCREMENT de la tabla `data_tracking_attachment`
--
ALTER TABLE `data_tracking_attachment`
  MODIFY `id` int(11) NOT NULL AUTO_INCREMENT;

--
-- AUTO_INCREMENT de la tabla `data_tracking_conc_vendor`
--
ALTER TABLE `data_tracking_conc_vendor`
  MODIFY `id` int(11) NOT NULL AUTO_INCREMENT, AUTO_INCREMENT=234;

--
-- AUTO_INCREMENT de la tabla `data_tracking_item`
--
ALTER TABLE `data_tracking_item`
  MODIFY `id` int(11) NOT NULL AUTO_INCREMENT, AUTO_INCREMENT=366;

--
-- AUTO_INCREMENT de la tabla `data_tracking_labor`
--
ALTER TABLE `data_tracking_labor`
  MODIFY `id` int(11) NOT NULL AUTO_INCREMENT, AUTO_INCREMENT=1469;

--
-- AUTO_INCREMENT de la tabla `data_tracking_material`
--
ALTER TABLE `data_tracking_material`
  MODIFY `id` int(11) NOT NULL AUTO_INCREMENT, AUTO_INCREMENT=13;

--
-- AUTO_INCREMENT de la tabla `data_tracking_subcontract`
--
ALTER TABLE `data_tracking_subcontract`
  MODIFY `id` int(11) NOT NULL AUTO_INCREMENT, AUTO_INCREMENT=146;

--
-- AUTO_INCREMENT de la tabla `district`
--
ALTER TABLE `district`
  MODIFY `district_id` int(11) NOT NULL AUTO_INCREMENT, AUTO_INCREMENT=6;

--
-- AUTO_INCREMENT de la tabla `employee`
--
ALTER TABLE `employee`
  MODIFY `employee_id` int(11) NOT NULL AUTO_INCREMENT, AUTO_INCREMENT=77;

--
-- AUTO_INCREMENT de la tabla `equation`
--
ALTER TABLE `equation`
  MODIFY `equation_id` int(11) NOT NULL AUTO_INCREMENT, AUTO_INCREMENT=43;

--
-- AUTO_INCREMENT de la tabla `estimate`
--
ALTER TABLE `estimate`
  MODIFY `estimate_id` int(11) NOT NULL AUTO_INCREMENT, AUTO_INCREMENT=7;

--
-- AUTO_INCREMENT de la tabla `estimate_bid_deadline`
--
ALTER TABLE `estimate_bid_deadline`
  MODIFY `id` int(11) NOT NULL AUTO_INCREMENT, AUTO_INCREMENT=8;

--
-- AUTO_INCREMENT de la tabla `estimate_company`
--
ALTER TABLE `estimate_company`
  MODIFY `id` int(11) NOT NULL AUTO_INCREMENT, AUTO_INCREMENT=5;

--
-- AUTO_INCREMENT de la tabla `estimate_estimator`
--
ALTER TABLE `estimate_estimator`
  MODIFY `id` int(11) NOT NULL AUTO_INCREMENT, AUTO_INCREMENT=108;

--
-- AUTO_INCREMENT de la tabla `estimate_project_type`
--
ALTER TABLE `estimate_project_type`
  MODIFY `id` int(11) NOT NULL AUTO_INCREMENT, AUTO_INCREMENT=117;

--
-- AUTO_INCREMENT de la tabla `estimate_quote`
--
ALTER TABLE `estimate_quote`
  MODIFY `id` int(11) NOT NULL AUTO_INCREMENT, AUTO_INCREMENT=10;

--
-- AUTO_INCREMENT de la tabla `function`
--
ALTER TABLE `function`
  MODIFY `function_id` int(11) NOT NULL AUTO_INCREMENT, AUTO_INCREMENT=37;

--
-- AUTO_INCREMENT de la tabla `holiday`
--
ALTER TABLE `holiday`
  MODIFY `holiday_id` int(11) NOT NULL AUTO_INCREMENT, AUTO_INCREMENT=3;

--
-- AUTO_INCREMENT de la tabla `inspector`
--
ALTER TABLE `inspector`
  MODIFY `inspector_id` int(11) NOT NULL AUTO_INCREMENT, AUTO_INCREMENT=13;

--
-- AUTO_INCREMENT de la tabla `invoice`
--
ALTER TABLE `invoice`
  MODIFY `invoice_id` int(11) NOT NULL AUTO_INCREMENT, AUTO_INCREMENT=25;

--
-- AUTO_INCREMENT de la tabla `invoice_attachment`
--
ALTER TABLE `invoice_attachment`
  MODIFY `id` int(11) NOT NULL AUTO_INCREMENT;

--
-- AUTO_INCREMENT de la tabla `invoice_item`
--
ALTER TABLE `invoice_item`
  MODIFY `id` int(11) NOT NULL AUTO_INCREMENT, AUTO_INCREMENT=257;

--
-- AUTO_INCREMENT de la tabla `invoice_item_notes`
--
ALTER TABLE `invoice_item_notes`
  MODIFY `id` int(11) NOT NULL AUTO_INCREMENT;

--
-- AUTO_INCREMENT de la tabla `invoice_notes`
--
ALTER TABLE `invoice_notes`
  MODIFY `id` int(11) NOT NULL AUTO_INCREMENT;

--
-- AUTO_INCREMENT de la tabla `item`
--
ALTER TABLE `item`
  MODIFY `item_id` int(11) NOT NULL AUTO_INCREMENT, AUTO_INCREMENT=303;

--
-- AUTO_INCREMENT de la tabla `log`
--
ALTER TABLE `log`
  MODIFY `log_id` int(11) NOT NULL AUTO_INCREMENT, AUTO_INCREMENT=4086;

--
-- AUTO_INCREMENT de la tabla `material`
--
ALTER TABLE `material`
  MODIFY `material_id` int(11) NOT NULL AUTO_INCREMENT, AUTO_INCREMENT=35;

--
-- AUTO_INCREMENT de la tabla `notification`
--
ALTER TABLE `notification`
  MODIFY `id` int(11) NOT NULL AUTO_INCREMENT, AUTO_INCREMENT=76;

--
-- AUTO_INCREMENT de la tabla `overhead_price`
--
ALTER TABLE `overhead_price`
  MODIFY `overhead_id` int(11) NOT NULL AUTO_INCREMENT, AUTO_INCREMENT=2;

--
-- AUTO_INCREMENT de la tabla `plan_downloading`
--
ALTER TABLE `plan_downloading`
  MODIFY `plan_downloading_id` int(11) NOT NULL AUTO_INCREMENT, AUTO_INCREMENT=7;

--
-- AUTO_INCREMENT de la tabla `plan_status`
--
ALTER TABLE `plan_status`
  MODIFY `status_id` int(11) NOT NULL AUTO_INCREMENT, AUTO_INCREMENT=5;

--
-- AUTO_INCREMENT de la tabla `project`
--
ALTER TABLE `project`
  MODIFY `project_id` int(11) NOT NULL AUTO_INCREMENT, AUTO_INCREMENT=304;

--
-- AUTO_INCREMENT de la tabla `project_attachment`
--
ALTER TABLE `project_attachment`
  MODIFY `id` int(11) NOT NULL AUTO_INCREMENT;

--
-- AUTO_INCREMENT de la tabla `project_contact`
--
ALTER TABLE `project_contact`
  MODIFY `contact_id` int(11) NOT NULL AUTO_INCREMENT, AUTO_INCREMENT=9;

--
-- AUTO_INCREMENT de la tabla `project_item`
--
ALTER TABLE `project_item`
  MODIFY `id` int(11) NOT NULL AUTO_INCREMENT, AUTO_INCREMENT=1813;

--
-- AUTO_INCREMENT de la tabla `project_item_history`
--
ALTER TABLE `project_item_history`
  MODIFY `id` int(11) NOT NULL AUTO_INCREMENT, AUTO_INCREMENT=10;

--
-- AUTO_INCREMENT de la tabla `project_notes`
--
ALTER TABLE `project_notes`
  MODIFY `id` int(11) NOT NULL AUTO_INCREMENT, AUTO_INCREMENT=787;

--
-- AUTO_INCREMENT de la tabla `project_price_adjustment`
--
ALTER TABLE `project_price_adjustment`
  MODIFY `id` int(11) NOT NULL AUTO_INCREMENT, AUTO_INCREMENT=3;

--
-- AUTO_INCREMENT de la tabla `project_stage`
--
ALTER TABLE `project_stage`
  MODIFY `stage_id` int(11) NOT NULL AUTO_INCREMENT, AUTO_INCREMENT=6;

--
-- AUTO_INCREMENT de la tabla `project_type`
--
ALTER TABLE `project_type`
  MODIFY `type_id` int(11) NOT NULL AUTO_INCREMENT, AUTO_INCREMENT=6;

--
-- AUTO_INCREMENT de la tabla `proposal_type`
--
ALTER TABLE `proposal_type`
  MODIFY `type_id` int(11) NOT NULL AUTO_INCREMENT, AUTO_INCREMENT=7;

--
-- AUTO_INCREMENT de la tabla `race`
--
ALTER TABLE `race`
  MODIFY `race_id` int(11) NOT NULL AUTO_INCREMENT, AUTO_INCREMENT=9;

--
-- AUTO_INCREMENT de la tabla `reminder`
--
ALTER TABLE `reminder`
  MODIFY `reminder_id` int(11) NOT NULL AUTO_INCREMENT, AUTO_INCREMENT=3;

--
-- AUTO_INCREMENT de la tabla `reminder_recipient`
--
ALTER TABLE `reminder_recipient`
  MODIFY `id` int(11) NOT NULL AUTO_INCREMENT, AUTO_INCREMENT=7;

--
-- AUTO_INCREMENT de la tabla `rol`
--
ALTER TABLE `rol`
  MODIFY `rol_id` int(11) NOT NULL AUTO_INCREMENT, AUTO_INCREMENT=7;

--
-- AUTO_INCREMENT de la tabla `rol_permission`
--
ALTER TABLE `rol_permission`
  MODIFY `id` int(11) NOT NULL AUTO_INCREMENT, AUTO_INCREMENT=225;

--
-- AUTO_INCREMENT de la tabla `schedule`
--
ALTER TABLE `schedule`
  MODIFY `schedule_id` int(11) NOT NULL AUTO_INCREMENT, AUTO_INCREMENT=588;

--
-- AUTO_INCREMENT de la tabla `schedule_concrete_vendor_contact`
--
ALTER TABLE `schedule_concrete_vendor_contact`
  MODIFY `id` int(11) NOT NULL AUTO_INCREMENT, AUTO_INCREMENT=37;

--
-- AUTO_INCREMENT de la tabla `schedule_employee`
--
ALTER TABLE `schedule_employee`
  MODIFY `id` int(11) NOT NULL AUTO_INCREMENT, AUTO_INCREMENT=710;

--
-- AUTO_INCREMENT de la tabla `subcontractor`
--
ALTER TABLE `subcontractor`
  MODIFY `subcontractor_id` int(11) NOT NULL AUTO_INCREMENT;

--
-- AUTO_INCREMENT de la tabla `subcontractor_employee`
--
ALTER TABLE `subcontractor_employee`
  MODIFY `subcontractor_employee_id` int(11) NOT NULL AUTO_INCREMENT;

--
-- AUTO_INCREMENT de la tabla `subcontractor_notes`
--
ALTER TABLE `subcontractor_notes`
  MODIFY `id` int(11) NOT NULL AUTO_INCREMENT;

--
-- AUTO_INCREMENT de la tabla `sync_queue_qbwc`
--
ALTER TABLE `sync_queue_qbwc`
  MODIFY `id` int(11) NOT NULL AUTO_INCREMENT, AUTO_INCREMENT=15;

--
-- AUTO_INCREMENT de la tabla `unit`
--
ALTER TABLE `unit`
  MODIFY `unit_id` int(11) NOT NULL AUTO_INCREMENT, AUTO_INCREMENT=25;

--
-- AUTO_INCREMENT de la tabla `user`
--
ALTER TABLE `user`
  MODIFY `user_id` int(11) NOT NULL AUTO_INCREMENT, AUTO_INCREMENT=11;

--
-- AUTO_INCREMENT de la tabla `user_permission`
--
ALTER TABLE `user_permission`
  MODIFY `id` int(11) NOT NULL AUTO_INCREMENT, AUTO_INCREMENT=1149;

--
-- AUTO_INCREMENT de la tabla `user_qbwc_token`
--
ALTER TABLE `user_qbwc_token`
  MODIFY `id` int(11) NOT NULL AUTO_INCREMENT, AUTO_INCREMENT=11;

--
-- Restricciones para tablas volcadas
--

--
-- Filtros para la tabla `company_contact`
--
ALTER TABLE `company_contact`
  ADD CONSTRAINT `Refcontractor74` FOREIGN KEY (`company_id`) REFERENCES `company` (`company_id`);

--
-- Filtros para la tabla `concrete_vendor_contact`
--
ALTER TABLE `concrete_vendor_contact`
  ADD CONSTRAINT `Refcontactconcvendor1` FOREIGN KEY (`vendor_id`) REFERENCES `concrete_vendor` (`vendor_id`);

--
-- Filtros para la tabla `county`
--
ALTER TABLE `county`
  ADD CONSTRAINT `Refcountydistrictid` FOREIGN KEY (`district_id`) REFERENCES `district` (`district_id`);

--
-- Filtros para la tabla `data_tracking`
--
ALTER TABLE `data_tracking`
  ADD CONSTRAINT `Refinspector158` FOREIGN KEY (`inspector_id`) REFERENCES `inspector` (`inspector_id`),
  ADD CONSTRAINT `Refoverheadprice25` FOREIGN KEY (`overhead_price_id`) REFERENCES `overhead_price` (`overhead_id`),
  ADD CONSTRAINT `Refproject25` FOREIGN KEY (`project_id`) REFERENCES `project` (`project_id`);

--
-- Filtros para la tabla `data_tracking_attachment`
--
ALTER TABLE `data_tracking_attachment`
  ADD CONSTRAINT `Refdata_tracking_attachment1` FOREIGN KEY (`data_tracking_id`) REFERENCES `data_tracking` (`id`);

--
-- Filtros para la tabla `data_tracking_conc_vendor`
--
ALTER TABLE `data_tracking_conc_vendor`
  ADD CONSTRAINT `Refdatatrackingconcvendor35` FOREIGN KEY (`data_tracking_id`) REFERENCES `data_tracking` (`id`) ON DELETE NO ACTION ON UPDATE NO ACTION,
  ADD CONSTRAINT `Refdatatrackingconcvendor36` FOREIGN KEY (`vendor_id`) REFERENCES `concrete_vendor` (`vendor_id`);

--
-- Filtros para la tabla `data_tracking_item`
--
ALTER TABLE `data_tracking_item`
  ADD CONSTRAINT `Refdata_tracking85` FOREIGN KEY (`data_tracking_id`) REFERENCES `data_tracking` (`id`),
  ADD CONSTRAINT `Refproject_item86` FOREIGN KEY (`project_item_id`) REFERENCES `project_item` (`id`);

--
-- Filtros para la tabla `data_tracking_labor`
--
ALTER TABLE `data_tracking_labor`
  ADD CONSTRAINT `fk_data_tracking_labor` FOREIGN KEY (`data_tracking_id`) REFERENCES `data_tracking` (`id`) ON DELETE NO ACTION ON UPDATE NO ACTION,
  ADD CONSTRAINT `fk_data_tracking_labor_employee` FOREIGN KEY (`employee_id`) REFERENCES `employee` (`employee_id`) ON DELETE NO ACTION ON UPDATE NO ACTION,
  ADD CONSTRAINT `fk_data_tracking_labor_subcontractor_employee` FOREIGN KEY (`subcontractor_employee_id`) REFERENCES `subcontractor_employee` (`subcontractor_employee_id`);

--
-- Filtros para la tabla `data_tracking_material`
--
ALTER TABLE `data_tracking_material`
  ADD CONSTRAINT `fk_data_tracking_material` FOREIGN KEY (`data_tracking_id`) REFERENCES `data_tracking` (`id`) ON DELETE NO ACTION ON UPDATE NO ACTION,
  ADD CONSTRAINT `fk_data_tracking_material_2` FOREIGN KEY (`material_id`) REFERENCES `material` (`material_id`) ON DELETE NO ACTION ON UPDATE NO ACTION;

--
-- Filtros para la tabla `data_tracking_subcontract`
--
ALTER TABLE `data_tracking_subcontract`
  ADD CONSTRAINT `Refdatatrackingsubcontract35` FOREIGN KEY (`data_tracking_id`) REFERENCES `data_tracking` (`id`) ON DELETE NO ACTION ON UPDATE NO ACTION,
  ADD CONSTRAINT `Refdatatrackingsubcontract36` FOREIGN KEY (`item_id`) REFERENCES `item` (`item_id`) ON DELETE NO ACTION ON UPDATE NO ACTION,
  ADD CONSTRAINT `Refdatatrackingsubcontract37` FOREIGN KEY (`project_item_id`) REFERENCES `project_item` (`id`),
  ADD CONSTRAINT `Refdatatrackingsubcontract38` FOREIGN KEY (`subcontractor_id`) REFERENCES `subcontractor` (`subcontractor_id`);

--
-- Filtros para la tabla `employee`
--
ALTER TABLE `employee`
  ADD CONSTRAINT `Refemployee1` FOREIGN KEY (`race_id`) REFERENCES `race` (`race_id`);

--
-- Filtros para la tabla `estimate`
--
ALTER TABLE `estimate`
  ADD CONSTRAINT `Refestimate1` FOREIGN KEY (`project_stage_id`) REFERENCES `project_stage` (`stage_id`),
  ADD CONSTRAINT `Refestimate2` FOREIGN KEY (`proposal_type_id`) REFERENCES `proposal_type` (`type_id`),
  ADD CONSTRAINT `Refestimate3` FOREIGN KEY (`status_id`) REFERENCES `plan_status` (`status_id`),
  ADD CONSTRAINT `Refestimate4` FOREIGN KEY (`district_id`) REFERENCES `district` (`district_id`),
  ADD CONSTRAINT `Refestimate5` FOREIGN KEY (`company_id`) REFERENCES `company` (`company_id`),
  ADD CONSTRAINT `Refestimate6` FOREIGN KEY (`contact_id`) REFERENCES `company_contact` (`contact_id`),
  ADD CONSTRAINT `Refestimate7` FOREIGN KEY (`plan_downloading_id`) REFERENCES `plan_downloading` (`plan_downloading_id`),
  ADD CONSTRAINT `Refestimatecountyid` FOREIGN KEY (`county_id`) REFERENCES `county` (`county_id`);

--
-- Filtros para la tabla `estimate_bid_deadline`
--
ALTER TABLE `estimate_bid_deadline`
  ADD CONSTRAINT `Refestimate_bid_dealine1` FOREIGN KEY (`estimate_id`) REFERENCES `estimate` (`estimate_id`),
  ADD CONSTRAINT `Refestimate_bid_dealine2` FOREIGN KEY (`company_id`) REFERENCES `company` (`company_id`);

--
-- Filtros para la tabla `estimate_company`
--
ALTER TABLE `estimate_company`
  ADD CONSTRAINT `Refestimate_company1` FOREIGN KEY (`estimate_id`) REFERENCES `estimate` (`estimate_id`),
  ADD CONSTRAINT `Refestimate_company2` FOREIGN KEY (`company_id`) REFERENCES `company` (`company_id`),
  ADD CONSTRAINT `Refestimate_company3` FOREIGN KEY (`contact_id`) REFERENCES `company_contact` (`contact_id`);

--
-- Filtros para la tabla `estimate_estimator`
--
ALTER TABLE `estimate_estimator`
  ADD CONSTRAINT `Refestimate_estimator1` FOREIGN KEY (`estimate_id`) REFERENCES `estimate` (`estimate_id`),
  ADD CONSTRAINT `Refestimate_estimator2` FOREIGN KEY (`user_id`) REFERENCES `user` (`user_id`);

--
-- Filtros para la tabla `estimate_project_type`
--
ALTER TABLE `estimate_project_type`
  ADD CONSTRAINT `Refestimate_project_type1` FOREIGN KEY (`estimate_id`) REFERENCES `estimate` (`estimate_id`),
  ADD CONSTRAINT `Refestimate_project_type2` FOREIGN KEY (`type_id`) REFERENCES `project_type` (`type_id`);

--
-- Filtros para la tabla `estimate_quote`
--
ALTER TABLE `estimate_quote`
  ADD CONSTRAINT `Refestimate_quote1` FOREIGN KEY (`estimate_id`) REFERENCES `estimate` (`estimate_id`),
  ADD CONSTRAINT `Refestimate_quote2` FOREIGN KEY (`item_id`) REFERENCES `item` (`item_id`),
  ADD CONSTRAINT `Refestimate_quote3` FOREIGN KEY (`equation_id`) REFERENCES `equation` (`equation_id`);

--
-- Filtros para la tabla `invoice_attachment`
--
ALTER TABLE `invoice_attachment`
  ADD CONSTRAINT `Refinvoice_attachment1` FOREIGN KEY (`invoice_id`) REFERENCES `invoice` (`invoice_id`);

--
-- Filtros para la tabla `invoice_item_notes`
--
ALTER TABLE `invoice_item_notes`
  ADD CONSTRAINT `Refinvoice_item_notes1` FOREIGN KEY (`invoice_item_id`) REFERENCES `invoice_item` (`id`);

--
-- Filtros para la tabla `invoice_notes`
--
ALTER TABLE `invoice_notes`
  ADD CONSTRAINT `Refinvoice_notes1` FOREIGN KEY (`invoice_id`) REFERENCES `invoice` (`invoice_id`);

--
-- Filtros para la tabla `item`
--
ALTER TABLE `item`
  ADD CONSTRAINT `Refequation10` FOREIGN KEY (`equation_id`) REFERENCES `equation` (`equation_id`),
  ADD CONSTRAINT `Refunit64` FOREIGN KEY (`unit_id`) REFERENCES `unit` (`unit_id`);

--
-- Filtros para la tabla `log`
--
ALTER TABLE `log`
  ADD CONSTRAINT `Refuser434` FOREIGN KEY (`user_id`) REFERENCES `user` (`user_id`);

--
-- Filtros para la tabla `material`
--
ALTER TABLE `material`
  ADD CONSTRAINT `fk_material_unit` FOREIGN KEY (`unit_id`) REFERENCES `unit` (`unit_id`) ON DELETE NO ACTION ON UPDATE NO ACTION;

--
-- Filtros para la tabla `notification`
--
ALTER TABLE `notification`
  ADD CONSTRAINT `Refuser77` FOREIGN KEY (`user_id`) REFERENCES `user` (`user_id`);

--
-- Filtros para la tabla `project`
--
ALTER TABLE `project`
  ADD CONSTRAINT `Refconcreteclassid` FOREIGN KEY (`concrete_class_id`) REFERENCES `concrete_class` (`concrete_class_id`),
  ADD CONSTRAINT `Refconcretevendorid` FOREIGN KEY (`vendor_id`) REFERENCES `concrete_vendor` (`vendor_id`),
  ADD CONSTRAINT `Refcontractor67` FOREIGN KEY (`company_id`) REFERENCES `company` (`company_id`),
  ADD CONSTRAINT `Refinspector73` FOREIGN KEY (`inspector_id`) REFERENCES `inspector` (`inspector_id`),
  ADD CONSTRAINT `Refprojectcountyid` FOREIGN KEY (`county_id`) REFERENCES `county` (`county_id`);

--
-- Filtros para la tabla `project_attachment`
--
ALTER TABLE `project_attachment`
  ADD CONSTRAINT `Refproject_attachment1` FOREIGN KEY (`project_id`) REFERENCES `project` (`project_id`);

--
-- Filtros para la tabla `project_contact`
--
ALTER TABLE `project_contact`
  ADD CONSTRAINT `Refcontractor75` FOREIGN KEY (`project_id`) REFERENCES `project` (`project_id`) ON DELETE NO ACTION ON UPDATE NO ACTION;

--
-- Filtros para la tabla `project_item`
--
ALTER TABLE `project_item`
  ADD CONSTRAINT `Refequation11` FOREIGN KEY (`equation_id`) REFERENCES `equation` (`equation_id`),
  ADD CONSTRAINT `Refitem80` FOREIGN KEY (`item_id`) REFERENCES `item` (`item_id`),
  ADD CONSTRAINT `Refproject79` FOREIGN KEY (`project_id`) REFERENCES `project` (`project_id`);

--
-- Filtros para la tabla `project_item_history`
--
ALTER TABLE `project_item_history`
  ADD CONSTRAINT `project_item_history_ibfk_1` FOREIGN KEY (`project_item_id`) REFERENCES `project_item` (`id`),
  ADD CONSTRAINT `project_item_history_ibfk_2` FOREIGN KEY (`user_id`) REFERENCES `user` (`user_id`);

--
-- Filtros para la tabla `project_notes`
--
ALTER TABLE `project_notes`
  ADD CONSTRAINT `Refproject78` FOREIGN KEY (`project_id`) REFERENCES `project` (`project_id`);

--
-- Filtros para la tabla `project_price_adjustment`
--
ALTER TABLE `project_price_adjustment`
  ADD CONSTRAINT `Refproject_price_adjustment1` FOREIGN KEY (`project_id`) REFERENCES `project` (`project_id`);

--
-- Filtros para la tabla `reminder_recipient`
--
ALTER TABLE `reminder_recipient`
  ADD CONSTRAINT `Refreminderrecipient1` FOREIGN KEY (`reminder_id`) REFERENCES `reminder` (`reminder_id`),
  ADD CONSTRAINT `Refreminderrecipient2` FOREIGN KEY (`user_id`) REFERENCES `user` (`user_id`);

--
-- Filtros para la tabla `rol_permission`
--
ALTER TABLE `rol_permission`
  ADD CONSTRAINT `Reffunction2` FOREIGN KEY (`function_id`) REFERENCES `function` (`function_id`),
  ADD CONSTRAINT `Refrol1` FOREIGN KEY (`rol_id`) REFERENCES `rol` (`rol_id`);

--
-- Filtros para la tabla `schedule`
--
ALTER TABLE `schedule`
  ADD CONSTRAINT `Refscheduleconcvendorid` FOREIGN KEY (`vendor_id`) REFERENCES `concrete_vendor` (`vendor_id`),
  ADD CONSTRAINT `Refscheduleemployeeid` FOREIGN KEY (`employee_id`) REFERENCES `employee` (`employee_id`),
  ADD CONSTRAINT `Refscheduleprojectcontactid` FOREIGN KEY (`project_contact_id`) REFERENCES `project_contact` (`contact_id`),
  ADD CONSTRAINT `Refscheduleprojectid` FOREIGN KEY (`project_id`) REFERENCES `project` (`project_id`);

--
-- Filtros para la tabla `schedule_concrete_vendor_contact`
--
ALTER TABLE `schedule_concrete_vendor_contact`
  ADD CONSTRAINT `Refs_chedule_concrete_vendor_contacts_cheduleid` FOREIGN KEY (`schedule_id`) REFERENCES `schedule` (`schedule_id`),
  ADD CONSTRAINT `Refs_chedule_concrete_vendor_contacts_contactid` FOREIGN KEY (`contact_id`) REFERENCES `concrete_vendor_contact` (`contact_id`);

--
-- Filtros para la tabla `schedule_employee`
--
ALTER TABLE `schedule_employee`
  ADD CONSTRAINT `Refschedule_employee1` FOREIGN KEY (`schedule_id`) REFERENCES `schedule` (`schedule_id`),
  ADD CONSTRAINT `Refschedule_employee2` FOREIGN KEY (`employee_id`) REFERENCES `employee` (`employee_id`);

--
-- Filtros para la tabla `subcontractor_employee`
--
ALTER TABLE `subcontractor_employee`
  ADD CONSTRAINT `Refsubcontractor35` FOREIGN KEY (`subcontractor_id`) REFERENCES `subcontractor` (`subcontractor_id`) ON DELETE NO ACTION ON UPDATE NO ACTION;

--
-- Filtros para la tabla `subcontractor_notes`
--
ALTER TABLE `subcontractor_notes`
  ADD CONSTRAINT `Refsubcontractor36` FOREIGN KEY (`subcontractor_id`) REFERENCES `subcontractor` (`subcontractor_id`) ON DELETE NO ACTION ON UPDATE NO ACTION;

--
-- Filtros para la tabla `user`
--
ALTER TABLE `user`
  ADD CONSTRAINT `Refrol6` FOREIGN KEY (`rol_id`) REFERENCES `rol` (`rol_id`);

--
-- Filtros para la tabla `user_permission`
--
ALTER TABLE `user_permission`
  ADD CONSTRAINT `Reffunction4` FOREIGN KEY (`function_id`) REFERENCES `function` (`function_id`),
  ADD CONSTRAINT `Refuser3` FOREIGN KEY (`user_id`) REFERENCES `user` (`user_id`);

--
-- Filtros para la tabla `user_qbwc_token`
--
ALTER TABLE `user_qbwc_token`
  ADD CONSTRAINT `Refuser_qbwc_token1` FOREIGN KEY (`user_id`) REFERENCES `user` (`user_id`);
COMMIT;

/*!40101 SET CHARACTER_SET_CLIENT=@OLD_CHARACTER_SET_CLIENT */;
/*!40101 SET CHARACTER_SET_RESULTS=@OLD_CHARACTER_SET_RESULTS */;
/*!40101 SET COLLATION_CONNECTION=@OLD_COLLATION_CONNECTION */;
